ISO-10303-21;
HEADER;
/* Generated by software containing ST-Developer
 * from STEP Tools, Inc. (www.steptools.com) 
 */
/* OPTION: strings as raw bytes, not using required /X/ escapes */

FILE_DESCRIPTION(
/* description */ ('Unknown'),
/* implementation_level */ '2;1');

FILE_NAME(
/* name */ '744132',
/* time_stamp */ '2017-08-31T15:04:29+08:00',
/* author */ ('Unknown'),
/* organization */ ('Unknown'),
/* preprocessor_version */ 'ST-DEVELOPER v16.7',
/* originating_system */ 'DEX',
/* authorisation */ $);

FILE_SCHEMA (('AUTOMOTIVE_DESIGN {1 0 10303 214 3 1 1}'));
ENDSEC;

DATA;
#10=PROPERTY_DEFINITION_REPRESENTATION(#14,#12);
#11=PROPERTY_DEFINITION_REPRESENTATION(#15,#13);
#12=REPRESENTATION('',(#16),#8315);
#13=REPRESENTATION('',(#17),#8315);
#14=PROPERTY_DEFINITION('pmi validation property','',#8324);
#15=PROPERTY_DEFINITION('pmi validation property','',#8324);
#16=VALUE_REPRESENTATION_ITEM('number of annotations',COUNT_MEASURE(0.));
#17=VALUE_REPRESENTATION_ITEM('number of views',COUNT_MEASURE(0.));
#18=DRAUGHTING_PRE_DEFINED_COLOUR('white');
#19=CONTEXT_DEPENDENT_SHAPE_REPRESENTATION(#23,#8326);
#20=CONTEXT_DEPENDENT_SHAPE_REPRESENTATION(#24,#8328);
#21=NEXT_ASSEMBLY_USAGE_OCCURRENCE('Turns','Turns','Turns',#8329,#8330,
'');
#22=NEXT_ASSEMBLY_USAGE_OCCURRENCE('Core-T68A','Core-T68A','Core-T68A',
#8329,#8331,'');
#23=(
REPRESENTATION_RELATIONSHIP(' ',' ',#3074,#3075)
REPRESENTATION_RELATIONSHIP_WITH_TRANSFORMATION(#25)
SHAPE_REPRESENTATION_RELATIONSHIP()
);
#24=(
REPRESENTATION_RELATIONSHIP(' ',' ',#3076,#3075)
REPRESENTATION_RELATIONSHIP_WITH_TRANSFORMATION(#26)
SHAPE_REPRESENTATION_RELATIONSHIP()
);
#25=ITEM_DEFINED_TRANSFORMATION(' ',' ',#3077,#3358);
#26=ITEM_DEFINED_TRANSFORMATION(' ',' ',#3077,#3375);
#27=SHAPE_REPRESENTATION_RELATIONSHIP('','',#3074,#29);
#28=SHAPE_REPRESENTATION_RELATIONSHIP('','',#3076,#30);
#29=ADVANCED_BREP_SHAPE_REPRESENTATION('',(#3069),#8316);
#30=ADVANCED_BREP_SHAPE_REPRESENTATION('',(#3070),#8317);
#31=TOROIDAL_SURFACE('',#3087,0.910000000000001,0.4);
#32=TOROIDAL_SURFACE('',#3091,0.910000000000001,0.4);
#33=TOROIDAL_SURFACE('',#3101,0.91,0.4);
#34=TOROIDAL_SURFACE('',#3105,0.91,0.4);
#35=TOROIDAL_SURFACE('',#3115,0.909999999999999,0.4);
#36=TOROIDAL_SURFACE('',#3119,0.91,0.4);
#37=TOROIDAL_SURFACE('',#3129,0.909999999999998,0.4);
#38=TOROIDAL_SURFACE('',#3133,0.909999999999997,0.4);
#39=TOROIDAL_SURFACE('',#3143,0.909999999999999,0.4);
#40=TOROIDAL_SURFACE('',#3147,0.909999999999998,0.4);
#41=TOROIDAL_SURFACE('',#3157,0.91,0.4);
#42=TOROIDAL_SURFACE('',#3161,0.909999999999999,0.4);
#43=TOROIDAL_SURFACE('',#3171,0.91,0.4);
#44=TOROIDAL_SURFACE('',#3175,0.910000000000001,0.4);
#45=TOROIDAL_SURFACE('',#3185,0.910000000000001,0.4);
#46=TOROIDAL_SURFACE('',#3189,0.910000000000002,0.4);
#47=TOROIDAL_SURFACE('',#3199,0.91,0.4);
#48=TOROIDAL_SURFACE('',#3203,0.909999999999999,0.4);
#49=TOROIDAL_SURFACE('',#3213,0.91,0.4);
#50=TOROIDAL_SURFACE('',#3217,0.909999999999999,0.4);
#51=TOROIDAL_SURFACE('',#3227,0.909999999999999,0.4);
#52=TOROIDAL_SURFACE('',#3231,0.909999999999999,0.4);
#53=TOROIDAL_SURFACE('',#3241,0.909999999999999,0.4);
#54=TOROIDAL_SURFACE('',#3245,0.91,0.4);
#55=TOROIDAL_SURFACE('',#3255,0.909999999999999,0.4);
#56=TOROIDAL_SURFACE('',#3259,0.91,0.4);
#57=TOROIDAL_SURFACE('',#3269,0.909999999999999,0.4);
#58=TOROIDAL_SURFACE('',#3273,0.909999999999998,0.4);
#59=TOROIDAL_SURFACE('',#3283,0.910000000000001,0.4);
#60=TOROIDAL_SURFACE('',#3287,0.909999999999999,0.4);
#61=TOROIDAL_SURFACE('',#3297,0.910000000000001,0.4);
#62=TOROIDAL_SURFACE('',#3301,0.909999999999999,0.4);
#63=TOROIDAL_SURFACE('',#3311,0.910000000000001,0.4);
#64=TOROIDAL_SURFACE('',#3315,0.910000000000001,0.4);
#65=TOROIDAL_SURFACE('',#3325,0.91,0.4);
#66=TOROIDAL_SURFACE('',#3329,0.91,0.4);
#67=TOROIDAL_SURFACE('',#3339,0.909999999999999,0.4);
#68=TOROIDAL_SURFACE('',#3343,0.909999999999999,0.4);
#69=TOROIDAL_SURFACE('',#3353,0.909999999999999,0.4);
#70=TOROIDAL_SURFACE('',#3371,5.1,0.5);
#71=TOROIDAL_SURFACE('',#3372,5.1,0.5);
#72=TOROIDAL_SURFACE('',#3373,8.35,0.5);
#73=TOROIDAL_SURFACE('',#3374,8.35,0.5);
#74=B_SPLINE_SURFACE_WITH_KNOTS('',3,3,((#4053,#4054,#4055,#4056,#4057),
(#4058,#4059,#4060,#4061,#4062),(#4063,#4064,#4065,#4066,#4067),(#4068,
#4069,#4070,#4071,#4072),(#4073,#4074,#4075,#4076,#4077),(#4078,#4079,#4080,
#4081,#4082),(#4083,#4084,#4085,#4086,#4087),(#4088,#4089,#4090,#4091,#4092),
(#4093,#4094,#4095,#4096,#4097),(#4098,#4099,#4100,#4101,#4102),(#4103,
#4104,#4105,#4106,#4107),(#4108,#4109,#4110,#4111,#4112),(#4113,#4114,#4115,
#4116,#4117),(#4118,#4119,#4120,#4121,#4122),(#4123,#4124,#4125,#4126,#4127),
(#4128,#4129,#4130,#4131,#4132),(#4133,#4134,#4135,#4136,#4137),(#4138,
#4139,#4140,#4141,#4142),(#4143,#4144,#4145,#4146,#4147)),.UNSPECIFIED.,
 .T.,.F.,.F.,(1,1,1,1,1,1,1,1,1,1,1,1,1,1,1,1,1,1,1,1,1,1,1),(4,1,4),(-0.1875,
-0.125,-0.0625,0.,0.0625,0.125,0.1875,0.25,0.3125,0.375,0.4375,0.5,0.5625,
0.625,0.6875,0.75,0.8125,0.875,0.9375,1.,1.0625,1.125,1.1875),(0.996664823028988,
0.998332411514494,1.),.UNSPECIFIED.);
#75=B_SPLINE_SURFACE_WITH_KNOTS('',3,3,((#4167,#4168,#4169,#4170,#4171),
(#4172,#4173,#4174,#4175,#4176),(#4177,#4178,#4179,#4180,#4181),(#4182,
#4183,#4184,#4185,#4186),(#4187,#4188,#4189,#4190,#4191),(#4192,#4193,#4194,
#4195,#4196),(#4197,#4198,#4199,#4200,#4201),(#4202,#4203,#4204,#4205,#4206),
(#4207,#4208,#4209,#4210,#4211),(#4212,#4213,#4214,#4215,#4216),(#4217,
#4218,#4219,#4220,#4221),(#4222,#4223,#4224,#4225,#4226),(#4227,#4228,#4229,
#4230,#4231),(#4232,#4233,#4234,#4235,#4236),(#4237,#4238,#4239,#4240,#4241),
(#4242,#4243,#4244,#4245,#4246),(#4247,#4248,#4249,#4250,#4251),(#4252,
#4253,#4254,#4255,#4256),(#4257,#4258,#4259,#4260,#4261)),.UNSPECIFIED.,
 .T.,.F.,.F.,(1,1,1,1,1,1,1,1,1,1,1,1,1,1,1,1,1,1,1,1,1,1,1),(4,1,4),(-0.1875,
-0.125,-0.0625,0.,0.0625,0.125,0.1875,0.25,0.3125,0.375,0.4375,0.5,0.5625,
0.625,0.6875,0.75,0.8125,0.875,0.9375,1.,1.0625,1.125,1.1875),(0.955895071893976,
0.957482770012864,0.959070468131752),.UNSPECIFIED.);
#76=B_SPLINE_SURFACE_WITH_KNOTS('',3,3,((#4267,#4268,#4269,#4270,#4271),
(#4272,#4273,#4274,#4275,#4276),(#4277,#4278,#4279,#4280,#4281),(#4282,
#4283,#4284,#4285,#4286),(#4287,#4288,#4289,#4290,#4291),(#4292,#4293,#4294,
#4295,#4296),(#4297,#4298,#4299,#4300,#4301),(#4302,#4303,#4304,#4305,#4306),
(#4307,#4308,#4309,#4310,#4311),(#4312,#4313,#4314,#4315,#4316),(#4317,
#4318,#4319,#4320,#4321),(#4322,#4323,#4324,#4325,#4326),(#4327,#4328,#4329,
#4330,#4331),(#4332,#4333,#4334,#4335,#4336),(#4337,#4338,#4339,#4340,#4341),
(#4342,#4343,#4344,#4345,#4346),(#4347,#4348,#4349,#4350,#4351),(#4352,
#4353,#4354,#4355,#4356),(#4357,#4358,#4359,#4360,#4361)),.UNSPECIFIED.,
 .T.,.F.,.F.,(1,1,1,1,1,1,1,1,1,1,1,1,1,1,1,1,1,1,1,1,1,1,1),(4,1,4),(-0.1875,
-0.125,-0.0625,0.,0.0625,0.125,0.1875,0.25,0.3125,0.375,0.4375,0.5,0.5625,
0.625,0.6875,0.75,0.8125,0.875,0.9375,1.,1.0625,1.125,1.1875),(0.945011257797593,
0.946678846145553,0.948346434493513),.UNSPECIFIED.);
#77=B_SPLINE_SURFACE_WITH_KNOTS('',3,3,((#4379,#4380,#4381,#4382,#4383),
(#4384,#4385,#4386,#4387,#4388),(#4389,#4390,#4391,#4392,#4393),(#4394,
#4395,#4396,#4397,#4398),(#4399,#4400,#4401,#4402,#4403),(#4404,#4405,#4406,
#4407,#4408),(#4409,#4410,#4411,#4412,#4413),(#4414,#4415,#4416,#4417,#4418),
(#4419,#4420,#4421,#4422,#4423),(#4424,#4425,#4426,#4427,#4428),(#4429,
#4430,#4431,#4432,#4433),(#4434,#4435,#4436,#4437,#4438),(#4439,#4440,#4441,
#4442,#4443),(#4444,#4445,#4446,#4447,#4448),(#4449,#4450,#4451,#4452,#4453),
(#4454,#4455,#4456,#4457,#4458),(#4459,#4460,#4461,#4462,#4463),(#4464,
#4465,#4466,#4467,#4468),(#4469,#4470,#4471,#4472,#4473)),.UNSPECIFIED.,
 .T.,.F.,.F.,(1,1,1,1,1,1,1,1,1,1,1,1,1,1,1,1,1,1,1,1,1,1,1),(4,1,4),(-0.1875,
-0.125,-0.0625,0.,0.0625,0.125,0.1875,0.25,0.3125,0.375,0.4375,0.5,0.5625,
0.625,0.6875,0.75,0.8125,0.875,0.9375,1.,1.0625,1.125,1.1875),(0.904241506662581,
0.905829204781469,0.907416902900357),.UNSPECIFIED.);
#78=B_SPLINE_SURFACE_WITH_KNOTS('',3,3,((#4479,#4480,#4481,#4482,#4483),
(#4484,#4485,#4486,#4487,#4488),(#4489,#4490,#4491,#4492,#4493),(#4494,
#4495,#4496,#4497,#4498),(#4499,#4500,#4501,#4502,#4503),(#4504,#4505,#4506,
#4507,#4508),(#4509,#4510,#4511,#4512,#4513),(#4514,#4515,#4516,#4517,#4518),
(#4519,#4520,#4521,#4522,#4523),(#4524,#4525,#4526,#4527,#4528),(#4529,
#4530,#4531,#4532,#4533),(#4534,#4535,#4536,#4537,#4538),(#4539,#4540,#4541,
#4542,#4543),(#4544,#4545,#4546,#4547,#4548),(#4549,#4550,#4551,#4552,#4553),
(#4554,#4555,#4556,#4557,#4558),(#4559,#4560,#4561,#4562,#4563),(#4564,
#4565,#4566,#4567,#4568),(#4569,#4570,#4571,#4572,#4573)),.UNSPECIFIED.,
 .T.,.F.,.F.,(1,1,1,1,1,1,1,1,1,1,1,1,1,1,1,1,1,1,1,1,1,1,1),(4,1,4),(-0.1875,
-0.125,-0.0625,0.,0.0625,0.125,0.1875,0.25,0.3125,0.375,0.4375,0.5,0.5625,
0.625,0.6875,0.75,0.8125,0.875,0.9375,1.,1.0625,1.125,1.1875),(0.893357724530774,
0.895025296896446,0.896692869262118),.UNSPECIFIED.);
#79=B_SPLINE_SURFACE_WITH_KNOTS('',3,3,((#4591,#4592,#4593,#4594,#4595),
(#4596,#4597,#4598,#4599,#4600),(#4601,#4602,#4603,#4604,#4605),(#4606,
#4607,#4608,#4609,#4610),(#4611,#4612,#4613,#4614,#4615),(#4616,#4617,#4618,
#4619,#4620),(#4621,#4622,#4623,#4624,#4625),(#4626,#4627,#4628,#4629,#4630),
(#4631,#4632,#4633,#4634,#4635),(#4636,#4637,#4638,#4639,#4640),(#4641,
#4642,#4643,#4644,#4645),(#4646,#4647,#4648,#4649,#4650),(#4651,#4652,#4653,
#4654,#4655),(#4656,#4657,#4658,#4659,#4660),(#4661,#4662,#4663,#4664,#4665),
(#4666,#4667,#4668,#4669,#4670),(#4671,#4672,#4673,#4674,#4675),(#4676,
#4677,#4678,#4679,#4680),(#4681,#4682,#4683,#4684,#4685)),.UNSPECIFIED.,
 .T.,.F.,.F.,(1,1,1,1,1,1,1,1,1,1,1,1,1,1,1,1,1,1,1,1,1,1,1),(4,1,4),(-0.1875,
-0.125,-0.0625,0.,0.0625,0.125,0.1875,0.25,0.3125,0.375,0.4375,0.5,0.5625,
0.625,0.6875,0.75,0.8125,0.875,0.9375,1.,1.0625,1.125,1.1875),(0.852587973395762,
0.854175671514649,0.855763369633537),.UNSPECIFIED.);
#80=B_SPLINE_SURFACE_WITH_KNOTS('',3,3,((#4691,#4692,#4693,#4694,#4695),
(#4696,#4697,#4698,#4699,#4700),(#4701,#4702,#4703,#4704,#4705),(#4706,
#4707,#4708,#4709,#4710),(#4711,#4712,#4713,#4714,#4715),(#4716,#4717,#4718,
#4719,#4720),(#4721,#4722,#4723,#4724,#4725),(#4726,#4727,#4728,#4729,#4730),
(#4731,#4732,#4733,#4734,#4735),(#4736,#4737,#4738,#4739,#4740),(#4741,
#4742,#4743,#4744,#4745),(#4746,#4747,#4748,#4749,#4750),(#4751,#4752,#4753,
#4754,#4755),(#4756,#4757,#4758,#4759,#4760),(#4761,#4762,#4763,#4764,#4765),
(#4766,#4767,#4768,#4769,#4770),(#4771,#4772,#4773,#4774,#4775),(#4776,
#4777,#4778,#4779,#4780),(#4781,#4782,#4783,#4784,#4785)),.UNSPECIFIED.,
 .T.,.F.,.F.,(1,1,1,1,1,1,1,1,1,1,1,1,1,1,1,1,1,1,1,1,1,1,1),(4,1,4),(-0.1875,
-0.125,-0.0625,0.,0.0625,0.125,0.1875,0.25,0.3125,0.375,0.4375,0.5,0.5625,
0.625,0.6875,0.75,0.8125,0.875,0.9375,1.,1.0625,1.125,1.1875),(0.841704159133341,
0.84337174756432,0.845039335995298),.UNSPECIFIED.);
#81=B_SPLINE_SURFACE_WITH_KNOTS('',3,3,((#4803,#4804,#4805,#4806,#4807),
(#4808,#4809,#4810,#4811,#4812),(#4813,#4814,#4815,#4816,#4817),(#4818,
#4819,#4820,#4821,#4822),(#4823,#4824,#4825,#4826,#4827),(#4828,#4829,#4830,
#4831,#4832),(#4833,#4834,#4835,#4836,#4837),(#4838,#4839,#4840,#4841,#4842),
(#4843,#4844,#4845,#4846,#4847),(#4848,#4849,#4850,#4851,#4852),(#4853,
#4854,#4855,#4856,#4857),(#4858,#4859,#4860,#4861,#4862),(#4863,#4864,#4865,
#4866,#4867),(#4868,#4869,#4870,#4871,#4872),(#4873,#4874,#4875,#4876,#4877),
(#4878,#4879,#4880,#4881,#4882),(#4883,#4884,#4885,#4886,#4887),(#4888,
#4889,#4890,#4891,#4892),(#4893,#4894,#4895,#4896,#4897)),.UNSPECIFIED.,
 .T.,.F.,.F.,(1,1,1,1,1,1,1,1,1,1,1,1,1,1,1,1,1,1,1,1,1,1,1),(4,1,4),(-0.1875,
-0.125,-0.0625,0.,0.0625,0.125,0.1875,0.25,0.3125,0.375,0.4375,0.5,0.5625,
0.625,0.6875,0.75,0.8125,0.875,0.9375,1.,1.0625,1.125,1.1875),(0.800934407998329,
0.802522106117217,0.804109804236105),.UNSPECIFIED.);
#82=B_SPLINE_SURFACE_WITH_KNOTS('',3,3,((#4903,#4904,#4905,#4906,#4907),
(#4908,#4909,#4910,#4911,#4912),(#4913,#4914,#4915,#4916,#4917),(#4918,
#4919,#4920,#4921,#4922),(#4923,#4924,#4925,#4926,#4927),(#4928,#4929,#4930,
#4931,#4932),(#4933,#4934,#4935,#4936,#4937),(#4938,#4939,#4940,#4941,#4942),
(#4943,#4944,#4945,#4946,#4947),(#4948,#4949,#4950,#4951,#4952),(#4953,
#4954,#4955,#4956,#4957),(#4958,#4959,#4960,#4961,#4962),(#4963,#4964,#4965,
#4966,#4967),(#4968,#4969,#4970,#4971,#4972),(#4973,#4974,#4975,#4976,#4977),
(#4978,#4979,#4980,#4981,#4982),(#4983,#4984,#4985,#4986,#4987),(#4988,
#4989,#4990,#4991,#4992),(#4993,#4994,#4995,#4996,#4997)),.UNSPECIFIED.,
 .T.,.F.,.F.,(1,1,1,1,1,1,1,1,1,1,1,1,1,1,1,1,1,1,1,1,1,1,1),(4,1,4),(-0.1875,
-0.125,-0.0625,0.,0.0625,0.125,0.1875,0.25,0.3125,0.375,0.4375,0.5,0.5625,
0.625,0.6875,0.75,0.8125,0.875,0.9375,1.,1.0625,1.125,1.1875),(0.790050594311098,
0.791718182454482,0.793385770597866),.UNSPECIFIED.);
#83=B_SPLINE_SURFACE_WITH_KNOTS('',3,3,((#5015,#5016,#5017,#5018,#5019),
(#5020,#5021,#5022,#5023,#5024),(#5025,#5026,#5027,#5028,#5029),(#5030,
#5031,#5032,#5033,#5034),(#5035,#5036,#5037,#5038,#5039),(#5040,#5041,#5042,
#5043,#5044),(#5045,#5046,#5047,#5048,#5049),(#5050,#5051,#5052,#5053,#5054),
(#5055,#5056,#5057,#5058,#5059),(#5060,#5061,#5062,#5063,#5064),(#5065,
#5066,#5067,#5068,#5069),(#5070,#5071,#5072,#5073,#5074),(#5075,#5076,#5077,
#5078,#5079),(#5080,#5081,#5082,#5083,#5084),(#5085,#5086,#5087,#5088,#5089),
(#5090,#5091,#5092,#5093,#5094),(#5095,#5096,#5097,#5098,#5099),(#5100,
#5101,#5102,#5103,#5104),(#5105,#5106,#5107,#5108,#5109)),.UNSPECIFIED.,
 .T.,.F.,.F.,(1,1,1,1,1,1,1,1,1,1,1,1,1,1,1,1,1,1,1,1,1,1,1),(4,1,4),(-0.1875,
-0.125,-0.0625,0.,0.0625,0.125,0.1875,0.25,0.3125,0.375,0.4375,0.5,0.5625,
0.625,0.6875,0.75,0.8125,0.875,0.9375,1.,1.0625,1.125,1.1875),(0.749280843176086,
0.750868541294974,0.752456239413862),.UNSPECIFIED.);
#84=B_SPLINE_SURFACE_WITH_KNOTS('',3,3,((#5115,#5116,#5117,#5118,#5119),
(#5120,#5121,#5122,#5123,#5124),(#5125,#5126,#5127,#5128,#5129),(#5130,
#5131,#5132,#5133,#5134),(#5135,#5136,#5137,#5138,#5139),(#5140,#5141,#5142,
#5143,#5144),(#5145,#5146,#5147,#5148,#5149),(#5150,#5151,#5152,#5153,#5154),
(#5155,#5156,#5157,#5158,#5159),(#5160,#5161,#5162,#5163,#5164),(#5165,
#5166,#5167,#5168,#5169),(#5170,#5171,#5172,#5173,#5174),(#5175,#5176,#5177,
#5178,#5179),(#5180,#5181,#5182,#5183,#5184),(#5185,#5186,#5187,#5188,#5189),
(#5190,#5191,#5192,#5193,#5194),(#5195,#5196,#5197,#5198,#5199),(#5200,
#5201,#5202,#5203,#5204),(#5205,#5206,#5207,#5208,#5209)),.UNSPECIFIED.,
 .T.,.F.,.F.,(1,1,1,1,1,1,1,1,1,1,1,1,1,1,1,1,1,1,1,1,1,1,1),(4,1,4),(-0.1875,
-0.125,-0.0625,0.,0.0625,0.125,0.1875,0.25,0.3125,0.375,0.4375,0.5,0.5625,
0.625,0.6875,0.75,0.8125,0.875,0.9375,1.,1.0625,1.125,1.1875),(0.738397028804612,
0.740064617290118,0.741732205775624),.UNSPECIFIED.);
#85=B_SPLINE_SURFACE_WITH_KNOTS('',3,3,((#5227,#5228,#5229,#5230,#5231),
(#5232,#5233,#5234,#5235,#5236),(#5237,#5238,#5239,#5240,#5241),(#5242,
#5243,#5244,#5245,#5246),(#5247,#5248,#5249,#5250,#5251),(#5252,#5253,#5254,
#5255,#5256),(#5257,#5258,#5259,#5260,#5261),(#5262,#5263,#5264,#5265,#5266),
(#5267,#5268,#5269,#5270,#5271),(#5272,#5273,#5274,#5275,#5276),(#5277,
#5278,#5279,#5280,#5281),(#5282,#5283,#5284,#5285,#5286),(#5287,#5288,#5289,
#5290,#5291),(#5292,#5293,#5294,#5295,#5296),(#5297,#5298,#5299,#5300,#5301),
(#5302,#5303,#5304,#5305,#5306),(#5307,#5308,#5309,#5310,#5311),(#5312,
#5313,#5314,#5315,#5316),(#5317,#5318,#5319,#5320,#5321)),.UNSPECIFIED.,
 .T.,.F.,.F.,(1,1,1,1,1,1,1,1,1,1,1,1,1,1,1,1,1,1,1,1,1,1,1),(4,1,4),(-0.1875,
-0.125,-0.0625,0.,0.0625,0.125,0.1875,0.25,0.3125,0.375,0.4375,0.5,0.5625,
0.625,0.6875,0.75,0.8125,0.875,0.9375,1.,1.0625,1.125,1.1875),(0.6976272776696,
0.699214975788487,0.700802673907376),.UNSPECIFIED.);
#86=B_SPLINE_SURFACE_WITH_KNOTS('',3,3,((#5327,#5328,#5329,#5330,#5331),
(#5332,#5333,#5334,#5335,#5336),(#5337,#5338,#5339,#5340,#5341),(#5342,
#5343,#5344,#5345,#5346),(#5347,#5348,#5349,#5350,#5351),(#5352,#5353,#5354,
#5355,#5356),(#5357,#5358,#5359,#5360,#5361),(#5362,#5363,#5364,#5365,#5366),
(#5367,#5368,#5369,#5370,#5371),(#5372,#5373,#5374,#5375,#5376),(#5377,
#5378,#5379,#5380,#5381),(#5382,#5383,#5384,#5385,#5386),(#5387,#5388,#5389,
#5390,#5391),(#5392,#5393,#5394,#5395,#5396),(#5397,#5398,#5399,#5400,#5401),
(#5402,#5403,#5404,#5405,#5406),(#5407,#5408,#5409,#5410,#5411),(#5412,
#5413,#5414,#5415,#5416),(#5417,#5418,#5419,#5420,#5421)),.UNSPECIFIED.,
 .T.,.F.,.F.,(1,1,1,1,1,1,1,1,1,1,1,1,1,1,1,1,1,1,1,1,1,1,1),(4,1,4),(-0.1875,
-0.125,-0.0625,0.,0.0625,0.125,0.1875,0.25,0.3125,0.375,0.4375,0.5,0.5625,
0.625,0.6875,0.75,0.8125,0.875,0.9375,1.,1.0625,1.125,1.1875),(0.686743463573217,
0.688411051921177,0.690078640269136),.UNSPECIFIED.);
#87=B_SPLINE_SURFACE_WITH_KNOTS('',3,3,((#5439,#5440,#5441,#5442,#5443),
(#5444,#5445,#5446,#5447,#5448),(#5449,#5450,#5451,#5452,#5453),(#5454,
#5455,#5456,#5457,#5458),(#5459,#5460,#5461,#5462,#5463),(#5464,#5465,#5466,
#5467,#5468),(#5469,#5470,#5471,#5472,#5473),(#5474,#5475,#5476,#5477,#5478),
(#5479,#5480,#5481,#5482,#5483),(#5484,#5485,#5486,#5487,#5488),(#5489,
#5490,#5491,#5492,#5493),(#5494,#5495,#5496,#5497,#5498),(#5499,#5500,#5501,
#5502,#5503),(#5504,#5505,#5506,#5507,#5508),(#5509,#5510,#5511,#5512,#5513),
(#5514,#5515,#5516,#5517,#5518),(#5519,#5520,#5521,#5522,#5523),(#5524,
#5525,#5526,#5527,#5528),(#5529,#5530,#5531,#5532,#5533)),.UNSPECIFIED.,
 .T.,.F.,.F.,(1,1,1,1,1,1,1,1,1,1,1,1,1,1,1,1,1,1,1,1,1,1,1),(4,1,4),(-0.1875,
-0.125,-0.0625,0.,0.0625,0.125,0.1875,0.25,0.3125,0.375,0.4375,0.5,0.5625,
0.625,0.6875,0.75,0.8125,0.875,0.9375,1.,1.0625,1.125,1.1875),(0.645973712438205,
0.647561410557093,0.649149108675981),.UNSPECIFIED.);
#88=B_SPLINE_SURFACE_WITH_KNOTS('',3,3,((#5539,#5540,#5541,#5542,#5543),
(#5544,#5545,#5546,#5547,#5548),(#5549,#5550,#5551,#5552,#5553),(#5554,
#5555,#5556,#5557,#5558),(#5559,#5560,#5561,#5562,#5563),(#5564,#5565,#5566,
#5567,#5568),(#5569,#5570,#5571,#5572,#5573),(#5574,#5575,#5576,#5577,#5578),
(#5579,#5580,#5581,#5582,#5583),(#5584,#5585,#5586,#5587,#5588),(#5589,
#5590,#5591,#5592,#5593),(#5594,#5595,#5596,#5597,#5598),(#5599,#5600,#5601,
#5602,#5603),(#5604,#5605,#5606,#5607,#5608),(#5609,#5610,#5611,#5612,#5613),
(#5614,#5615,#5616,#5617,#5618),(#5619,#5620,#5621,#5622,#5623),(#5624,
#5625,#5626,#5627,#5628),(#5629,#5630,#5631,#5632,#5633)),.UNSPECIFIED.,
 .T.,.F.,.F.,(1,1,1,1,1,1,1,1,1,1,1,1,1,1,1,1,1,1,1,1,1,1,1),(4,1,4),(-0.1875,
-0.125,-0.0625,0.,0.0625,0.125,0.1875,0.25,0.3125,0.375,0.4375,0.5,0.5625,
0.625,0.6875,0.75,0.8125,0.875,0.9375,1.,1.0625,1.125,1.1875),(0.635089930306397,
0.636757502672069,0.638425075037742),.UNSPECIFIED.);
#89=B_SPLINE_SURFACE_WITH_KNOTS('',3,3,((#5651,#5652,#5653,#5654,#5655),
(#5656,#5657,#5658,#5659,#5660),(#5661,#5662,#5663,#5664,#5665),(#5666,
#5667,#5668,#5669,#5670),(#5671,#5672,#5673,#5674,#5675),(#5676,#5677,#5678,
#5679,#5680),(#5681,#5682,#5683,#5684,#5685),(#5686,#5687,#5688,#5689,#5690),
(#5691,#5692,#5693,#5694,#5695),(#5696,#5697,#5698,#5699,#5700),(#5701,
#5702,#5703,#5704,#5705),(#5706,#5707,#5708,#5709,#5710),(#5711,#5712,#5713,
#5714,#5715),(#5716,#5717,#5718,#5719,#5720),(#5721,#5722,#5723,#5724,#5725),
(#5726,#5727,#5728,#5729,#5730),(#5731,#5732,#5733,#5734,#5735),(#5736,
#5737,#5738,#5739,#5740),(#5741,#5742,#5743,#5744,#5745)),.UNSPECIFIED.,
 .T.,.F.,.F.,(1,1,1,1,1,1,1,1,1,1,1,1,1,1,1,1,1,1,1,1,1,1,1),(4,1,4),(-0.1875,
-0.125,-0.0625,0.,0.0625,0.125,0.1875,0.25,0.3125,0.375,0.4375,0.5,0.5625,
0.625,0.6875,0.75,0.8125,0.875,0.9375,1.,1.0625,1.125,1.1875),(0.594320179171385,
0.595907877290273,0.597495575409161),.UNSPECIFIED.);
#90=B_SPLINE_SURFACE_WITH_KNOTS('',3,3,((#5751,#5752,#5753,#5754,#5755),
(#5756,#5757,#5758,#5759,#5760),(#5761,#5762,#5763,#5764,#5765),(#5766,
#5767,#5768,#5769,#5770),(#5771,#5772,#5773,#5774,#5775),(#5776,#5777,#5778,
#5779,#5780),(#5781,#5782,#5783,#5784,#5785),(#5786,#5787,#5788,#5789,#5790),
(#5791,#5792,#5793,#5794,#5795),(#5796,#5797,#5798,#5799,#5800),(#5801,
#5802,#5803,#5804,#5805),(#5806,#5807,#5808,#5809,#5810),(#5811,#5812,#5813,
#5814,#5815),(#5816,#5817,#5818,#5819,#5820),(#5821,#5822,#5823,#5824,#5825),
(#5826,#5827,#5828,#5829,#5830),(#5831,#5832,#5833,#5834,#5835),(#5836,
#5837,#5838,#5839,#5840),(#5841,#5842,#5843,#5844,#5845)),.UNSPECIFIED.,
 .T.,.F.,.F.,(1,1,1,1,1,1,1,1,1,1,1,1,1,1,1,1,1,1,1,1,1,1,1),(4,1,4),(-0.1875,
-0.125,-0.0625,0.,0.0625,0.125,0.1875,0.25,0.3125,0.375,0.4375,0.5,0.5625,
0.625,0.6875,0.75,0.8125,0.875,0.9375,1.,1.0625,1.125,1.1875),(0.583436364908965,
0.585103953339944,0.586771541770922),.UNSPECIFIED.);
#91=B_SPLINE_SURFACE_WITH_KNOTS('',3,3,((#5863,#5864,#5865,#5866,#5867),
(#5868,#5869,#5870,#5871,#5872),(#5873,#5874,#5875,#5876,#5877),(#5878,
#5879,#5880,#5881,#5882),(#5883,#5884,#5885,#5886,#5887),(#5888,#5889,#5890,
#5891,#5892),(#5893,#5894,#5895,#5896,#5897),(#5898,#5899,#5900,#5901,#5902),
(#5903,#5904,#5905,#5906,#5907),(#5908,#5909,#5910,#5911,#5912),(#5913,
#5914,#5915,#5916,#5917),(#5918,#5919,#5920,#5921,#5922),(#5923,#5924,#5925,
#5926,#5927),(#5928,#5929,#5930,#5931,#5932),(#5933,#5934,#5935,#5936,#5937),
(#5938,#5939,#5940,#5941,#5942),(#5943,#5944,#5945,#5946,#5947),(#5948,
#5949,#5950,#5951,#5952),(#5953,#5954,#5955,#5956,#5957)),.UNSPECIFIED.,
 .T.,.F.,.F.,(1,1,1,1,1,1,1,1,1,1,1,1,1,1,1,1,1,1,1,1,1,1,1),(4,1,4),(-0.1875,
-0.125,-0.0625,0.,0.0625,0.125,0.1875,0.25,0.3125,0.375,0.4375,0.5,0.5625,
0.625,0.6875,0.75,0.8125,0.875,0.9375,1.,1.0625,1.125,1.1875),(0.542666613773953,
0.544254311892841,0.545842010011729),.UNSPECIFIED.);
#92=B_SPLINE_SURFACE_WITH_KNOTS('',3,3,((#5963,#5964,#5965,#5966,#5967),
(#5968,#5969,#5970,#5971,#5972),(#5973,#5974,#5975,#5976,#5977),(#5978,
#5979,#5980,#5981,#5982),(#5983,#5984,#5985,#5986,#5987),(#5988,#5989,#5990,
#5991,#5992),(#5993,#5994,#5995,#5996,#5997),(#5998,#5999,#6000,#6001,#6002),
(#6003,#6004,#6005,#6006,#6007),(#6008,#6009,#6010,#6011,#6012),(#6013,
#6014,#6015,#6016,#6017),(#6018,#6019,#6020,#6021,#6022),(#6023,#6024,#6025,
#6026,#6027),(#6028,#6029,#6030,#6031,#6032),(#6033,#6034,#6035,#6036,#6037),
(#6038,#6039,#6040,#6041,#6042),(#6043,#6044,#6045,#6046,#6047),(#6048,
#6049,#6050,#6051,#6052),(#6053,#6054,#6055,#6056,#6057)),.UNSPECIFIED.,
 .T.,.F.,.F.,(1,1,1,1,1,1,1,1,1,1,1,1,1,1,1,1,1,1,1,1,1,1,1),(4,1,4),(-0.1875,
-0.125,-0.0625,0.,0.0625,0.125,0.1875,0.25,0.3125,0.375,0.4375,0.5,0.5625,
0.625,0.6875,0.75,0.8125,0.875,0.9375,1.,1.0625,1.125,1.1875),(0.531782800086722,
0.533450388230106,0.53511797637349),.UNSPECIFIED.);
#93=B_SPLINE_SURFACE_WITH_KNOTS('',3,3,((#6075,#6076,#6077,#6078,#6079),
(#6080,#6081,#6082,#6083,#6084),(#6085,#6086,#6087,#6088,#6089),(#6090,
#6091,#6092,#6093,#6094),(#6095,#6096,#6097,#6098,#6099),(#6100,#6101,#6102,
#6103,#6104),(#6105,#6106,#6107,#6108,#6109),(#6110,#6111,#6112,#6113,#6114),
(#6115,#6116,#6117,#6118,#6119),(#6120,#6121,#6122,#6123,#6124),(#6125,
#6126,#6127,#6128,#6129),(#6130,#6131,#6132,#6133,#6134),(#6135,#6136,#6137,
#6138,#6139),(#6140,#6141,#6142,#6143,#6144),(#6145,#6146,#6147,#6148,#6149),
(#6150,#6151,#6152,#6153,#6154),(#6155,#6156,#6157,#6158,#6159),(#6160,
#6161,#6162,#6163,#6164),(#6165,#6166,#6167,#6168,#6169)),.UNSPECIFIED.,
 .T.,.F.,.F.,(1,1,1,1,1,1,1,1,1,1,1,1,1,1,1,1,1,1,1,1,1,1,1),(4,1,4),(-0.1875,
-0.125,-0.0625,0.,0.0625,0.125,0.1875,0.25,0.3125,0.375,0.4375,0.5,0.5625,
0.625,0.6875,0.75,0.8125,0.875,0.9375,1.,1.0625,1.125,1.1875),(0.49101304895171,
0.492600747070598,0.494188445189485),.UNSPECIFIED.);
#94=B_SPLINE_SURFACE_WITH_KNOTS('',3,3,((#6175,#6176,#6177,#6178,#6179),
(#6180,#6181,#6182,#6183,#6184),(#6185,#6186,#6187,#6188,#6189),(#6190,
#6191,#6192,#6193,#6194),(#6195,#6196,#6197,#6198,#6199),(#6200,#6201,#6202,
#6203,#6204),(#6205,#6206,#6207,#6208,#6209),(#6210,#6211,#6212,#6213,#6214),
(#6215,#6216,#6217,#6218,#6219),(#6220,#6221,#6222,#6223,#6224),(#6225,
#6226,#6227,#6228,#6229),(#6230,#6231,#6232,#6233,#6234),(#6235,#6236,#6237,
#6238,#6239),(#6240,#6241,#6242,#6243,#6244),(#6245,#6246,#6247,#6248,#6249),
(#6250,#6251,#6252,#6253,#6254),(#6255,#6256,#6257,#6258,#6259),(#6260,
#6261,#6262,#6263,#6264),(#6265,#6266,#6267,#6268,#6269)),.UNSPECIFIED.,
 .T.,.F.,.F.,(1,1,1,1,1,1,1,1,1,1,1,1,1,1,1,1,1,1,1,1,1,1,1),(4,1,4),(-0.1875,
-0.125,-0.0625,0.,0.0625,0.125,0.1875,0.25,0.3125,0.375,0.4375,0.5,0.5625,
0.625,0.6875,0.75,0.8125,0.875,0.9375,1.,1.0625,1.125,1.1875),(0.480129234580236,
0.481796823065742,0.483464411551248),.UNSPECIFIED.);
#95=B_SPLINE_SURFACE_WITH_KNOTS('',3,3,((#6287,#6288,#6289,#6290,#6291),
(#6292,#6293,#6294,#6295,#6296),(#6297,#6298,#6299,#6300,#6301),(#6302,
#6303,#6304,#6305,#6306),(#6307,#6308,#6309,#6310,#6311),(#6312,#6313,#6314,
#6315,#6316),(#6317,#6318,#6319,#6320,#6321),(#6322,#6323,#6324,#6325,#6326),
(#6327,#6328,#6329,#6330,#6331),(#6332,#6333,#6334,#6335,#6336),(#6337,
#6338,#6339,#6340,#6341),(#6342,#6343,#6344,#6345,#6346),(#6347,#6348,#6349,
#6350,#6351),(#6352,#6353,#6354,#6355,#6356),(#6357,#6358,#6359,#6360,#6361),
(#6362,#6363,#6364,#6365,#6366),(#6367,#6368,#6369,#6370,#6371),(#6372,
#6373,#6374,#6375,#6376),(#6377,#6378,#6379,#6380,#6381)),.UNSPECIFIED.,
 .T.,.F.,.F.,(1,1,1,1,1,1,1,1,1,1,1,1,1,1,1,1,1,1,1,1,1,1,1),(4,1,4),(-0.1875,
-0.125,-0.0625,0.,0.0625,0.125,0.1875,0.25,0.3125,0.375,0.4375,0.5,0.5625,
0.625,0.6875,0.75,0.8125,0.875,0.9375,1.,1.0625,1.125,1.1875),(0.439359483445224,
0.440947181564112,0.442534879683),.UNSPECIFIED.);
#96=B_SPLINE_SURFACE_WITH_KNOTS('',3,3,((#6387,#6388,#6389,#6390,#6391),
(#6392,#6393,#6394,#6395,#6396),(#6397,#6398,#6399,#6400,#6401),(#6402,
#6403,#6404,#6405,#6406),(#6407,#6408,#6409,#6410,#6411),(#6412,#6413,#6414,
#6415,#6416),(#6417,#6418,#6419,#6420,#6421),(#6422,#6423,#6424,#6425,#6426),
(#6427,#6428,#6429,#6430,#6431),(#6432,#6433,#6434,#6435,#6436),(#6437,
#6438,#6439,#6440,#6441),(#6442,#6443,#6444,#6445,#6446),(#6447,#6448,#6449,
#6450,#6451),(#6452,#6453,#6454,#6455,#6456),(#6457,#6458,#6459,#6460,#6461),
(#6462,#6463,#6464,#6465,#6466),(#6467,#6468,#6469,#6470,#6471),(#6472,
#6473,#6474,#6475,#6476),(#6477,#6478,#6479,#6480,#6481)),.UNSPECIFIED.,
 .T.,.F.,.F.,(1,1,1,1,1,1,1,1,1,1,1,1,1,1,1,1,1,1,1,1,1,1,1),(4,1,4),(-0.1875,
-0.125,-0.0625,0.,0.0625,0.125,0.1875,0.25,0.3125,0.375,0.4375,0.5,0.5625,
0.625,0.6875,0.75,0.8125,0.875,0.9375,1.,1.0625,1.125,1.1875),(0.428475669348841,
0.430143257696801,0.431810846044761),.UNSPECIFIED.);
#97=B_SPLINE_SURFACE_WITH_KNOTS('',3,3,((#6499,#6500,#6501,#6502,#6503),
(#6504,#6505,#6506,#6507,#6508),(#6509,#6510,#6511,#6512,#6513),(#6514,
#6515,#6516,#6517,#6518),(#6519,#6520,#6521,#6522,#6523),(#6524,#6525,#6526,
#6527,#6528),(#6529,#6530,#6531,#6532,#6533),(#6534,#6535,#6536,#6537,#6538),
(#6539,#6540,#6541,#6542,#6543),(#6544,#6545,#6546,#6547,#6548),(#6549,
#6550,#6551,#6552,#6553),(#6554,#6555,#6556,#6557,#6558),(#6559,#6560,#6561,
#6562,#6563),(#6564,#6565,#6566,#6567,#6568),(#6569,#6570,#6571,#6572,#6573),
(#6574,#6575,#6576,#6577,#6578),(#6579,#6580,#6581,#6582,#6583),(#6584,
#6585,#6586,#6587,#6588),(#6589,#6590,#6591,#6592,#6593)),.UNSPECIFIED.,
 .T.,.F.,.F.,(1,1,1,1,1,1,1,1,1,1,1,1,1,1,1,1,1,1,1,1,1,1,1),(4,1,4),(-0.1875,
-0.125,-0.0625,0.,0.0625,0.125,0.1875,0.25,0.3125,0.375,0.4375,0.5,0.5625,
0.625,0.6875,0.75,0.8125,0.875,0.9375,1.,1.0625,1.125,1.1875),(0.387705918213829,
0.389293616332717,0.390881314451605),.UNSPECIFIED.);
#98=B_SPLINE_SURFACE_WITH_KNOTS('',3,3,((#6599,#6600,#6601,#6602,#6603),
(#6604,#6605,#6606,#6607,#6608),(#6609,#6610,#6611,#6612,#6613),(#6614,
#6615,#6616,#6617,#6618),(#6619,#6620,#6621,#6622,#6623),(#6624,#6625,#6626,
#6627,#6628),(#6629,#6630,#6631,#6632,#6633),(#6634,#6635,#6636,#6637,#6638),
(#6639,#6640,#6641,#6642,#6643),(#6644,#6645,#6646,#6647,#6648),(#6649,
#6650,#6651,#6652,#6653),(#6654,#6655,#6656,#6657,#6658),(#6659,#6660,#6661,
#6662,#6663),(#6664,#6665,#6666,#6667,#6668),(#6669,#6670,#6671,#6672,#6673),
(#6674,#6675,#6676,#6677,#6678),(#6679,#6680,#6681,#6682,#6683),(#6684,
#6685,#6686,#6687,#6688),(#6689,#6690,#6691,#6692,#6693)),.UNSPECIFIED.,
 .T.,.F.,.F.,(1,1,1,1,1,1,1,1,1,1,1,1,1,1,1,1,1,1,1,1,1,1,1),(4,1,4),(-0.1875,
-0.125,-0.0625,0.,0.0625,0.125,0.1875,0.25,0.3125,0.375,0.4375,0.5,0.5625,
0.625,0.6875,0.75,0.8125,0.875,0.9375,1.,1.0625,1.125,1.1875),(0.376822136082022,
0.378489708447694,0.380157280813366),.UNSPECIFIED.);
#99=B_SPLINE_SURFACE_WITH_KNOTS('',3,3,((#6711,#6712,#6713,#6714,#6715),
(#6716,#6717,#6718,#6719,#6720),(#6721,#6722,#6723,#6724,#6725),(#6726,
#6727,#6728,#6729,#6730),(#6731,#6732,#6733,#6734,#6735),(#6736,#6737,#6738,
#6739,#6740),(#6741,#6742,#6743,#6744,#6745),(#6746,#6747,#6748,#6749,#6750),
(#6751,#6752,#6753,#6754,#6755),(#6756,#6757,#6758,#6759,#6760),(#6761,
#6762,#6763,#6764,#6765),(#6766,#6767,#6768,#6769,#6770),(#6771,#6772,#6773,
#6774,#6775),(#6776,#6777,#6778,#6779,#6780),(#6781,#6782,#6783,#6784,#6785),
(#6786,#6787,#6788,#6789,#6790),(#6791,#6792,#6793,#6794,#6795),(#6796,
#6797,#6798,#6799,#6800),(#6801,#6802,#6803,#6804,#6805)),.UNSPECIFIED.,
 .T.,.F.,.F.,(1,1,1,1,1,1,1,1,1,1,1,1,1,1,1,1,1,1,1,1,1,1,1),(4,1,4),(-0.1875,
-0.125,-0.0625,0.,0.0625,0.125,0.1875,0.25,0.3125,0.375,0.4375,0.5,0.5625,
0.625,0.6875,0.75,0.8125,0.875,0.9375,1.,1.0625,1.125,1.1875),(0.33605238494701,
0.337640083065897,0.339227781184785),.UNSPECIFIED.);
#100=B_SPLINE_SURFACE_WITH_KNOTS('',3,3,((#6811,#6812,#6813,#6814,#6815),
(#6816,#6817,#6818,#6819,#6820),(#6821,#6822,#6823,#6824,#6825),(#6826,
#6827,#6828,#6829,#6830),(#6831,#6832,#6833,#6834,#6835),(#6836,#6837,#6838,
#6839,#6840),(#6841,#6842,#6843,#6844,#6845),(#6846,#6847,#6848,#6849,#6850),
(#6851,#6852,#6853,#6854,#6855),(#6856,#6857,#6858,#6859,#6860),(#6861,
#6862,#6863,#6864,#6865),(#6866,#6867,#6868,#6869,#6870),(#6871,#6872,#6873,
#6874,#6875),(#6876,#6877,#6878,#6879,#6880),(#6881,#6882,#6883,#6884,#6885),
(#6886,#6887,#6888,#6889,#6890),(#6891,#6892,#6893,#6894,#6895),(#6896,
#6897,#6898,#6899,#6900),(#6901,#6902,#6903,#6904,#6905)),.UNSPECIFIED.,
 .T.,.F.,.F.,(1,1,1,1,1,1,1,1,1,1,1,1,1,1,1,1,1,1,1,1,1,1,1),(4,1,4),(-0.1875,
-0.125,-0.0625,0.,0.0625,0.125,0.1875,0.25,0.3125,0.375,0.4375,0.5,0.5625,
0.625,0.6875,0.75,0.8125,0.875,0.9375,1.,1.0625,1.125,1.1875),(0.325168570684589,
0.326836159115568,0.328503747546546),.UNSPECIFIED.);
#101=B_SPLINE_SURFACE_WITH_KNOTS('',3,3,((#6923,#6924,#6925,#6926,#6927),
(#6928,#6929,#6930,#6931,#6932),(#6933,#6934,#6935,#6936,#6937),(#6938,
#6939,#6940,#6941,#6942),(#6943,#6944,#6945,#6946,#6947),(#6948,#6949,#6950,
#6951,#6952),(#6953,#6954,#6955,#6956,#6957),(#6958,#6959,#6960,#6961,#6962),
(#6963,#6964,#6965,#6966,#6967),(#6968,#6969,#6970,#6971,#6972),(#6973,
#6974,#6975,#6976,#6977),(#6978,#6979,#6980,#6981,#6982),(#6983,#6984,#6985,
#6986,#6987),(#6988,#6989,#6990,#6991,#6992),(#6993,#6994,#6995,#6996,#6997),
(#6998,#6999,#7000,#7001,#7002),(#7003,#7004,#7005,#7006,#7007),(#7008,
#7009,#7010,#7011,#7012),(#7013,#7014,#7015,#7016,#7017)),.UNSPECIFIED.,
 .T.,.F.,.F.,(1,1,1,1,1,1,1,1,1,1,1,1,1,1,1,1,1,1,1,1,1,1,1),(4,1,4),(-0.1875,
-0.125,-0.0625,0.,0.0625,0.125,0.1875,0.25,0.3125,0.375,0.4375,0.5,0.5625,
0.625,0.6875,0.75,0.8125,0.875,0.9375,1.,1.0625,1.125,1.1875),(0.284398819549577,
0.285986517668465,0.287574215787353),.UNSPECIFIED.);
#102=B_SPLINE_SURFACE_WITH_KNOTS('',3,3,((#7023,#7024,#7025,#7026,#7027),
(#7028,#7029,#7030,#7031,#7032),(#7033,#7034,#7035,#7036,#7037),(#7038,
#7039,#7040,#7041,#7042),(#7043,#7044,#7045,#7046,#7047),(#7048,#7049,#7050,
#7051,#7052),(#7053,#7054,#7055,#7056,#7057),(#7058,#7059,#7060,#7061,#7062),
(#7063,#7064,#7065,#7066,#7067),(#7068,#7069,#7070,#7071,#7072),(#7073,
#7074,#7075,#7076,#7077),(#7078,#7079,#7080,#7081,#7082),(#7083,#7084,#7085,
#7086,#7087),(#7088,#7089,#7090,#7091,#7092),(#7093,#7094,#7095,#7096,#7097),
(#7098,#7099,#7100,#7101,#7102),(#7103,#7104,#7105,#7106,#7107),(#7108,
#7109,#7110,#7111,#7112),(#7113,#7114,#7115,#7116,#7117)),.UNSPECIFIED.,
 .T.,.F.,.F.,(1,1,1,1,1,1,1,1,1,1,1,1,1,1,1,1,1,1,1,1,1,1,1),(4,1,4),(-0.1875,
-0.125,-0.0625,0.,0.0625,0.125,0.1875,0.25,0.3125,0.375,0.4375,0.5,0.5625,
0.625,0.6875,0.75,0.8125,0.875,0.9375,1.,1.0625,1.125,1.1875),(0.273515005862346,
0.27518259400573,0.276850182149114),.UNSPECIFIED.);
#103=B_SPLINE_SURFACE_WITH_KNOTS('',3,3,((#7135,#7136,#7137,#7138,#7139),
(#7140,#7141,#7142,#7143,#7144),(#7145,#7146,#7147,#7148,#7149),(#7150,
#7151,#7152,#7153,#7154),(#7155,#7156,#7157,#7158,#7159),(#7160,#7161,#7162,
#7163,#7164),(#7165,#7166,#7167,#7168,#7169),(#7170,#7171,#7172,#7173,#7174),
(#7175,#7176,#7177,#7178,#7179),(#7180,#7181,#7182,#7183,#7184),(#7185,
#7186,#7187,#7188,#7189),(#7190,#7191,#7192,#7193,#7194),(#7195,#7196,#7197,
#7198,#7199),(#7200,#7201,#7202,#7203,#7204),(#7205,#7206,#7207,#7208,#7209),
(#7210,#7211,#7212,#7213,#7214),(#7215,#7216,#7217,#7218,#7219),(#7220,
#7221,#7222,#7223,#7224),(#7225,#7226,#7227,#7228,#7229)),.UNSPECIFIED.,
 .T.,.F.,.F.,(1,1,1,1,1,1,1,1,1,1,1,1,1,1,1,1,1,1,1,1,1,1,1),(4,1,4),(-0.1875,
-0.125,-0.0625,0.,0.0625,0.125,0.1875,0.25,0.3125,0.375,0.4375,0.5,0.5625,
0.625,0.6875,0.75,0.8125,0.875,0.9375,1.,1.0625,1.125,1.1875),(0.232745254727334,
0.234332952846222,0.23592065096511),.UNSPECIFIED.);
#104=B_SPLINE_SURFACE_WITH_KNOTS('',3,3,((#7235,#7236,#7237,#7238,#7239),
(#7240,#7241,#7242,#7243,#7244),(#7245,#7246,#7247,#7248,#7249),(#7250,
#7251,#7252,#7253,#7254),(#7255,#7256,#7257,#7258,#7259),(#7260,#7261,#7262,
#7263,#7264),(#7265,#7266,#7267,#7268,#7269),(#7270,#7271,#7272,#7273,#7274),
(#7275,#7276,#7277,#7278,#7279),(#7280,#7281,#7282,#7283,#7284),(#7285,
#7286,#7287,#7288,#7289),(#7290,#7291,#7292,#7293,#7294),(#7295,#7296,#7297,
#7298,#7299),(#7300,#7301,#7302,#7303,#7304),(#7305,#7306,#7307,#7308,#7309),
(#7310,#7311,#7312,#7313,#7314),(#7315,#7316,#7317,#7318,#7319),(#7320,
#7321,#7322,#7323,#7324),(#7325,#7326,#7327,#7328,#7329)),.UNSPECIFIED.,
 .T.,.F.,.F.,(1,1,1,1,1,1,1,1,1,1,1,1,1,1,1,1,1,1,1,1,1,1,1),(4,1,4),(-0.1875,
-0.125,-0.0625,0.,0.0625,0.125,0.1875,0.25,0.3125,0.375,0.4375,0.5,0.5625,
0.625,0.6875,0.75,0.8125,0.875,0.9375,1.,1.0625,1.125,1.1875),(0.22186144035586,
0.223529028841366,0.225196617326872),.UNSPECIFIED.);
#105=B_SPLINE_SURFACE_WITH_KNOTS('',3,3,((#7347,#7348,#7349,#7350,#7351),
(#7352,#7353,#7354,#7355,#7356),(#7357,#7358,#7359,#7360,#7361),(#7362,
#7363,#7364,#7365,#7366),(#7367,#7368,#7369,#7370,#7371),(#7372,#7373,#7374,
#7375,#7376),(#7377,#7378,#7379,#7380,#7381),(#7382,#7383,#7384,#7385,#7386),
(#7387,#7388,#7389,#7390,#7391),(#7392,#7393,#7394,#7395,#7396),(#7397,
#7398,#7399,#7400,#7401),(#7402,#7403,#7404,#7405,#7406),(#7407,#7408,#7409,
#7410,#7411),(#7412,#7413,#7414,#7415,#7416),(#7417,#7418,#7419,#7420,#7421),
(#7422,#7423,#7424,#7425,#7426),(#7427,#7428,#7429,#7430,#7431),(#7432,
#7433,#7434,#7435,#7436),(#7437,#7438,#7439,#7440,#7441)),.UNSPECIFIED.,
 .T.,.F.,.F.,(1,1,1,1,1,1,1,1,1,1,1,1,1,1,1,1,1,1,1,1,1,1,1),(4,1,4),(-0.1875,
-0.125,-0.0625,0.,0.0625,0.125,0.1875,0.25,0.3125,0.375,0.4375,0.5,0.5625,
0.625,0.6875,0.75,0.8125,0.875,0.9375,1.,1.0625,1.125,1.1875),(0.181091689220848,
0.182679387339736,0.184267085458624),.UNSPECIFIED.);
#106=B_SPLINE_SURFACE_WITH_KNOTS('',3,3,((#7447,#7448,#7449,#7450,#7451),
(#7452,#7453,#7454,#7455,#7456),(#7457,#7458,#7459,#7460,#7461),(#7462,
#7463,#7464,#7465,#7466),(#7467,#7468,#7469,#7470,#7471),(#7472,#7473,#7474,
#7475,#7476),(#7477,#7478,#7479,#7480,#7481),(#7482,#7483,#7484,#7485,#7486),
(#7487,#7488,#7489,#7490,#7491),(#7492,#7493,#7494,#7495,#7496),(#7497,
#7498,#7499,#7500,#7501),(#7502,#7503,#7504,#7505,#7506),(#7507,#7508,#7509,
#7510,#7511),(#7512,#7513,#7514,#7515,#7516),(#7517,#7518,#7519,#7520,#7521),
(#7522,#7523,#7524,#7525,#7526),(#7527,#7528,#7529,#7530,#7531),(#7532,
#7533,#7534,#7535,#7536),(#7537,#7538,#7539,#7540,#7541)),.UNSPECIFIED.,
 .T.,.F.,.F.,(1,1,1,1,1,1,1,1,1,1,1,1,1,1,1,1,1,1,1,1,1,1,1),(4,1,4),(-0.1875,
-0.125,-0.0625,0.,0.0625,0.125,0.1875,0.25,0.3125,0.375,0.4375,0.5,0.5625,
0.625,0.6875,0.75,0.8125,0.875,0.9375,1.,1.0625,1.125,1.1875),(0.170207875124466,
0.171875463472425,0.173543051820385),.UNSPECIFIED.);
#107=B_SPLINE_SURFACE_WITH_KNOTS('',3,3,((#7559,#7560,#7561,#7562,#7563),
(#7564,#7565,#7566,#7567,#7568),(#7569,#7570,#7571,#7572,#7573),(#7574,
#7575,#7576,#7577,#7578),(#7579,#7580,#7581,#7582,#7583),(#7584,#7585,#7586,
#7587,#7588),(#7589,#7590,#7591,#7592,#7593),(#7594,#7595,#7596,#7597,#7598),
(#7599,#7600,#7601,#7602,#7603),(#7604,#7605,#7606,#7607,#7608),(#7609,
#7610,#7611,#7612,#7613),(#7614,#7615,#7616,#7617,#7618),(#7619,#7620,#7621,
#7622,#7623),(#7624,#7625,#7626,#7627,#7628),(#7629,#7630,#7631,#7632,#7633),
(#7634,#7635,#7636,#7637,#7638),(#7639,#7640,#7641,#7642,#7643),(#7644,
#7645,#7646,#7647,#7648),(#7649,#7650,#7651,#7652,#7653)),.UNSPECIFIED.,
 .T.,.F.,.F.,(1,1,1,1,1,1,1,1,1,1,1,1,1,1,1,1,1,1,1,1,1,1,1),(4,1,4),(-0.1875,
-0.125,-0.0625,0.,0.0625,0.125,0.1875,0.25,0.3125,0.375,0.4375,0.5,0.5625,
0.625,0.6875,0.75,0.8125,0.875,0.9375,1.,1.0625,1.125,1.1875),(0.129438123989454,
0.131025822108341,0.132613520227229),.UNSPECIFIED.);
#108=B_SPLINE_SURFACE_WITH_KNOTS('',3,3,((#7659,#7660,#7661,#7662,#7663),
(#7664,#7665,#7666,#7667,#7668),(#7669,#7670,#7671,#7672,#7673),(#7674,
#7675,#7676,#7677,#7678),(#7679,#7680,#7681,#7682,#7683),(#7684,#7685,#7686,
#7687,#7688),(#7689,#7690,#7691,#7692,#7693),(#7694,#7695,#7696,#7697,#7698),
(#7699,#7700,#7701,#7702,#7703),(#7704,#7705,#7706,#7707,#7708),(#7709,
#7710,#7711,#7712,#7713),(#7714,#7715,#7716,#7717,#7718),(#7719,#7720,#7721,
#7722,#7723),(#7724,#7725,#7726,#7727,#7728),(#7729,#7730,#7731,#7732,#7733),
(#7734,#7735,#7736,#7737,#7738),(#7739,#7740,#7741,#7742,#7743),(#7744,
#7745,#7746,#7747,#7748),(#7749,#7750,#7751,#7752,#7753)),.UNSPECIFIED.,
 .T.,.F.,.F.,(1,1,1,1,1,1,1,1,1,1,1,1,1,1,1,1,1,1,1,1,1,1,1),(4,1,4),(-0.1875,
-0.125,-0.0625,0.,0.0625,0.125,0.1875,0.25,0.3125,0.375,0.4375,0.5,0.5625,
0.625,0.6875,0.75,0.8125,0.875,0.9375,1.,1.0625,1.125,1.1875),(0.118554341857646,
0.120221914223318,0.12188948658899),.UNSPECIFIED.);
#109=B_SPLINE_SURFACE_WITH_KNOTS('',3,3,((#7771,#7772,#7773,#7774,#7775),
(#7776,#7777,#7778,#7779,#7780),(#7781,#7782,#7783,#7784,#7785),(#7786,
#7787,#7788,#7789,#7790),(#7791,#7792,#7793,#7794,#7795),(#7796,#7797,#7798,
#7799,#7800),(#7801,#7802,#7803,#7804,#7805),(#7806,#7807,#7808,#7809,#7810),
(#7811,#7812,#7813,#7814,#7815),(#7816,#7817,#7818,#7819,#7820),(#7821,
#7822,#7823,#7824,#7825),(#7826,#7827,#7828,#7829,#7830),(#7831,#7832,#7833,
#7834,#7835),(#7836,#7837,#7838,#7839,#7840),(#7841,#7842,#7843,#7844,#7845),
(#7846,#7847,#7848,#7849,#7850),(#7851,#7852,#7853,#7854,#7855),(#7856,
#7857,#7858,#7859,#7860),(#7861,#7862,#7863,#7864,#7865)),.UNSPECIFIED.,
 .T.,.F.,.F.,(1,1,1,1,1,1,1,1,1,1,1,1,1,1,1,1,1,1,1,1,1,1,1),(4,1,4),(-0.1875,
-0.125,-0.0625,0.,0.0625,0.125,0.1875,0.25,0.3125,0.375,0.4375,0.5,0.5625,
0.625,0.6875,0.75,0.8125,0.875,0.9375,1.,1.0625,1.125,1.1875),(0.0777845907226341,
0.0793722888415219,0.0809599869604097),.UNSPECIFIED.);
#110=B_SPLINE_SURFACE_WITH_KNOTS('',3,3,((#7871,#7872,#7873,#7874,#7875),
(#7876,#7877,#7878,#7879,#7880),(#7881,#7882,#7883,#7884,#7885),(#7886,
#7887,#7888,#7889,#7890),(#7891,#7892,#7893,#7894,#7895),(#7896,#7897,#7898,
#7899,#7900),(#7901,#7902,#7903,#7904,#7905),(#7906,#7907,#7908,#7909,#7910),
(#7911,#7912,#7913,#7914,#7915),(#7916,#7917,#7918,#7919,#7920),(#7921,
#7922,#7923,#7924,#7925),(#7926,#7927,#7928,#7929,#7930),(#7931,#7932,#7933,
#7934,#7935),(#7936,#7937,#7938,#7939,#7940),(#7941,#7942,#7943,#7944,#7945),
(#7946,#7947,#7948,#7949,#7950),(#7951,#7952,#7953,#7954,#7955),(#7956,
#7957,#7958,#7959,#7960),(#7961,#7962,#7963,#7964,#7965)),.UNSPECIFIED.,
 .T.,.F.,.F.,(1,1,1,1,1,1,1,1,1,1,1,1,1,1,1,1,1,1,1,1,1,1,1),(4,1,4),(-0.1875,
-0.125,-0.0625,0.,0.0625,0.125,0.1875,0.25,0.3125,0.375,0.4375,0.5,0.5625,
0.625,0.6875,0.75,0.8125,0.875,0.9375,1.,1.0625,1.125,1.1875),(0.0669007764602137,
0.0685683648911922,0.0702359533221708),.UNSPECIFIED.);
#111=B_SPLINE_SURFACE_WITH_KNOTS('',3,3,((#7983,#7984,#7985,#7986,#7987),
(#7988,#7989,#7990,#7991,#7992),(#7993,#7994,#7995,#7996,#7997),(#7998,
#7999,#8000,#8001,#8002),(#8003,#8004,#8005,#8006,#8007),(#8008,#8009,#8010,
#8011,#8012),(#8013,#8014,#8015,#8016,#8017),(#8018,#8019,#8020,#8021,#8022),
(#8023,#8024,#8025,#8026,#8027),(#8028,#8029,#8030,#8031,#8032),(#8033,
#8034,#8035,#8036,#8037),(#8038,#8039,#8040,#8041,#8042),(#8043,#8044,#8045,
#8046,#8047),(#8048,#8049,#8050,#8051,#8052),(#8053,#8054,#8055,#8056,#8057),
(#8058,#8059,#8060,#8061,#8062),(#8063,#8064,#8065,#8066,#8067),(#8068,
#8069,#8070,#8071,#8072),(#8073,#8074,#8075,#8076,#8077)),.UNSPECIFIED.,
 .T.,.F.,.F.,(1,1,1,1,1,1,1,1,1,1,1,1,1,1,1,1,1,1,1,1,1,1,1),(4,1,4),(-0.1875,
-0.125,-0.0625,0.,0.0625,0.125,0.1875,0.25,0.3125,0.375,0.4375,0.5,0.5625,
0.625,0.6875,0.75,0.8125,0.875,0.9375,1.,1.0625,1.125,1.1875),(0.0261310253252018,
0.0277187234440896,0.0293064215629774),.UNSPECIFIED.);
#112=B_SPLINE_SURFACE_WITH_KNOTS('',3,3,((#8083,#8084,#8085,#8086,#8087),
(#8088,#8089,#8090,#8091,#8092),(#8093,#8094,#8095,#8096,#8097),(#8098,
#8099,#8100,#8101,#8102),(#8103,#8104,#8105,#8106,#8107),(#8108,#8109,#8110,
#8111,#8112),(#8113,#8114,#8115,#8116,#8117),(#8118,#8119,#8120,#8121,#8122),
(#8123,#8124,#8125,#8126,#8127),(#8128,#8129,#8130,#8131,#8132),(#8133,
#8134,#8135,#8136,#8137),(#8138,#8139,#8140,#8141,#8142),(#8143,#8144,#8145,
#8146,#8147),(#8148,#8149,#8150,#8151,#8152),(#8153,#8154,#8155,#8156,#8157),
(#8158,#8159,#8160,#8161,#8162),(#8163,#8164,#8165,#8166,#8167),(#8168,
#8169,#8170,#8171,#8172),(#8173,#8174,#8175,#8176,#8177)),.UNSPECIFIED.,
 .T.,.F.,.F.,(1,1,1,1,1,1,1,1,1,1,1,1,1,1,1,1,1,1,1,1,1,1,1),(4,1,4),(-0.1875,
-0.125,-0.0625,0.,0.0625,0.125,0.1875,0.25,0.3125,0.375,0.4375,0.5,0.5625,
0.625,0.6875,0.75,0.8125,0.875,0.9375,1.,1.0625,1.125,1.1875),(0.0152472116379705,
0.0169147997813545,0.0185823879247384),.UNSPECIFIED.);
#113=(
BOUNDED_SURFACE()
B_SPLINE_SURFACE(3,3,((#3981,#3982,#3983,#3984,#3985,#3986,#3987,#3988,
#3989,#3990),(#3991,#3992,#3993,#3994,#3995,#3996,#3997,#3998,#3999,#4000),
(#4001,#4002,#4003,#4004,#4005,#4006,#4007,#4008,#4009,#4010),(#4011,#4012,
#4013,#4014,#4015,#4016,#4017,#4018,#4019,#4020),(#4021,#4022,#4023,#4024,
#4025,#4026,#4027,#4028,#4029,#4030),(#4031,#4032,#4033,#4034,#4035,#4036,
#4037,#4038,#4039,#4040),(#4041,#4042,#4043,#4044,#4045,#4046,#4047,#4048,
#4049,#4050)),.UNSPECIFIED.,.T.,.F.,.F.)
B_SPLINE_SURFACE_WITH_KNOTS((4,3,4),(4,2,2,2,4),(0.,0.5,1.),(0.,0.25,0.5,
0.75,1.),.UNSPECIFIED.)
GEOMETRIC_REPRESENTATION_ITEM()
RATIONAL_B_SPLINE_SURFACE(((1.,1.,1.,1.,1.,1.,1.,1.,1.,1.),(0.333333333333333,
0.333333333333333,0.333333333333333,0.333333333333333,0.333333333333333,
0.333333333333333,0.333333333333333,0.333333333333333,0.333333333333333,
0.333333333333333),(0.333333333333333,0.333333333333333,0.333333333333333,
0.333333333333333,0.333333333333333,0.333333333333333,0.333333333333333,
0.333333333333333,0.333333333333333,0.333333333333333),(1.,1.,1.,1.,1.,
1.,1.,1.,1.,1.),(0.333333333333333,0.333333333333333,0.333333333333333,
0.333333333333333,0.333333333333333,0.333333333333333,0.333333333333333,
0.333333333333333,0.333333333333333,0.333333333333333),(0.333333333333333,
0.333333333333333,0.333333333333333,0.333333333333333,0.333333333333333,
0.333333333333333,0.333333333333333,0.333333333333333,0.333333333333333,
0.333333333333333),(1.,1.,1.,1.,1.,1.,1.,1.,1.,1.)))
REPRESENTATION_ITEM('')
SURFACE()
);
#114=(
BOUNDED_SURFACE()
B_SPLINE_SURFACE(3,3,((#8184,#8185,#8186,#8187,#8188,#8189,#8190,#8191,
#8192,#8193,#8194,#8195,#8196,#8197),(#8198,#8199,#8200,#8201,#8202,#8203,
#8204,#8205,#8206,#8207,#8208,#8209,#8210,#8211),(#8212,#8213,#8214,#8215,
#8216,#8217,#8218,#8219,#8220,#8221,#8222,#8223,#8224,#8225),(#8226,#8227,
#8228,#8229,#8230,#8231,#8232,#8233,#8234,#8235,#8236,#8237,#8238,#8239),
(#8240,#8241,#8242,#8243,#8244,#8245,#8246,#8247,#8248,#8249,#8250,#8251,
#8252,#8253),(#8254,#8255,#8256,#8257,#8258,#8259,#8260,#8261,#8262,#8263,
#8264,#8265,#8266,#8267),(#8268,#8269,#8270,#8271,#8272,#8273,#8274,#8275,
#8276,#8277,#8278,#8279,#8280,#8281)),.UNSPECIFIED.,.T.,.F.,.F.)
B_SPLINE_SURFACE_WITH_KNOTS((4,3,4),(4,2,2,2,2,2,4),(0.,0.5,1.),(0.,0.125,
0.25,0.5,0.75,0.875,1.),.UNSPECIFIED.)
GEOMETRIC_REPRESENTATION_ITEM()
RATIONAL_B_SPLINE_SURFACE(((1.,1.,1.,1.,1.,1.,1.,1.,1.,1.,1.,1.,1.,1.),
(0.333333333333333,0.333333333333333,0.333333333333333,0.333333333333333,
0.333333333333333,0.333333333333333,0.333333333333333,0.333333333333333,
0.333333333333333,0.333333333333333,0.333333333333333,0.333333333333333,
0.333333333333333,0.333333333333333),(0.333333333333333,0.333333333333333,
0.333333333333333,0.333333333333333,0.333333333333333,0.333333333333333,
0.333333333333333,0.333333333333333,0.333333333333333,0.333333333333333,
0.333333333333333,0.333333333333333,0.333333333333333,0.333333333333333),
(1.,1.,1.,1.,1.,1.,1.,1.,1.,1.,1.,1.,1.,1.),(0.333333333333333,0.333333333333333,
0.333333333333333,0.333333333333333,0.333333333333333,0.333333333333333,
0.333333333333333,0.333333333333333,0.333333333333333,0.333333333333333,
0.333333333333333,0.333333333333333,0.333333333333333,0.333333333333333),
(0.333333333333333,0.333333333333333,0.333333333333333,0.333333333333333,
0.333333333333333,0.333333333333333,0.333333333333333,0.333333333333333,
0.333333333333333,0.333333333333333,0.333333333333333,0.333333333333333,
0.333333333333333,0.333333333333333),(1.,1.,1.,1.,1.,1.,1.,1.,1.,1.,1.,
1.,1.,1.)))
REPRESENTATION_ITEM('')
SURFACE()
);
#115=PLANE('',#3081);
#116=PLANE('',#3357);
#117=PLANE('',#3362);
#118=PLANE('',#3368);
#119=ORIENTED_EDGE('',*,*,#455,.F.);
#120=ORIENTED_EDGE('',*,*,#456,.F.);
#121=ORIENTED_EDGE('',*,*,#456,.T.);
#122=ORIENTED_EDGE('',*,*,#455,.T.);
#123=ORIENTED_EDGE('',*,*,#457,.T.);
#124=ORIENTED_EDGE('',*,*,#458,.F.);
#125=ORIENTED_EDGE('',*,*,#459,.F.);
#126=ORIENTED_EDGE('',*,*,#459,.T.);
#127=ORIENTED_EDGE('',*,*,#460,.F.);
#128=ORIENTED_EDGE('',*,*,#460,.T.);
#129=ORIENTED_EDGE('',*,*,#461,.F.);
#130=ORIENTED_EDGE('',*,*,#461,.T.);
#131=ORIENTED_EDGE('',*,*,#462,.F.);
#132=ORIENTED_EDGE('',*,*,#462,.T.);
#133=ORIENTED_EDGE('',*,*,#463,.F.);
#134=ORIENTED_EDGE('',*,*,#463,.T.);
#135=ORIENTED_EDGE('',*,*,#464,.F.);
#136=ORIENTED_EDGE('',*,*,#464,.T.);
#137=ORIENTED_EDGE('',*,*,#465,.F.);
#138=ORIENTED_EDGE('',*,*,#465,.T.);
#139=ORIENTED_EDGE('',*,*,#466,.F.);
#140=ORIENTED_EDGE('',*,*,#466,.T.);
#141=ORIENTED_EDGE('',*,*,#467,.F.);
#142=ORIENTED_EDGE('',*,*,#467,.T.);
#143=ORIENTED_EDGE('',*,*,#468,.F.);
#144=ORIENTED_EDGE('',*,*,#468,.T.);
#145=ORIENTED_EDGE('',*,*,#469,.F.);
#146=ORIENTED_EDGE('',*,*,#469,.T.);
#147=ORIENTED_EDGE('',*,*,#470,.F.);
#148=ORIENTED_EDGE('',*,*,#470,.T.);
#149=ORIENTED_EDGE('',*,*,#471,.F.);
#150=ORIENTED_EDGE('',*,*,#471,.T.);
#151=ORIENTED_EDGE('',*,*,#472,.F.);
#152=ORIENTED_EDGE('',*,*,#472,.T.);
#153=ORIENTED_EDGE('',*,*,#473,.F.);
#154=ORIENTED_EDGE('',*,*,#473,.T.);
#155=ORIENTED_EDGE('',*,*,#474,.F.);
#156=ORIENTED_EDGE('',*,*,#474,.T.);
#157=ORIENTED_EDGE('',*,*,#475,.F.);
#158=ORIENTED_EDGE('',*,*,#475,.T.);
#159=ORIENTED_EDGE('',*,*,#476,.F.);
#160=ORIENTED_EDGE('',*,*,#476,.T.);
#161=ORIENTED_EDGE('',*,*,#477,.F.);
#162=ORIENTED_EDGE('',*,*,#477,.T.);
#163=ORIENTED_EDGE('',*,*,#478,.F.);
#164=ORIENTED_EDGE('',*,*,#478,.T.);
#165=ORIENTED_EDGE('',*,*,#479,.F.);
#166=ORIENTED_EDGE('',*,*,#479,.T.);
#167=ORIENTED_EDGE('',*,*,#480,.F.);
#168=ORIENTED_EDGE('',*,*,#480,.T.);
#169=ORIENTED_EDGE('',*,*,#481,.F.);
#170=ORIENTED_EDGE('',*,*,#481,.T.);
#171=ORIENTED_EDGE('',*,*,#482,.F.);
#172=ORIENTED_EDGE('',*,*,#482,.T.);
#173=ORIENTED_EDGE('',*,*,#483,.F.);
#174=ORIENTED_EDGE('',*,*,#483,.T.);
#175=ORIENTED_EDGE('',*,*,#484,.F.);
#176=ORIENTED_EDGE('',*,*,#484,.T.);
#177=ORIENTED_EDGE('',*,*,#485,.F.);
#178=ORIENTED_EDGE('',*,*,#485,.T.);
#179=ORIENTED_EDGE('',*,*,#486,.F.);
#180=ORIENTED_EDGE('',*,*,#486,.T.);
#181=ORIENTED_EDGE('',*,*,#487,.F.);
#182=ORIENTED_EDGE('',*,*,#487,.T.);
#183=ORIENTED_EDGE('',*,*,#488,.F.);
#184=ORIENTED_EDGE('',*,*,#488,.T.);
#185=ORIENTED_EDGE('',*,*,#489,.F.);
#186=ORIENTED_EDGE('',*,*,#489,.T.);
#187=ORIENTED_EDGE('',*,*,#490,.F.);
#188=ORIENTED_EDGE('',*,*,#490,.T.);
#189=ORIENTED_EDGE('',*,*,#491,.F.);
#190=ORIENTED_EDGE('',*,*,#491,.T.);
#191=ORIENTED_EDGE('',*,*,#492,.F.);
#192=ORIENTED_EDGE('',*,*,#492,.T.);
#193=ORIENTED_EDGE('',*,*,#493,.F.);
#194=ORIENTED_EDGE('',*,*,#493,.T.);
#195=ORIENTED_EDGE('',*,*,#494,.F.);
#196=ORIENTED_EDGE('',*,*,#494,.T.);
#197=ORIENTED_EDGE('',*,*,#495,.F.);
#198=ORIENTED_EDGE('',*,*,#495,.T.);
#199=ORIENTED_EDGE('',*,*,#496,.F.);
#200=ORIENTED_EDGE('',*,*,#496,.T.);
#201=ORIENTED_EDGE('',*,*,#497,.F.);
#202=ORIENTED_EDGE('',*,*,#497,.T.);
#203=ORIENTED_EDGE('',*,*,#498,.F.);
#204=ORIENTED_EDGE('',*,*,#498,.T.);
#205=ORIENTED_EDGE('',*,*,#499,.F.);
#206=ORIENTED_EDGE('',*,*,#499,.T.);
#207=ORIENTED_EDGE('',*,*,#500,.F.);
#208=ORIENTED_EDGE('',*,*,#500,.T.);
#209=ORIENTED_EDGE('',*,*,#501,.F.);
#210=ORIENTED_EDGE('',*,*,#501,.T.);
#211=ORIENTED_EDGE('',*,*,#502,.F.);
#212=ORIENTED_EDGE('',*,*,#502,.T.);
#213=ORIENTED_EDGE('',*,*,#503,.F.);
#214=ORIENTED_EDGE('',*,*,#503,.T.);
#215=ORIENTED_EDGE('',*,*,#504,.F.);
#216=ORIENTED_EDGE('',*,*,#504,.T.);
#217=ORIENTED_EDGE('',*,*,#505,.F.);
#218=ORIENTED_EDGE('',*,*,#505,.T.);
#219=ORIENTED_EDGE('',*,*,#506,.F.);
#220=ORIENTED_EDGE('',*,*,#506,.T.);
#221=ORIENTED_EDGE('',*,*,#507,.F.);
#222=ORIENTED_EDGE('',*,*,#507,.T.);
#223=ORIENTED_EDGE('',*,*,#508,.F.);
#224=ORIENTED_EDGE('',*,*,#508,.T.);
#225=ORIENTED_EDGE('',*,*,#509,.F.);
#226=ORIENTED_EDGE('',*,*,#509,.T.);
#227=ORIENTED_EDGE('',*,*,#510,.F.);
#228=ORIENTED_EDGE('',*,*,#510,.T.);
#229=ORIENTED_EDGE('',*,*,#511,.F.);
#230=ORIENTED_EDGE('',*,*,#511,.T.);
#231=ORIENTED_EDGE('',*,*,#512,.F.);
#232=ORIENTED_EDGE('',*,*,#512,.T.);
#233=ORIENTED_EDGE('',*,*,#513,.F.);
#234=ORIENTED_EDGE('',*,*,#513,.T.);
#235=ORIENTED_EDGE('',*,*,#514,.F.);
#236=ORIENTED_EDGE('',*,*,#514,.T.);
#237=ORIENTED_EDGE('',*,*,#515,.F.);
#238=ORIENTED_EDGE('',*,*,#515,.T.);
#239=ORIENTED_EDGE('',*,*,#516,.F.);
#240=ORIENTED_EDGE('',*,*,#516,.T.);
#241=ORIENTED_EDGE('',*,*,#517,.F.);
#242=ORIENTED_EDGE('',*,*,#517,.T.);
#243=ORIENTED_EDGE('',*,*,#518,.F.);
#244=ORIENTED_EDGE('',*,*,#518,.T.);
#245=ORIENTED_EDGE('',*,*,#519,.F.);
#246=ORIENTED_EDGE('',*,*,#519,.T.);
#247=ORIENTED_EDGE('',*,*,#520,.F.);
#248=ORIENTED_EDGE('',*,*,#520,.T.);
#249=ORIENTED_EDGE('',*,*,#521,.F.);
#250=ORIENTED_EDGE('',*,*,#521,.T.);
#251=ORIENTED_EDGE('',*,*,#522,.F.);
#252=ORIENTED_EDGE('',*,*,#522,.T.);
#253=ORIENTED_EDGE('',*,*,#523,.F.);
#254=ORIENTED_EDGE('',*,*,#523,.T.);
#255=ORIENTED_EDGE('',*,*,#524,.F.);
#256=ORIENTED_EDGE('',*,*,#524,.T.);
#257=ORIENTED_EDGE('',*,*,#525,.F.);
#258=ORIENTED_EDGE('',*,*,#525,.T.);
#259=ORIENTED_EDGE('',*,*,#526,.F.);
#260=ORIENTED_EDGE('',*,*,#526,.T.);
#261=ORIENTED_EDGE('',*,*,#527,.F.);
#262=ORIENTED_EDGE('',*,*,#527,.T.);
#263=ORIENTED_EDGE('',*,*,#528,.F.);
#264=ORIENTED_EDGE('',*,*,#528,.T.);
#265=ORIENTED_EDGE('',*,*,#529,.F.);
#266=ORIENTED_EDGE('',*,*,#529,.T.);
#267=ORIENTED_EDGE('',*,*,#530,.F.);
#268=ORIENTED_EDGE('',*,*,#530,.T.);
#269=ORIENTED_EDGE('',*,*,#531,.F.);
#270=ORIENTED_EDGE('',*,*,#531,.T.);
#271=ORIENTED_EDGE('',*,*,#532,.F.);
#272=ORIENTED_EDGE('',*,*,#532,.T.);
#273=ORIENTED_EDGE('',*,*,#533,.F.);
#274=ORIENTED_EDGE('',*,*,#533,.T.);
#275=ORIENTED_EDGE('',*,*,#534,.F.);
#276=ORIENTED_EDGE('',*,*,#534,.T.);
#277=ORIENTED_EDGE('',*,*,#535,.F.);
#278=ORIENTED_EDGE('',*,*,#535,.T.);
#279=ORIENTED_EDGE('',*,*,#536,.F.);
#280=ORIENTED_EDGE('',*,*,#536,.T.);
#281=ORIENTED_EDGE('',*,*,#537,.F.);
#282=ORIENTED_EDGE('',*,*,#537,.T.);
#283=ORIENTED_EDGE('',*,*,#538,.F.);
#284=ORIENTED_EDGE('',*,*,#538,.T.);
#285=ORIENTED_EDGE('',*,*,#539,.F.);
#286=ORIENTED_EDGE('',*,*,#539,.T.);
#287=ORIENTED_EDGE('',*,*,#540,.F.);
#288=ORIENTED_EDGE('',*,*,#540,.T.);
#289=ORIENTED_EDGE('',*,*,#541,.F.);
#290=ORIENTED_EDGE('',*,*,#541,.T.);
#291=ORIENTED_EDGE('',*,*,#542,.F.);
#292=ORIENTED_EDGE('',*,*,#542,.T.);
#293=ORIENTED_EDGE('',*,*,#543,.F.);
#294=ORIENTED_EDGE('',*,*,#543,.T.);
#295=ORIENTED_EDGE('',*,*,#544,.F.);
#296=ORIENTED_EDGE('',*,*,#544,.T.);
#297=ORIENTED_EDGE('',*,*,#545,.F.);
#298=ORIENTED_EDGE('',*,*,#545,.T.);
#299=ORIENTED_EDGE('',*,*,#546,.F.);
#300=ORIENTED_EDGE('',*,*,#546,.T.);
#301=ORIENTED_EDGE('',*,*,#547,.F.);
#302=ORIENTED_EDGE('',*,*,#547,.T.);
#303=ORIENTED_EDGE('',*,*,#548,.F.);
#304=ORIENTED_EDGE('',*,*,#548,.T.);
#305=ORIENTED_EDGE('',*,*,#549,.F.);
#306=ORIENTED_EDGE('',*,*,#549,.T.);
#307=ORIENTED_EDGE('',*,*,#550,.F.);
#308=ORIENTED_EDGE('',*,*,#550,.T.);
#309=ORIENTED_EDGE('',*,*,#551,.F.);
#310=ORIENTED_EDGE('',*,*,#551,.T.);
#311=ORIENTED_EDGE('',*,*,#552,.F.);
#312=ORIENTED_EDGE('',*,*,#552,.T.);
#313=ORIENTED_EDGE('',*,*,#553,.F.);
#314=ORIENTED_EDGE('',*,*,#553,.T.);
#315=ORIENTED_EDGE('',*,*,#554,.F.);
#316=ORIENTED_EDGE('',*,*,#554,.T.);
#317=ORIENTED_EDGE('',*,*,#555,.F.);
#318=ORIENTED_EDGE('',*,*,#555,.T.);
#319=ORIENTED_EDGE('',*,*,#556,.F.);
#320=ORIENTED_EDGE('',*,*,#556,.T.);
#321=ORIENTED_EDGE('',*,*,#557,.F.);
#322=ORIENTED_EDGE('',*,*,#557,.T.);
#323=ORIENTED_EDGE('',*,*,#558,.F.);
#324=ORIENTED_EDGE('',*,*,#558,.T.);
#325=ORIENTED_EDGE('',*,*,#559,.F.);
#326=ORIENTED_EDGE('',*,*,#559,.T.);
#327=ORIENTED_EDGE('',*,*,#560,.F.);
#328=ORIENTED_EDGE('',*,*,#560,.T.);
#329=ORIENTED_EDGE('',*,*,#561,.F.);
#330=ORIENTED_EDGE('',*,*,#561,.T.);
#331=ORIENTED_EDGE('',*,*,#562,.F.);
#332=ORIENTED_EDGE('',*,*,#562,.T.);
#333=ORIENTED_EDGE('',*,*,#563,.F.);
#334=ORIENTED_EDGE('',*,*,#563,.T.);
#335=ORIENTED_EDGE('',*,*,#564,.F.);
#336=ORIENTED_EDGE('',*,*,#564,.T.);
#337=ORIENTED_EDGE('',*,*,#565,.F.);
#338=ORIENTED_EDGE('',*,*,#565,.T.);
#339=ORIENTED_EDGE('',*,*,#566,.F.);
#340=ORIENTED_EDGE('',*,*,#566,.T.);
#341=ORIENTED_EDGE('',*,*,#567,.F.);
#342=ORIENTED_EDGE('',*,*,#567,.T.);
#343=ORIENTED_EDGE('',*,*,#568,.F.);
#344=ORIENTED_EDGE('',*,*,#568,.T.);
#345=ORIENTED_EDGE('',*,*,#569,.F.);
#346=ORIENTED_EDGE('',*,*,#569,.T.);
#347=ORIENTED_EDGE('',*,*,#570,.F.);
#348=ORIENTED_EDGE('',*,*,#570,.T.);
#349=ORIENTED_EDGE('',*,*,#571,.F.);
#350=ORIENTED_EDGE('',*,*,#571,.T.);
#351=ORIENTED_EDGE('',*,*,#572,.F.);
#352=ORIENTED_EDGE('',*,*,#572,.T.);
#353=ORIENTED_EDGE('',*,*,#573,.F.);
#354=ORIENTED_EDGE('',*,*,#573,.T.);
#355=ORIENTED_EDGE('',*,*,#574,.F.);
#356=ORIENTED_EDGE('',*,*,#574,.T.);
#357=ORIENTED_EDGE('',*,*,#575,.F.);
#358=ORIENTED_EDGE('',*,*,#575,.T.);
#359=ORIENTED_EDGE('',*,*,#576,.F.);
#360=ORIENTED_EDGE('',*,*,#576,.T.);
#361=ORIENTED_EDGE('',*,*,#577,.F.);
#362=ORIENTED_EDGE('',*,*,#577,.T.);
#363=ORIENTED_EDGE('',*,*,#578,.F.);
#364=ORIENTED_EDGE('',*,*,#578,.T.);
#365=ORIENTED_EDGE('',*,*,#579,.F.);
#366=ORIENTED_EDGE('',*,*,#579,.T.);
#367=ORIENTED_EDGE('',*,*,#580,.F.);
#368=ORIENTED_EDGE('',*,*,#580,.T.);
#369=ORIENTED_EDGE('',*,*,#581,.F.);
#370=ORIENTED_EDGE('',*,*,#581,.T.);
#371=ORIENTED_EDGE('',*,*,#582,.F.);
#372=ORIENTED_EDGE('',*,*,#582,.T.);
#373=ORIENTED_EDGE('',*,*,#583,.F.);
#374=ORIENTED_EDGE('',*,*,#583,.T.);
#375=ORIENTED_EDGE('',*,*,#584,.F.);
#376=ORIENTED_EDGE('',*,*,#584,.T.);
#377=ORIENTED_EDGE('',*,*,#585,.F.);
#378=ORIENTED_EDGE('',*,*,#585,.T.);
#379=ORIENTED_EDGE('',*,*,#586,.F.);
#380=ORIENTED_EDGE('',*,*,#586,.T.);
#381=ORIENTED_EDGE('',*,*,#587,.F.);
#382=ORIENTED_EDGE('',*,*,#587,.T.);
#383=ORIENTED_EDGE('',*,*,#588,.F.);
#384=ORIENTED_EDGE('',*,*,#588,.T.);
#385=ORIENTED_EDGE('',*,*,#589,.F.);
#386=ORIENTED_EDGE('',*,*,#589,.T.);
#387=ORIENTED_EDGE('',*,*,#590,.F.);
#388=ORIENTED_EDGE('',*,*,#590,.T.);
#389=ORIENTED_EDGE('',*,*,#591,.F.);
#390=ORIENTED_EDGE('',*,*,#591,.T.);
#391=ORIENTED_EDGE('',*,*,#592,.F.);
#392=ORIENTED_EDGE('',*,*,#592,.T.);
#393=ORIENTED_EDGE('',*,*,#593,.F.);
#394=ORIENTED_EDGE('',*,*,#593,.T.);
#395=ORIENTED_EDGE('',*,*,#594,.F.);
#396=ORIENTED_EDGE('',*,*,#594,.T.);
#397=ORIENTED_EDGE('',*,*,#595,.F.);
#398=ORIENTED_EDGE('',*,*,#595,.T.);
#399=ORIENTED_EDGE('',*,*,#596,.F.);
#400=ORIENTED_EDGE('',*,*,#596,.T.);
#401=ORIENTED_EDGE('',*,*,#597,.F.);
#402=ORIENTED_EDGE('',*,*,#597,.T.);
#403=ORIENTED_EDGE('',*,*,#598,.F.);
#404=ORIENTED_EDGE('',*,*,#598,.T.);
#405=ORIENTED_EDGE('',*,*,#599,.F.);
#406=ORIENTED_EDGE('',*,*,#599,.T.);
#407=ORIENTED_EDGE('',*,*,#600,.F.);
#408=ORIENTED_EDGE('',*,*,#600,.T.);
#409=ORIENTED_EDGE('',*,*,#601,.F.);
#410=ORIENTED_EDGE('',*,*,#601,.T.);
#411=ORIENTED_EDGE('',*,*,#602,.F.);
#412=ORIENTED_EDGE('',*,*,#602,.T.);
#413=ORIENTED_EDGE('',*,*,#603,.F.);
#414=ORIENTED_EDGE('',*,*,#603,.T.);
#415=ORIENTED_EDGE('',*,*,#604,.F.);
#416=ORIENTED_EDGE('',*,*,#604,.T.);
#417=ORIENTED_EDGE('',*,*,#605,.F.);
#418=ORIENTED_EDGE('',*,*,#605,.T.);
#419=ORIENTED_EDGE('',*,*,#606,.F.);
#420=ORIENTED_EDGE('',*,*,#606,.T.);
#421=ORIENTED_EDGE('',*,*,#607,.F.);
#422=ORIENTED_EDGE('',*,*,#607,.T.);
#423=ORIENTED_EDGE('',*,*,#608,.F.);
#424=ORIENTED_EDGE('',*,*,#608,.T.);
#425=ORIENTED_EDGE('',*,*,#609,.F.);
#426=ORIENTED_EDGE('',*,*,#609,.T.);
#427=ORIENTED_EDGE('',*,*,#610,.F.);
#428=ORIENTED_EDGE('',*,*,#610,.T.);
#429=ORIENTED_EDGE('',*,*,#611,.F.);
#430=ORIENTED_EDGE('',*,*,#611,.T.);
#431=ORIENTED_EDGE('',*,*,#612,.F.);
#432=ORIENTED_EDGE('',*,*,#612,.T.);
#433=ORIENTED_EDGE('',*,*,#457,.F.);
#434=ORIENTED_EDGE('',*,*,#613,.T.);
#435=ORIENTED_EDGE('',*,*,#458,.T.);
#436=ORIENTED_EDGE('',*,*,#613,.F.);
#437=ORIENTED_EDGE('',*,*,#614,.T.);
#438=ORIENTED_EDGE('',*,*,#614,.F.);
#439=ORIENTED_EDGE('',*,*,#615,.T.);
#440=ORIENTED_EDGE('',*,*,#616,.T.);
#441=ORIENTED_EDGE('',*,*,#617,.T.);
#442=ORIENTED_EDGE('',*,*,#618,.T.);
#443=ORIENTED_EDGE('',*,*,#619,.T.);
#444=ORIENTED_EDGE('',*,*,#620,.T.);
#445=ORIENTED_EDGE('',*,*,#621,.T.);
#446=ORIENTED_EDGE('',*,*,#622,.T.);
#447=ORIENTED_EDGE('',*,*,#618,.F.);
#448=ORIENTED_EDGE('',*,*,#620,.F.);
#449=ORIENTED_EDGE('',*,*,#619,.F.);
#450=ORIENTED_EDGE('',*,*,#622,.F.);
#451=ORIENTED_EDGE('',*,*,#621,.F.);
#452=ORIENTED_EDGE('',*,*,#616,.F.);
#453=ORIENTED_EDGE('',*,*,#615,.F.);
#454=ORIENTED_EDGE('',*,*,#617,.F.);
#455=EDGE_CURVE('',#623,#623,#791,.T.);
#456=EDGE_CURVE('',#624,#624,#792,.F.);
#457=EDGE_CURVE('',#625,#625,#793,.F.);
#458=EDGE_CURVE('',#626,#626,#794,.T.);
#459=EDGE_CURVE('',#627,#627,#795,.F.);
#460=EDGE_CURVE('',#628,#628,#796,.F.);
#461=EDGE_CURVE('',#629,#629,#797,.F.);
#462=EDGE_CURVE('',#630,#630,#798,.F.);
#463=EDGE_CURVE('',#631,#631,#799,.F.);
#464=EDGE_CURVE('',#632,#632,#800,.F.);
#465=EDGE_CURVE('',#633,#633,#801,.F.);
#466=EDGE_CURVE('',#634,#634,#802,.F.);
#467=EDGE_CURVE('',#635,#635,#803,.F.);
#468=EDGE_CURVE('',#636,#636,#804,.F.);
#469=EDGE_CURVE('',#637,#637,#805,.F.);
#470=EDGE_CURVE('',#638,#638,#806,.F.);
#471=EDGE_CURVE('',#639,#639,#807,.F.);
#472=EDGE_CURVE('',#640,#640,#808,.F.);
#473=EDGE_CURVE('',#641,#641,#809,.F.);
#474=EDGE_CURVE('',#642,#642,#810,.F.);
#475=EDGE_CURVE('',#643,#643,#811,.F.);
#476=EDGE_CURVE('',#644,#644,#812,.F.);
#477=EDGE_CURVE('',#645,#645,#813,.F.);
#478=EDGE_CURVE('',#646,#646,#814,.F.);
#479=EDGE_CURVE('',#647,#647,#815,.F.);
#480=EDGE_CURVE('',#648,#648,#816,.F.);
#481=EDGE_CURVE('',#649,#649,#817,.F.);
#482=EDGE_CURVE('',#650,#650,#818,.F.);
#483=EDGE_CURVE('',#651,#651,#819,.F.);
#484=EDGE_CURVE('',#652,#652,#820,.F.);
#485=EDGE_CURVE('',#653,#653,#821,.F.);
#486=EDGE_CURVE('',#654,#654,#822,.F.);
#487=EDGE_CURVE('',#655,#655,#823,.F.);
#488=EDGE_CURVE('',#656,#656,#824,.F.);
#489=EDGE_CURVE('',#657,#657,#825,.F.);
#490=EDGE_CURVE('',#658,#658,#826,.F.);
#491=EDGE_CURVE('',#659,#659,#827,.F.);
#492=EDGE_CURVE('',#660,#660,#828,.F.);
#493=EDGE_CURVE('',#661,#661,#829,.F.);
#494=EDGE_CURVE('',#662,#662,#830,.F.);
#495=EDGE_CURVE('',#663,#663,#831,.F.);
#496=EDGE_CURVE('',#664,#664,#832,.F.);
#497=EDGE_CURVE('',#665,#665,#833,.F.);
#498=EDGE_CURVE('',#666,#666,#834,.F.);
#499=EDGE_CURVE('',#667,#667,#835,.F.);
#500=EDGE_CURVE('',#668,#668,#836,.F.);
#501=EDGE_CURVE('',#669,#669,#837,.F.);
#502=EDGE_CURVE('',#670,#670,#838,.F.);
#503=EDGE_CURVE('',#671,#671,#839,.F.);
#504=EDGE_CURVE('',#672,#672,#840,.F.);
#505=EDGE_CURVE('',#673,#673,#841,.F.);
#506=EDGE_CURVE('',#674,#674,#842,.F.);
#507=EDGE_CURVE('',#675,#675,#843,.F.);
#508=EDGE_CURVE('',#676,#676,#844,.F.);
#509=EDGE_CURVE('',#677,#677,#845,.F.);
#510=EDGE_CURVE('',#678,#678,#846,.F.);
#511=EDGE_CURVE('',#679,#679,#847,.F.);
#512=EDGE_CURVE('',#680,#680,#848,.F.);
#513=EDGE_CURVE('',#681,#681,#849,.F.);
#514=EDGE_CURVE('',#682,#682,#850,.F.);
#515=EDGE_CURVE('',#683,#683,#851,.F.);
#516=EDGE_CURVE('',#684,#684,#852,.F.);
#517=EDGE_CURVE('',#685,#685,#853,.F.);
#518=EDGE_CURVE('',#686,#686,#854,.F.);
#519=EDGE_CURVE('',#687,#687,#855,.F.);
#520=EDGE_CURVE('',#688,#688,#856,.F.);
#521=EDGE_CURVE('',#689,#689,#857,.F.);
#522=EDGE_CURVE('',#690,#690,#858,.F.);
#523=EDGE_CURVE('',#691,#691,#859,.F.);
#524=EDGE_CURVE('',#692,#692,#860,.F.);
#525=EDGE_CURVE('',#693,#693,#861,.F.);
#526=EDGE_CURVE('',#694,#694,#862,.F.);
#527=EDGE_CURVE('',#695,#695,#863,.F.);
#528=EDGE_CURVE('',#696,#696,#864,.F.);
#529=EDGE_CURVE('',#697,#697,#865,.F.);
#530=EDGE_CURVE('',#698,#698,#866,.F.);
#531=EDGE_CURVE('',#699,#699,#867,.F.);
#532=EDGE_CURVE('',#700,#700,#868,.F.);
#533=EDGE_CURVE('',#701,#701,#869,.F.);
#534=EDGE_CURVE('',#702,#702,#870,.F.);
#535=EDGE_CURVE('',#703,#703,#871,.F.);
#536=EDGE_CURVE('',#704,#704,#872,.F.);
#537=EDGE_CURVE('',#705,#705,#873,.F.);
#538=EDGE_CURVE('',#706,#706,#874,.F.);
#539=EDGE_CURVE('',#707,#707,#875,.F.);
#540=EDGE_CURVE('',#708,#708,#876,.F.);
#541=EDGE_CURVE('',#709,#709,#877,.F.);
#542=EDGE_CURVE('',#710,#710,#878,.F.);
#543=EDGE_CURVE('',#711,#711,#879,.F.);
#544=EDGE_CURVE('',#712,#712,#880,.F.);
#545=EDGE_CURVE('',#713,#713,#881,.F.);
#546=EDGE_CURVE('',#714,#714,#882,.F.);
#547=EDGE_CURVE('',#715,#715,#883,.F.);
#548=EDGE_CURVE('',#716,#716,#884,.F.);
#549=EDGE_CURVE('',#717,#717,#885,.F.);
#550=EDGE_CURVE('',#718,#718,#886,.F.);
#551=EDGE_CURVE('',#719,#719,#887,.F.);
#552=EDGE_CURVE('',#720,#720,#888,.F.);
#553=EDGE_CURVE('',#721,#721,#889,.F.);
#554=EDGE_CURVE('',#722,#722,#890,.F.);
#555=EDGE_CURVE('',#723,#723,#891,.F.);
#556=EDGE_CURVE('',#724,#724,#892,.F.);
#557=EDGE_CURVE('',#725,#725,#893,.F.);
#558=EDGE_CURVE('',#726,#726,#894,.F.);
#559=EDGE_CURVE('',#727,#727,#895,.F.);
#560=EDGE_CURVE('',#728,#728,#896,.F.);
#561=EDGE_CURVE('',#729,#729,#897,.F.);
#562=EDGE_CURVE('',#730,#730,#898,.F.);
#563=EDGE_CURVE('',#731,#731,#899,.F.);
#564=EDGE_CURVE('',#732,#732,#900,.F.);
#565=EDGE_CURVE('',#733,#733,#901,.F.);
#566=EDGE_CURVE('',#734,#734,#902,.F.);
#567=EDGE_CURVE('',#735,#735,#903,.F.);
#568=EDGE_CURVE('',#736,#736,#904,.F.);
#569=EDGE_CURVE('',#737,#737,#905,.F.);
#570=EDGE_CURVE('',#738,#738,#906,.F.);
#571=EDGE_CURVE('',#739,#739,#907,.F.);
#572=EDGE_CURVE('',#740,#740,#908,.F.);
#573=EDGE_CURVE('',#741,#741,#909,.F.);
#574=EDGE_CURVE('',#742,#742,#910,.F.);
#575=EDGE_CURVE('',#743,#743,#911,.F.);
#576=EDGE_CURVE('',#744,#744,#912,.F.);
#577=EDGE_CURVE('',#745,#745,#913,.F.);
#578=EDGE_CURVE('',#746,#746,#914,.F.);
#579=EDGE_CURVE('',#747,#747,#915,.F.);
#580=EDGE_CURVE('',#748,#748,#916,.F.);
#581=EDGE_CURVE('',#749,#749,#917,.F.);
#582=EDGE_CURVE('',#750,#750,#918,.F.);
#583=EDGE_CURVE('',#751,#751,#919,.F.);
#584=EDGE_CURVE('',#752,#752,#920,.F.);
#585=EDGE_CURVE('',#753,#753,#921,.F.);
#586=EDGE_CURVE('',#754,#754,#922,.F.);
#587=EDGE_CURVE('',#755,#755,#923,.F.);
#588=EDGE_CURVE('',#756,#756,#924,.F.);
#589=EDGE_CURVE('',#757,#757,#925,.F.);
#590=EDGE_CURVE('',#758,#758,#926,.F.);
#591=EDGE_CURVE('',#759,#759,#927,.F.);
#592=EDGE_CURVE('',#760,#760,#928,.F.);
#593=EDGE_CURVE('',#761,#761,#929,.F.);
#594=EDGE_CURVE('',#762,#762,#930,.F.);
#595=EDGE_CURVE('',#763,#763,#931,.F.);
#596=EDGE_CURVE('',#764,#764,#932,.F.);
#597=EDGE_CURVE('',#765,#765,#933,.F.);
#598=EDGE_CURVE('',#766,#766,#934,.F.);
#599=EDGE_CURVE('',#767,#767,#935,.F.);
#600=EDGE_CURVE('',#768,#768,#936,.F.);
#601=EDGE_CURVE('',#769,#769,#937,.F.);
#602=EDGE_CURVE('',#770,#770,#938,.F.);
#603=EDGE_CURVE('',#771,#771,#939,.F.);
#604=EDGE_CURVE('',#772,#772,#940,.F.);
#605=EDGE_CURVE('',#773,#773,#941,.F.);
#606=EDGE_CURVE('',#774,#774,#942,.F.);
#607=EDGE_CURVE('',#775,#775,#943,.F.);
#608=EDGE_CURVE('',#776,#776,#944,.F.);
#609=EDGE_CURVE('',#777,#777,#945,.F.);
#610=EDGE_CURVE('',#778,#778,#946,.F.);
#611=EDGE_CURVE('',#779,#779,#947,.F.);
#612=EDGE_CURVE('',#780,#780,#948,.F.);
#613=EDGE_CURVE('',#781,#781,#949,.F.);
#614=EDGE_CURVE('',#782,#782,#950,.F.);
#615=EDGE_CURVE('',#783,#783,#951,.T.);
#616=EDGE_CURVE('',#784,#784,#952,.T.);
#617=EDGE_CURVE('',#785,#785,#953,.F.);
#618=EDGE_CURVE('',#786,#786,#954,.T.);
#619=EDGE_CURVE('',#787,#787,#955,.F.);
#620=EDGE_CURVE('',#788,#788,#956,.F.);
#621=EDGE_CURVE('',#789,#789,#957,.F.);
#622=EDGE_CURVE('',#790,#790,#958,.T.);
#623=VERTEX_POINT('',#3977);
#624=VERTEX_POINT('',#3979);
#625=VERTEX_POINT('',#4052);
#626=VERTEX_POINT('',#4149);
#627=VERTEX_POINT('',#4151);
#628=VERTEX_POINT('',#4154);
#629=VERTEX_POINT('',#4157);
#630=VERTEX_POINT('',#4160);
#631=VERTEX_POINT('',#4163);
#632=VERTEX_POINT('',#4166);
#633=VERTEX_POINT('',#4263);
#634=VERTEX_POINT('',#4266);
#635=VERTEX_POINT('',#4363);
#636=VERTEX_POINT('',#4366);
#637=VERTEX_POINT('',#4369);
#638=VERTEX_POINT('',#4372);
#639=VERTEX_POINT('',#4375);
#640=VERTEX_POINT('',#4378);
#641=VERTEX_POINT('',#4475);
#642=VERTEX_POINT('',#4478);
#643=VERTEX_POINT('',#4575);
#644=VERTEX_POINT('',#4578);
#645=VERTEX_POINT('',#4581);
#646=VERTEX_POINT('',#4584);
#647=VERTEX_POINT('',#4587);
#648=VERTEX_POINT('',#4590);
#649=VERTEX_POINT('',#4687);
#650=VERTEX_POINT('',#4690);
#651=VERTEX_POINT('',#4787);
#652=VERTEX_POINT('',#4790);
#653=VERTEX_POINT('',#4793);
#654=VERTEX_POINT('',#4796);
#655=VERTEX_POINT('',#4799);
#656=VERTEX_POINT('',#4802);
#657=VERTEX_POINT('',#4899);
#658=VERTEX_POINT('',#4902);
#659=VERTEX_POINT('',#4999);
#660=VERTEX_POINT('',#5002);
#661=VERTEX_POINT('',#5005);
#662=VERTEX_POINT('',#5008);
#663=VERTEX_POINT('',#5011);
#664=VERTEX_POINT('',#5014);
#665=VERTEX_POINT('',#5111);
#666=VERTEX_POINT('',#5114);
#667=VERTEX_POINT('',#5211);
#668=VERTEX_POINT('',#5214);
#669=VERTEX_POINT('',#5217);
#670=VERTEX_POINT('',#5220);
#671=VERTEX_POINT('',#5223);
#672=VERTEX_POINT('',#5226);
#673=VERTEX_POINT('',#5323);
#674=VERTEX_POINT('',#5326);
#675=VERTEX_POINT('',#5423);
#676=VERTEX_POINT('',#5426);
#677=VERTEX_POINT('',#5429);
#678=VERTEX_POINT('',#5432);
#679=VERTEX_POINT('',#5435);
#680=VERTEX_POINT('',#5438);
#681=VERTEX_POINT('',#5535);
#682=VERTEX_POINT('',#5538);
#683=VERTEX_POINT('',#5635);
#684=VERTEX_POINT('',#5638);
#685=VERTEX_POINT('',#5641);
#686=VERTEX_POINT('',#5644);
#687=VERTEX_POINT('',#5647);
#688=VERTEX_POINT('',#5650);
#689=VERTEX_POINT('',#5747);
#690=VERTEX_POINT('',#5750);
#691=VERTEX_POINT('',#5847);
#692=VERTEX_POINT('',#5850);
#693=VERTEX_POINT('',#5853);
#694=VERTEX_POINT('',#5856);
#695=VERTEX_POINT('',#5859);
#696=VERTEX_POINT('',#5862);
#697=VERTEX_POINT('',#5959);
#698=VERTEX_POINT('',#5962);
#699=VERTEX_POINT('',#6059);
#700=VERTEX_POINT('',#6062);
#701=VERTEX_POINT('',#6065);
#702=VERTEX_POINT('',#6068);
#703=VERTEX_POINT('',#6071);
#704=VERTEX_POINT('',#6074);
#705=VERTEX_POINT('',#6171);
#706=VERTEX_POINT('',#6174);
#707=VERTEX_POINT('',#6271);
#708=VERTEX_POINT('',#6274);
#709=VERTEX_POINT('',#6277);
#710=VERTEX_POINT('',#6280);
#711=VERTEX_POINT('',#6283);
#712=VERTEX_POINT('',#6286);
#713=VERTEX_POINT('',#6383);
#714=VERTEX_POINT('',#6386);
#715=VERTEX_POINT('',#6483);
#716=VERTEX_POINT('',#6486);
#717=VERTEX_POINT('',#6489);
#718=VERTEX_POINT('',#6492);
#719=VERTEX_POINT('',#6495);
#720=VERTEX_POINT('',#6498);
#721=VERTEX_POINT('',#6595);
#722=VERTEX_POINT('',#6598);
#723=VERTEX_POINT('',#6695);
#724=VERTEX_POINT('',#6698);
#725=VERTEX_POINT('',#6701);
#726=VERTEX_POINT('',#6704);
#727=VERTEX_POINT('',#6707);
#728=VERTEX_POINT('',#6710);
#729=VERTEX_POINT('',#6807);
#730=VERTEX_POINT('',#6810);
#731=VERTEX_POINT('',#6907);
#732=VERTEX_POINT('',#6910);
#733=VERTEX_POINT('',#6913);
#734=VERTEX_POINT('',#6916);
#735=VERTEX_POINT('',#6919);
#736=VERTEX_POINT('',#6922);
#737=VERTEX_POINT('',#7019);
#738=VERTEX_POINT('',#7022);
#739=VERTEX_POINT('',#7119);
#740=VERTEX_POINT('',#7122);
#741=VERTEX_POINT('',#7125);
#742=VERTEX_POINT('',#7128);
#743=VERTEX_POINT('',#7131);
#744=VERTEX_POINT('',#7134);
#745=VERTEX_POINT('',#7231);
#746=VERTEX_POINT('',#7234);
#747=VERTEX_POINT('',#7331);
#748=VERTEX_POINT('',#7334);
#749=VERTEX_POINT('',#7337);
#750=VERTEX_POINT('',#7340);
#751=VERTEX_POINT('',#7343);
#752=VERTEX_POINT('',#7346);
#753=VERTEX_POINT('',#7443);
#754=VERTEX_POINT('',#7446);
#755=VERTEX_POINT('',#7543);
#756=VERTEX_POINT('',#7546);
#757=VERTEX_POINT('',#7549);
#758=VERTEX_POINT('',#7552);
#759=VERTEX_POINT('',#7555);
#760=VERTEX_POINT('',#7558);
#761=VERTEX_POINT('',#7655);
#762=VERTEX_POINT('',#7658);
#763=VERTEX_POINT('',#7755);
#764=VERTEX_POINT('',#7758);
#765=VERTEX_POINT('',#7761);
#766=VERTEX_POINT('',#7764);
#767=VERTEX_POINT('',#7767);
#768=VERTEX_POINT('',#7770);
#769=VERTEX_POINT('',#7867);
#770=VERTEX_POINT('',#7870);
#771=VERTEX_POINT('',#7967);
#772=VERTEX_POINT('',#7970);
#773=VERTEX_POINT('',#7973);
#774=VERTEX_POINT('',#7976);
#775=VERTEX_POINT('',#7979);
#776=VERTEX_POINT('',#7982);
#777=VERTEX_POINT('',#8079);
#778=VERTEX_POINT('',#8082);
#779=VERTEX_POINT('',#8179);
#780=VERTEX_POINT('',#8182);
#781=VERTEX_POINT('',#8283);
#782=VERTEX_POINT('',#8286);
#783=VERTEX_POINT('',#8291);
#784=VERTEX_POINT('',#8293);
#785=VERTEX_POINT('',#8296);
#786=VERTEX_POINT('',#8298);
#787=VERTEX_POINT('',#8301);
#788=VERTEX_POINT('',#8303);
#789=VERTEX_POINT('',#8306);
#790=VERTEX_POINT('',#8308);
#791=CIRCLE('',#3079,0.4);
#792=CIRCLE('',#3080,0.4);
#793=CIRCLE('',#3082,0.4);
#794=CIRCLE('',#3083,0.4);
#795=CIRCLE('',#3084,0.4);
#796=CIRCLE('',#3086,0.4);
#797=CIRCLE('',#3088,0.4);
#798=CIRCLE('',#3090,0.4);
#799=CIRCLE('',#3092,0.4);
#800=CIRCLE('',#3094,0.4);
#801=CIRCLE('',#3095,0.4);
#802=CIRCLE('',#3097,0.4);
#803=CIRCLE('',#3098,0.4);
#804=CIRCLE('',#3100,0.4);
#805=CIRCLE('',#3102,0.4);
#806=CIRCLE('',#3104,0.4);
#807=CIRCLE('',#3106,0.4);
#808=CIRCLE('',#3108,0.4);
#809=CIRCLE('',#3109,0.4);
#810=CIRCLE('',#3111,0.4);
#811=CIRCLE('',#3112,0.4);
#812=CIRCLE('',#3114,0.4);
#813=CIRCLE('',#3116,0.4);
#814=CIRCLE('',#3118,0.4);
#815=CIRCLE('',#3120,0.4);
#816=CIRCLE('',#3122,0.4);
#817=CIRCLE('',#3123,0.4);
#818=CIRCLE('',#3125,0.4);
#819=CIRCLE('',#3126,0.4);
#820=CIRCLE('',#3128,0.4);
#821=CIRCLE('',#3130,0.4);
#822=CIRCLE('',#3132,0.4);
#823=CIRCLE('',#3134,0.4);
#824=CIRCLE('',#3136,0.4);
#825=CIRCLE('',#3137,0.4);
#826=CIRCLE('',#3139,0.4);
#827=CIRCLE('',#3140,0.4);
#828=CIRCLE('',#3142,0.4);
#829=CIRCLE('',#3144,0.4);
#830=CIRCLE('',#3146,0.4);
#831=CIRCLE('',#3148,0.4);
#832=CIRCLE('',#3150,0.4);
#833=CIRCLE('',#3151,0.4);
#834=CIRCLE('',#3153,0.4);
#835=CIRCLE('',#3154,0.4);
#836=CIRCLE('',#3156,0.4);
#837=CIRCLE('',#3158,0.4);
#838=CIRCLE('',#3160,0.4);
#839=CIRCLE('',#3162,0.4);
#840=CIRCLE('',#3164,0.4);
#841=CIRCLE('',#3165,0.4);
#842=CIRCLE('',#3167,0.4);
#843=CIRCLE('',#3168,0.4);
#844=CIRCLE('',#3170,0.4);
#845=CIRCLE('',#3172,0.4);
#846=CIRCLE('',#3174,0.4);
#847=CIRCLE('',#3176,0.4);
#848=CIRCLE('',#3178,0.4);
#849=CIRCLE('',#3179,0.4);
#850=CIRCLE('',#3181,0.4);
#851=CIRCLE('',#3182,0.4);
#852=CIRCLE('',#3184,0.4);
#853=CIRCLE('',#3186,0.4);
#854=CIRCLE('',#3188,0.4);
#855=CIRCLE('',#3190,0.4);
#856=CIRCLE('',#3192,0.4);
#857=CIRCLE('',#3193,0.4);
#858=CIRCLE('',#3195,0.4);
#859=CIRCLE('',#3196,0.4);
#860=CIRCLE('',#3198,0.4);
#861=CIRCLE('',#3200,0.4);
#862=CIRCLE('',#3202,0.4);
#863=CIRCLE('',#3204,0.4);
#864=CIRCLE('',#3206,0.4);
#865=CIRCLE('',#3207,0.4);
#866=CIRCLE('',#3209,0.4);
#867=CIRCLE('',#3210,0.4);
#868=CIRCLE('',#3212,0.4);
#869=CIRCLE('',#3214,0.4);
#870=CIRCLE('',#3216,0.4);
#871=CIRCLE('',#3218,0.4);
#872=CIRCLE('',#3220,0.4);
#873=CIRCLE('',#3221,0.4);
#874=CIRCLE('',#3223,0.4);
#875=CIRCLE('',#3224,0.4);
#876=CIRCLE('',#3226,0.4);
#877=CIRCLE('',#3228,0.4);
#878=CIRCLE('',#3230,0.4);
#879=CIRCLE('',#3232,0.4);
#880=CIRCLE('',#3234,0.4);
#881=CIRCLE('',#3235,0.4);
#882=CIRCLE('',#3237,0.4);
#883=CIRCLE('',#3238,0.4);
#884=CIRCLE('',#3240,0.4);
#885=CIRCLE('',#3242,0.4);
#886=CIRCLE('',#3244,0.4);
#887=CIRCLE('',#3246,0.4);
#888=CIRCLE('',#3248,0.4);
#889=CIRCLE('',#3249,0.4);
#890=CIRCLE('',#3251,0.4);
#891=CIRCLE('',#3252,0.4);
#892=CIRCLE('',#3254,0.4);
#893=CIRCLE('',#3256,0.4);
#894=CIRCLE('',#3258,0.4);
#895=CIRCLE('',#3260,0.4);
#896=CIRCLE('',#3262,0.4);
#897=CIRCLE('',#3263,0.4);
#898=CIRCLE('',#3265,0.4);
#899=CIRCLE('',#3266,0.4);
#900=CIRCLE('',#3268,0.4);
#901=CIRCLE('',#3270,0.4);
#902=CIRCLE('',#3272,0.4);
#903=CIRCLE('',#3274,0.4);
#904=CIRCLE('',#3276,0.4);
#905=CIRCLE('',#3277,0.4);
#906=CIRCLE('',#3279,0.4);
#907=CIRCLE('',#3280,0.4);
#908=CIRCLE('',#3282,0.4);
#909=CIRCLE('',#3284,0.4);
#910=CIRCLE('',#3286,0.4);
#911=CIRCLE('',#3288,0.4);
#912=CIRCLE('',#3290,0.4);
#913=CIRCLE('',#3291,0.4);
#914=CIRCLE('',#3293,0.4);
#915=CIRCLE('',#3294,0.4);
#916=CIRCLE('',#3296,0.4);
#917=CIRCLE('',#3298,0.4);
#918=CIRCLE('',#3300,0.4);
#919=CIRCLE('',#3302,0.4);
#920=CIRCLE('',#3304,0.4);
#921=CIRCLE('',#3305,0.4);
#922=CIRCLE('',#3307,0.4);
#923=CIRCLE('',#3308,0.4);
#924=CIRCLE('',#3310,0.4);
#925=CIRCLE('',#3312,0.4);
#926=CIRCLE('',#3314,0.4);
#927=CIRCLE('',#3316,0.4);
#928=CIRCLE('',#3318,0.4);
#929=CIRCLE('',#3319,0.4);
#930=CIRCLE('',#3321,0.4);
#931=CIRCLE('',#3322,0.4);
#932=CIRCLE('',#3324,0.4);
#933=CIRCLE('',#3326,0.4);
#934=CIRCLE('',#3328,0.4);
#935=CIRCLE('',#3330,0.4);
#936=CIRCLE('',#3332,0.4);
#937=CIRCLE('',#3333,0.4);
#938=CIRCLE('',#3335,0.4);
#939=CIRCLE('',#3336,0.4);
#940=CIRCLE('',#3338,0.4);
#941=CIRCLE('',#3340,0.4);
#942=CIRCLE('',#3342,0.4);
#943=CIRCLE('',#3344,0.4);
#944=CIRCLE('',#3346,0.4);
#945=CIRCLE('',#3347,0.4);
#946=CIRCLE('',#3349,0.4);
#947=CIRCLE('',#3350,0.4);
#948=CIRCLE('',#3352,0.4);
#949=CIRCLE('',#3354,0.4);
#950=CIRCLE('',#3356,0.4);
#951=CIRCLE('',#3360,8.85);
#952=CIRCLE('',#3361,8.85);
#953=CIRCLE('',#3363,8.35);
#954=CIRCLE('',#3364,5.1);
#955=CIRCLE('',#3366,4.6);
#956=CIRCLE('',#3367,4.6);
#957=CIRCLE('',#3369,8.35);
#958=CIRCLE('',#3370,5.1);
#959=EDGE_LOOP('',(#119));
#960=EDGE_LOOP('',(#120));
#961=EDGE_LOOP('',(#121));
#962=EDGE_LOOP('',(#122));
#963=EDGE_LOOP('',(#123));
#964=EDGE_LOOP('',(#124));
#965=EDGE_LOOP('',(#125));
#966=EDGE_LOOP('',(#126));
#967=EDGE_LOOP('',(#127));
#968=EDGE_LOOP('',(#128));
#969=EDGE_LOOP('',(#129));
#970=EDGE_LOOP('',(#130));
#971=EDGE_LOOP('',(#131));
#972=EDGE_LOOP('',(#132));
#973=EDGE_LOOP('',(#133));
#974=EDGE_LOOP('',(#134));
#975=EDGE_LOOP('',(#135));
#976=EDGE_LOOP('',(#136));
#977=EDGE_LOOP('',(#137));
#978=EDGE_LOOP('',(#138));
#979=EDGE_LOOP('',(#139));
#980=EDGE_LOOP('',(#140));
#981=EDGE_LOOP('',(#141));
#982=EDGE_LOOP('',(#142));
#983=EDGE_LOOP('',(#143));
#984=EDGE_LOOP('',(#144));
#985=EDGE_LOOP('',(#145));
#986=EDGE_LOOP('',(#146));
#987=EDGE_LOOP('',(#147));
#988=EDGE_LOOP('',(#148));
#989=EDGE_LOOP('',(#149));
#990=EDGE_LOOP('',(#150));
#991=EDGE_LOOP('',(#151));
#992=EDGE_LOOP('',(#152));
#993=EDGE_LOOP('',(#153));
#994=EDGE_LOOP('',(#154));
#995=EDGE_LOOP('',(#155));
#996=EDGE_LOOP('',(#156));
#997=EDGE_LOOP('',(#157));
#998=EDGE_LOOP('',(#158));
#999=EDGE_LOOP('',(#159));
#1000=EDGE_LOOP('',(#160));
#1001=EDGE_LOOP('',(#161));
#1002=EDGE_LOOP('',(#162));
#1003=EDGE_LOOP('',(#163));
#1004=EDGE_LOOP('',(#164));
#1005=EDGE_LOOP('',(#165));
#1006=EDGE_LOOP('',(#166));
#1007=EDGE_LOOP('',(#167));
#1008=EDGE_LOOP('',(#168));
#1009=EDGE_LOOP('',(#169));
#1010=EDGE_LOOP('',(#170));
#1011=EDGE_LOOP('',(#171));
#1012=EDGE_LOOP('',(#172));
#1013=EDGE_LOOP('',(#173));
#1014=EDGE_LOOP('',(#174));
#1015=EDGE_LOOP('',(#175));
#1016=EDGE_LOOP('',(#176));
#1017=EDGE_LOOP('',(#177));
#1018=EDGE_LOOP('',(#178));
#1019=EDGE_LOOP('',(#179));
#1020=EDGE_LOOP('',(#180));
#1021=EDGE_LOOP('',(#181));
#1022=EDGE_LOOP('',(#182));
#1023=EDGE_LOOP('',(#183));
#1024=EDGE_LOOP('',(#184));
#1025=EDGE_LOOP('',(#185));
#1026=EDGE_LOOP('',(#186));
#1027=EDGE_LOOP('',(#187));
#1028=EDGE_LOOP('',(#188));
#1029=EDGE_LOOP('',(#189));
#1030=EDGE_LOOP('',(#190));
#1031=EDGE_LOOP('',(#191));
#1032=EDGE_LOOP('',(#192));
#1033=EDGE_LOOP('',(#193));
#1034=EDGE_LOOP('',(#194));
#1035=EDGE_LOOP('',(#195));
#1036=EDGE_LOOP('',(#196));
#1037=EDGE_LOOP('',(#197));
#1038=EDGE_LOOP('',(#198));
#1039=EDGE_LOOP('',(#199));
#1040=EDGE_LOOP('',(#200));
#1041=EDGE_LOOP('',(#201));
#1042=EDGE_LOOP('',(#202));
#1043=EDGE_LOOP('',(#203));
#1044=EDGE_LOOP('',(#204));
#1045=EDGE_LOOP('',(#205));
#1046=EDGE_LOOP('',(#206));
#1047=EDGE_LOOP('',(#207));
#1048=EDGE_LOOP('',(#208));
#1049=EDGE_LOOP('',(#209));
#1050=EDGE_LOOP('',(#210));
#1051=EDGE_LOOP('',(#211));
#1052=EDGE_LOOP('',(#212));
#1053=EDGE_LOOP('',(#213));
#1054=EDGE_LOOP('',(#214));
#1055=EDGE_LOOP('',(#215));
#1056=EDGE_LOOP('',(#216));
#1057=EDGE_LOOP('',(#217));
#1058=EDGE_LOOP('',(#218));
#1059=EDGE_LOOP('',(#219));
#1060=EDGE_LOOP('',(#220));
#1061=EDGE_LOOP('',(#221));
#1062=EDGE_LOOP('',(#222));
#1063=EDGE_LOOP('',(#223));
#1064=EDGE_LOOP('',(#224));
#1065=EDGE_LOOP('',(#225));
#1066=EDGE_LOOP('',(#226));
#1067=EDGE_LOOP('',(#227));
#1068=EDGE_LOOP('',(#228));
#1069=EDGE_LOOP('',(#229));
#1070=EDGE_LOOP('',(#230));
#1071=EDGE_LOOP('',(#231));
#1072=EDGE_LOOP('',(#232));
#1073=EDGE_LOOP('',(#233));
#1074=EDGE_LOOP('',(#234));
#1075=EDGE_LOOP('',(#235));
#1076=EDGE_LOOP('',(#236));
#1077=EDGE_LOOP('',(#237));
#1078=EDGE_LOOP('',(#238));
#1079=EDGE_LOOP('',(#239));
#1080=EDGE_LOOP('',(#240));
#1081=EDGE_LOOP('',(#241));
#1082=EDGE_LOOP('',(#242));
#1083=EDGE_LOOP('',(#243));
#1084=EDGE_LOOP('',(#244));
#1085=EDGE_LOOP('',(#245));
#1086=EDGE_LOOP('',(#246));
#1087=EDGE_LOOP('',(#247));
#1088=EDGE_LOOP('',(#248));
#1089=EDGE_LOOP('',(#249));
#1090=EDGE_LOOP('',(#250));
#1091=EDGE_LOOP('',(#251));
#1092=EDGE_LOOP('',(#252));
#1093=EDGE_LOOP('',(#253));
#1094=EDGE_LOOP('',(#254));
#1095=EDGE_LOOP('',(#255));
#1096=EDGE_LOOP('',(#256));
#1097=EDGE_LOOP('',(#257));
#1098=EDGE_LOOP('',(#258));
#1099=EDGE_LOOP('',(#259));
#1100=EDGE_LOOP('',(#260));
#1101=EDGE_LOOP('',(#261));
#1102=EDGE_LOOP('',(#262));
#1103=EDGE_LOOP('',(#263));
#1104=EDGE_LOOP('',(#264));
#1105=EDGE_LOOP('',(#265));
#1106=EDGE_LOOP('',(#266));
#1107=EDGE_LOOP('',(#267));
#1108=EDGE_LOOP('',(#268));
#1109=EDGE_LOOP('',(#269));
#1110=EDGE_LOOP('',(#270));
#1111=EDGE_LOOP('',(#271));
#1112=EDGE_LOOP('',(#272));
#1113=EDGE_LOOP('',(#273));
#1114=EDGE_LOOP('',(#274));
#1115=EDGE_LOOP('',(#275));
#1116=EDGE_LOOP('',(#276));
#1117=EDGE_LOOP('',(#277));
#1118=EDGE_LOOP('',(#278));
#1119=EDGE_LOOP('',(#279));
#1120=EDGE_LOOP('',(#280));
#1121=EDGE_LOOP('',(#281));
#1122=EDGE_LOOP('',(#282));
#1123=EDGE_LOOP('',(#283));
#1124=EDGE_LOOP('',(#284));
#1125=EDGE_LOOP('',(#285));
#1126=EDGE_LOOP('',(#286));
#1127=EDGE_LOOP('',(#287));
#1128=EDGE_LOOP('',(#288));
#1129=EDGE_LOOP('',(#289));
#1130=EDGE_LOOP('',(#290));
#1131=EDGE_LOOP('',(#291));
#1132=EDGE_LOOP('',(#292));
#1133=EDGE_LOOP('',(#293));
#1134=EDGE_LOOP('',(#294));
#1135=EDGE_LOOP('',(#295));
#1136=EDGE_LOOP('',(#296));
#1137=EDGE_LOOP('',(#297));
#1138=EDGE_LOOP('',(#298));
#1139=EDGE_LOOP('',(#299));
#1140=EDGE_LOOP('',(#300));
#1141=EDGE_LOOP('',(#301));
#1142=EDGE_LOOP('',(#302));
#1143=EDGE_LOOP('',(#303));
#1144=EDGE_LOOP('',(#304));
#1145=EDGE_LOOP('',(#305));
#1146=EDGE_LOOP('',(#306));
#1147=EDGE_LOOP('',(#307));
#1148=EDGE_LOOP('',(#308));
#1149=EDGE_LOOP('',(#309));
#1150=EDGE_LOOP('',(#310));
#1151=EDGE_LOOP('',(#311));
#1152=EDGE_LOOP('',(#312));
#1153=EDGE_LOOP('',(#313));
#1154=EDGE_LOOP('',(#314));
#1155=EDGE_LOOP('',(#315));
#1156=EDGE_LOOP('',(#316));
#1157=EDGE_LOOP('',(#317));
#1158=EDGE_LOOP('',(#318));
#1159=EDGE_LOOP('',(#319));
#1160=EDGE_LOOP('',(#320));
#1161=EDGE_LOOP('',(#321));
#1162=EDGE_LOOP('',(#322));
#1163=EDGE_LOOP('',(#323));
#1164=EDGE_LOOP('',(#324));
#1165=EDGE_LOOP('',(#325));
#1166=EDGE_LOOP('',(#326));
#1167=EDGE_LOOP('',(#327));
#1168=EDGE_LOOP('',(#328));
#1169=EDGE_LOOP('',(#329));
#1170=EDGE_LOOP('',(#330));
#1171=EDGE_LOOP('',(#331));
#1172=EDGE_LOOP('',(#332));
#1173=EDGE_LOOP('',(#333));
#1174=EDGE_LOOP('',(#334));
#1175=EDGE_LOOP('',(#335));
#1176=EDGE_LOOP('',(#336));
#1177=EDGE_LOOP('',(#337));
#1178=EDGE_LOOP('',(#338));
#1179=EDGE_LOOP('',(#339));
#1180=EDGE_LOOP('',(#340));
#1181=EDGE_LOOP('',(#341));
#1182=EDGE_LOOP('',(#342));
#1183=EDGE_LOOP('',(#343));
#1184=EDGE_LOOP('',(#344));
#1185=EDGE_LOOP('',(#345));
#1186=EDGE_LOOP('',(#346));
#1187=EDGE_LOOP('',(#347));
#1188=EDGE_LOOP('',(#348));
#1189=EDGE_LOOP('',(#349));
#1190=EDGE_LOOP('',(#350));
#1191=EDGE_LOOP('',(#351));
#1192=EDGE_LOOP('',(#352));
#1193=EDGE_LOOP('',(#353));
#1194=EDGE_LOOP('',(#354));
#1195=EDGE_LOOP('',(#355));
#1196=EDGE_LOOP('',(#356));
#1197=EDGE_LOOP('',(#357));
#1198=EDGE_LOOP('',(#358));
#1199=EDGE_LOOP('',(#359));
#1200=EDGE_LOOP('',(#360));
#1201=EDGE_LOOP('',(#361));
#1202=EDGE_LOOP('',(#362));
#1203=EDGE_LOOP('',(#363));
#1204=EDGE_LOOP('',(#364));
#1205=EDGE_LOOP('',(#365));
#1206=EDGE_LOOP('',(#366));
#1207=EDGE_LOOP('',(#367));
#1208=EDGE_LOOP('',(#368));
#1209=EDGE_LOOP('',(#369));
#1210=EDGE_LOOP('',(#370));
#1211=EDGE_LOOP('',(#371));
#1212=EDGE_LOOP('',(#372));
#1213=EDGE_LOOP('',(#373));
#1214=EDGE_LOOP('',(#374));
#1215=EDGE_LOOP('',(#375));
#1216=EDGE_LOOP('',(#376));
#1217=EDGE_LOOP('',(#377));
#1218=EDGE_LOOP('',(#378));
#1219=EDGE_LOOP('',(#379));
#1220=EDGE_LOOP('',(#380));
#1221=EDGE_LOOP('',(#381));
#1222=EDGE_LOOP('',(#382));
#1223=EDGE_LOOP('',(#383));
#1224=EDGE_LOOP('',(#384));
#1225=EDGE_LOOP('',(#385));
#1226=EDGE_LOOP('',(#386));
#1227=EDGE_LOOP('',(#387));
#1228=EDGE_LOOP('',(#388));
#1229=EDGE_LOOP('',(#389));
#1230=EDGE_LOOP('',(#390));
#1231=EDGE_LOOP('',(#391));
#1232=EDGE_LOOP('',(#392));
#1233=EDGE_LOOP('',(#393));
#1234=EDGE_LOOP('',(#394));
#1235=EDGE_LOOP('',(#395));
#1236=EDGE_LOOP('',(#396));
#1237=EDGE_LOOP('',(#397));
#1238=EDGE_LOOP('',(#398));
#1239=EDGE_LOOP('',(#399));
#1240=EDGE_LOOP('',(#400));
#1241=EDGE_LOOP('',(#401));
#1242=EDGE_LOOP('',(#402));
#1243=EDGE_LOOP('',(#403));
#1244=EDGE_LOOP('',(#404));
#1245=EDGE_LOOP('',(#405));
#1246=EDGE_LOOP('',(#406));
#1247=EDGE_LOOP('',(#407));
#1248=EDGE_LOOP('',(#408));
#1249=EDGE_LOOP('',(#409));
#1250=EDGE_LOOP('',(#410));
#1251=EDGE_LOOP('',(#411));
#1252=EDGE_LOOP('',(#412));
#1253=EDGE_LOOP('',(#413));
#1254=EDGE_LOOP('',(#414));
#1255=EDGE_LOOP('',(#415));
#1256=EDGE_LOOP('',(#416));
#1257=EDGE_LOOP('',(#417));
#1258=EDGE_LOOP('',(#418));
#1259=EDGE_LOOP('',(#419));
#1260=EDGE_LOOP('',(#420));
#1261=EDGE_LOOP('',(#421));
#1262=EDGE_LOOP('',(#422));
#1263=EDGE_LOOP('',(#423));
#1264=EDGE_LOOP('',(#424));
#1265=EDGE_LOOP('',(#425));
#1266=EDGE_LOOP('',(#426));
#1267=EDGE_LOOP('',(#427));
#1268=EDGE_LOOP('',(#428));
#1269=EDGE_LOOP('',(#429));
#1270=EDGE_LOOP('',(#430));
#1271=EDGE_LOOP('',(#431));
#1272=EDGE_LOOP('',(#432));
#1273=EDGE_LOOP('',(#433));
#1274=EDGE_LOOP('',(#434));
#1275=EDGE_LOOP('',(#435));
#1276=EDGE_LOOP('',(#436));
#1277=EDGE_LOOP('',(#437));
#1278=EDGE_LOOP('',(#438));
#1279=EDGE_LOOP('',(#439));
#1280=EDGE_LOOP('',(#440));
#1281=EDGE_LOOP('',(#441));
#1282=EDGE_LOOP('',(#442));
#1283=EDGE_LOOP('',(#443));
#1284=EDGE_LOOP('',(#444));
#1285=EDGE_LOOP('',(#445));
#1286=EDGE_LOOP('',(#446));
#1287=EDGE_LOOP('',(#447));
#1288=EDGE_LOOP('',(#448));
#1289=EDGE_LOOP('',(#449));
#1290=EDGE_LOOP('',(#450));
#1291=EDGE_LOOP('',(#451));
#1292=EDGE_LOOP('',(#452));
#1293=EDGE_LOOP('',(#453));
#1294=EDGE_LOOP('',(#454));
#1295=FACE_BOUND('',#959,.T.);
#1296=FACE_BOUND('',#960,.T.);
#1297=FACE_BOUND('',#961,.T.);
#1298=FACE_BOUND('',#962,.T.);
#1299=FACE_BOUND('',#963,.T.);
#1300=FACE_BOUND('',#964,.T.);
#1301=FACE_BOUND('',#965,.T.);
#1302=FACE_BOUND('',#966,.T.);
#1303=FACE_BOUND('',#967,.T.);
#1304=FACE_BOUND('',#968,.T.);
#1305=FACE_BOUND('',#969,.T.);
#1306=FACE_BOUND('',#970,.T.);
#1307=FACE_BOUND('',#971,.T.);
#1308=FACE_BOUND('',#972,.T.);
#1309=FACE_BOUND('',#973,.T.);
#1310=FACE_BOUND('',#974,.T.);
#1311=FACE_BOUND('',#975,.T.);
#1312=FACE_BOUND('',#976,.T.);
#1313=FACE_BOUND('',#977,.T.);
#1314=FACE_BOUND('',#978,.T.);
#1315=FACE_BOUND('',#979,.T.);
#1316=FACE_BOUND('',#980,.T.);
#1317=FACE_BOUND('',#981,.T.);
#1318=FACE_BOUND('',#982,.T.);
#1319=FACE_BOUND('',#983,.T.);
#1320=FACE_BOUND('',#984,.T.);
#1321=FACE_BOUND('',#985,.T.);
#1322=FACE_BOUND('',#986,.T.);
#1323=FACE_BOUND('',#987,.T.);
#1324=FACE_BOUND('',#988,.T.);
#1325=FACE_BOUND('',#989,.T.);
#1326=FACE_BOUND('',#990,.T.);
#1327=FACE_BOUND('',#991,.T.);
#1328=FACE_BOUND('',#992,.T.);
#1329=FACE_BOUND('',#993,.T.);
#1330=FACE_BOUND('',#994,.T.);
#1331=FACE_BOUND('',#995,.T.);
#1332=FACE_BOUND('',#996,.T.);
#1333=FACE_BOUND('',#997,.T.);
#1334=FACE_BOUND('',#998,.T.);
#1335=FACE_BOUND('',#999,.T.);
#1336=FACE_BOUND('',#1000,.T.);
#1337=FACE_BOUND('',#1001,.T.);
#1338=FACE_BOUND('',#1002,.T.);
#1339=FACE_BOUND('',#1003,.T.);
#1340=FACE_BOUND('',#1004,.T.);
#1341=FACE_BOUND('',#1005,.T.);
#1342=FACE_BOUND('',#1006,.T.);
#1343=FACE_BOUND('',#1007,.T.);
#1344=FACE_BOUND('',#1008,.T.);
#1345=FACE_BOUND('',#1009,.T.);
#1346=FACE_BOUND('',#1010,.T.);
#1347=FACE_BOUND('',#1011,.T.);
#1348=FACE_BOUND('',#1012,.T.);
#1349=FACE_BOUND('',#1013,.T.);
#1350=FACE_BOUND('',#1014,.T.);
#1351=FACE_BOUND('',#1015,.T.);
#1352=FACE_BOUND('',#1016,.T.);
#1353=FACE_BOUND('',#1017,.T.);
#1354=FACE_BOUND('',#1018,.T.);
#1355=FACE_BOUND('',#1019,.T.);
#1356=FACE_BOUND('',#1020,.T.);
#1357=FACE_BOUND('',#1021,.T.);
#1358=FACE_BOUND('',#1022,.T.);
#1359=FACE_BOUND('',#1023,.T.);
#1360=FACE_BOUND('',#1024,.T.);
#1361=FACE_BOUND('',#1025,.T.);
#1362=FACE_BOUND('',#1026,.T.);
#1363=FACE_BOUND('',#1027,.T.);
#1364=FACE_BOUND('',#1028,.T.);
#1365=FACE_BOUND('',#1029,.T.);
#1366=FACE_BOUND('',#1030,.T.);
#1367=FACE_BOUND('',#1031,.T.);
#1368=FACE_BOUND('',#1032,.T.);
#1369=FACE_BOUND('',#1033,.T.);
#1370=FACE_BOUND('',#1034,.T.);
#1371=FACE_BOUND('',#1035,.T.);
#1372=FACE_BOUND('',#1036,.T.);
#1373=FACE_BOUND('',#1037,.T.);
#1374=FACE_BOUND('',#1038,.T.);
#1375=FACE_BOUND('',#1039,.T.);
#1376=FACE_BOUND('',#1040,.T.);
#1377=FACE_BOUND('',#1041,.T.);
#1378=FACE_BOUND('',#1042,.T.);
#1379=FACE_BOUND('',#1043,.T.);
#1380=FACE_BOUND('',#1044,.T.);
#1381=FACE_BOUND('',#1045,.T.);
#1382=FACE_BOUND('',#1046,.T.);
#1383=FACE_BOUND('',#1047,.T.);
#1384=FACE_BOUND('',#1048,.T.);
#1385=FACE_BOUND('',#1049,.T.);
#1386=FACE_BOUND('',#1050,.T.);
#1387=FACE_BOUND('',#1051,.T.);
#1388=FACE_BOUND('',#1052,.T.);
#1389=FACE_BOUND('',#1053,.T.);
#1390=FACE_BOUND('',#1054,.T.);
#1391=FACE_BOUND('',#1055,.T.);
#1392=FACE_BOUND('',#1056,.T.);
#1393=FACE_BOUND('',#1057,.T.);
#1394=FACE_BOUND('',#1058,.T.);
#1395=FACE_BOUND('',#1059,.T.);
#1396=FACE_BOUND('',#1060,.T.);
#1397=FACE_BOUND('',#1061,.T.);
#1398=FACE_BOUND('',#1062,.T.);
#1399=FACE_BOUND('',#1063,.T.);
#1400=FACE_BOUND('',#1064,.T.);
#1401=FACE_BOUND('',#1065,.T.);
#1402=FACE_BOUND('',#1066,.T.);
#1403=FACE_BOUND('',#1067,.T.);
#1404=FACE_BOUND('',#1068,.T.);
#1405=FACE_BOUND('',#1069,.T.);
#1406=FACE_BOUND('',#1070,.T.);
#1407=FACE_BOUND('',#1071,.T.);
#1408=FACE_BOUND('',#1072,.T.);
#1409=FACE_BOUND('',#1073,.T.);
#1410=FACE_BOUND('',#1074,.T.);
#1411=FACE_BOUND('',#1075,.T.);
#1412=FACE_BOUND('',#1076,.T.);
#1413=FACE_BOUND('',#1077,.T.);
#1414=FACE_BOUND('',#1078,.T.);
#1415=FACE_BOUND('',#1079,.T.);
#1416=FACE_BOUND('',#1080,.T.);
#1417=FACE_BOUND('',#1081,.T.);
#1418=FACE_BOUND('',#1082,.T.);
#1419=FACE_BOUND('',#1083,.T.);
#1420=FACE_BOUND('',#1084,.T.);
#1421=FACE_BOUND('',#1085,.T.);
#1422=FACE_BOUND('',#1086,.T.);
#1423=FACE_BOUND('',#1087,.T.);
#1424=FACE_BOUND('',#1088,.T.);
#1425=FACE_BOUND('',#1089,.T.);
#1426=FACE_BOUND('',#1090,.T.);
#1427=FACE_BOUND('',#1091,.T.);
#1428=FACE_BOUND('',#1092,.T.);
#1429=FACE_BOUND('',#1093,.T.);
#1430=FACE_BOUND('',#1094,.T.);
#1431=FACE_BOUND('',#1095,.T.);
#1432=FACE_BOUND('',#1096,.T.);
#1433=FACE_BOUND('',#1097,.T.);
#1434=FACE_BOUND('',#1098,.T.);
#1435=FACE_BOUND('',#1099,.T.);
#1436=FACE_BOUND('',#1100,.T.);
#1437=FACE_BOUND('',#1101,.T.);
#1438=FACE_BOUND('',#1102,.T.);
#1439=FACE_BOUND('',#1103,.T.);
#1440=FACE_BOUND('',#1104,.T.);
#1441=FACE_BOUND('',#1105,.T.);
#1442=FACE_BOUND('',#1106,.T.);
#1443=FACE_BOUND('',#1107,.T.);
#1444=FACE_BOUND('',#1108,.T.);
#1445=FACE_BOUND('',#1109,.T.);
#1446=FACE_BOUND('',#1110,.T.);
#1447=FACE_BOUND('',#1111,.T.);
#1448=FACE_BOUND('',#1112,.T.);
#1449=FACE_BOUND('',#1113,.T.);
#1450=FACE_BOUND('',#1114,.T.);
#1451=FACE_BOUND('',#1115,.T.);
#1452=FACE_BOUND('',#1116,.T.);
#1453=FACE_BOUND('',#1117,.T.);
#1454=FACE_BOUND('',#1118,.T.);
#1455=FACE_BOUND('',#1119,.T.);
#1456=FACE_BOUND('',#1120,.T.);
#1457=FACE_BOUND('',#1121,.T.);
#1458=FACE_BOUND('',#1122,.T.);
#1459=FACE_BOUND('',#1123,.T.);
#1460=FACE_BOUND('',#1124,.T.);
#1461=FACE_BOUND('',#1125,.T.);
#1462=FACE_BOUND('',#1126,.T.);
#1463=FACE_BOUND('',#1127,.T.);
#1464=FACE_BOUND('',#1128,.T.);
#1465=FACE_BOUND('',#1129,.T.);
#1466=FACE_BOUND('',#1130,.T.);
#1467=FACE_BOUND('',#1131,.T.);
#1468=FACE_BOUND('',#1132,.T.);
#1469=FACE_BOUND('',#1133,.T.);
#1470=FACE_BOUND('',#1134,.T.);
#1471=FACE_BOUND('',#1135,.T.);
#1472=FACE_BOUND('',#1136,.T.);
#1473=FACE_BOUND('',#1137,.T.);
#1474=FACE_BOUND('',#1138,.T.);
#1475=FACE_BOUND('',#1139,.T.);
#1476=FACE_BOUND('',#1140,.T.);
#1477=FACE_BOUND('',#1141,.T.);
#1478=FACE_BOUND('',#1142,.T.);
#1479=FACE_BOUND('',#1143,.T.);
#1480=FACE_BOUND('',#1144,.T.);
#1481=FACE_BOUND('',#1145,.T.);
#1482=FACE_BOUND('',#1146,.T.);
#1483=FACE_BOUND('',#1147,.T.);
#1484=FACE_BOUND('',#1148,.T.);
#1485=FACE_BOUND('',#1149,.T.);
#1486=FACE_BOUND('',#1150,.T.);
#1487=FACE_BOUND('',#1151,.T.);
#1488=FACE_BOUND('',#1152,.T.);
#1489=FACE_BOUND('',#1153,.T.);
#1490=FACE_BOUND('',#1154,.T.);
#1491=FACE_BOUND('',#1155,.T.);
#1492=FACE_BOUND('',#1156,.T.);
#1493=FACE_BOUND('',#1157,.T.);
#1494=FACE_BOUND('',#1158,.T.);
#1495=FACE_BOUND('',#1159,.T.);
#1496=FACE_BOUND('',#1160,.T.);
#1497=FACE_BOUND('',#1161,.T.);
#1498=FACE_BOUND('',#1162,.T.);
#1499=FACE_BOUND('',#1163,.T.);
#1500=FACE_BOUND('',#1164,.T.);
#1501=FACE_BOUND('',#1165,.T.);
#1502=FACE_BOUND('',#1166,.T.);
#1503=FACE_BOUND('',#1167,.T.);
#1504=FACE_BOUND('',#1168,.T.);
#1505=FACE_BOUND('',#1169,.T.);
#1506=FACE_BOUND('',#1170,.T.);
#1507=FACE_BOUND('',#1171,.T.);
#1508=FACE_BOUND('',#1172,.T.);
#1509=FACE_BOUND('',#1173,.T.);
#1510=FACE_BOUND('',#1174,.T.);
#1511=FACE_BOUND('',#1175,.T.);
#1512=FACE_BOUND('',#1176,.T.);
#1513=FACE_BOUND('',#1177,.T.);
#1514=FACE_BOUND('',#1178,.T.);
#1515=FACE_BOUND('',#1179,.T.);
#1516=FACE_BOUND('',#1180,.T.);
#1517=FACE_BOUND('',#1181,.T.);
#1518=FACE_BOUND('',#1182,.T.);
#1519=FACE_BOUND('',#1183,.T.);
#1520=FACE_BOUND('',#1184,.T.);
#1521=FACE_BOUND('',#1185,.T.);
#1522=FACE_BOUND('',#1186,.T.);
#1523=FACE_BOUND('',#1187,.T.);
#1524=FACE_BOUND('',#1188,.T.);
#1525=FACE_BOUND('',#1189,.T.);
#1526=FACE_BOUND('',#1190,.T.);
#1527=FACE_BOUND('',#1191,.T.);
#1528=FACE_BOUND('',#1192,.T.);
#1529=FACE_BOUND('',#1193,.T.);
#1530=FACE_BOUND('',#1194,.T.);
#1531=FACE_BOUND('',#1195,.T.);
#1532=FACE_BOUND('',#1196,.T.);
#1533=FACE_BOUND('',#1197,.T.);
#1534=FACE_BOUND('',#1198,.T.);
#1535=FACE_BOUND('',#1199,.T.);
#1536=FACE_BOUND('',#1200,.T.);
#1537=FACE_BOUND('',#1201,.T.);
#1538=FACE_BOUND('',#1202,.T.);
#1539=FACE_BOUND('',#1203,.T.);
#1540=FACE_BOUND('',#1204,.T.);
#1541=FACE_BOUND('',#1205,.T.);
#1542=FACE_BOUND('',#1206,.T.);
#1543=FACE_BOUND('',#1207,.T.);
#1544=FACE_BOUND('',#1208,.T.);
#1545=FACE_BOUND('',#1209,.T.);
#1546=FACE_BOUND('',#1210,.T.);
#1547=FACE_BOUND('',#1211,.T.);
#1548=FACE_BOUND('',#1212,.T.);
#1549=FACE_BOUND('',#1213,.T.);
#1550=FACE_BOUND('',#1214,.T.);
#1551=FACE_BOUND('',#1215,.T.);
#1552=FACE_BOUND('',#1216,.T.);
#1553=FACE_BOUND('',#1217,.T.);
#1554=FACE_BOUND('',#1218,.T.);
#1555=FACE_BOUND('',#1219,.T.);
#1556=FACE_BOUND('',#1220,.T.);
#1557=FACE_BOUND('',#1221,.T.);
#1558=FACE_BOUND('',#1222,.T.);
#1559=FACE_BOUND('',#1223,.T.);
#1560=FACE_BOUND('',#1224,.T.);
#1561=FACE_BOUND('',#1225,.T.);
#1562=FACE_BOUND('',#1226,.T.);
#1563=FACE_BOUND('',#1227,.T.);
#1564=FACE_BOUND('',#1228,.T.);
#1565=FACE_BOUND('',#1229,.T.);
#1566=FACE_BOUND('',#1230,.T.);
#1567=FACE_BOUND('',#1231,.T.);
#1568=FACE_BOUND('',#1232,.T.);
#1569=FACE_BOUND('',#1233,.T.);
#1570=FACE_BOUND('',#1234,.T.);
#1571=FACE_BOUND('',#1235,.T.);
#1572=FACE_BOUND('',#1236,.T.);
#1573=FACE_BOUND('',#1237,.T.);
#1574=FACE_BOUND('',#1238,.T.);
#1575=FACE_BOUND('',#1239,.T.);
#1576=FACE_BOUND('',#1240,.T.);
#1577=FACE_BOUND('',#1241,.T.);
#1578=FACE_BOUND('',#1242,.T.);
#1579=FACE_BOUND('',#1243,.T.);
#1580=FACE_BOUND('',#1244,.T.);
#1581=FACE_BOUND('',#1245,.T.);
#1582=FACE_BOUND('',#1246,.T.);
#1583=FACE_BOUND('',#1247,.T.);
#1584=FACE_BOUND('',#1248,.T.);
#1585=FACE_BOUND('',#1249,.T.);
#1586=FACE_BOUND('',#1250,.T.);
#1587=FACE_BOUND('',#1251,.T.);
#1588=FACE_BOUND('',#1252,.T.);
#1589=FACE_BOUND('',#1253,.T.);
#1590=FACE_BOUND('',#1254,.T.);
#1591=FACE_BOUND('',#1255,.T.);
#1592=FACE_BOUND('',#1256,.T.);
#1593=FACE_BOUND('',#1257,.T.);
#1594=FACE_BOUND('',#1258,.T.);
#1595=FACE_BOUND('',#1259,.T.);
#1596=FACE_BOUND('',#1260,.T.);
#1597=FACE_BOUND('',#1261,.T.);
#1598=FACE_BOUND('',#1262,.T.);
#1599=FACE_BOUND('',#1263,.T.);
#1600=FACE_BOUND('',#1264,.T.);
#1601=FACE_BOUND('',#1265,.T.);
#1602=FACE_BOUND('',#1266,.T.);
#1603=FACE_BOUND('',#1267,.T.);
#1604=FACE_BOUND('',#1268,.T.);
#1605=FACE_BOUND('',#1269,.T.);
#1606=FACE_BOUND('',#1270,.T.);
#1607=FACE_BOUND('',#1271,.T.);
#1608=FACE_BOUND('',#1272,.T.);
#1609=FACE_BOUND('',#1273,.T.);
#1610=FACE_BOUND('',#1274,.T.);
#1611=FACE_BOUND('',#1275,.T.);
#1612=FACE_BOUND('',#1276,.T.);
#1613=FACE_BOUND('',#1277,.T.);
#1614=FACE_BOUND('',#1278,.T.);
#1615=FACE_BOUND('',#1279,.T.);
#1616=FACE_BOUND('',#1280,.T.);
#1617=FACE_BOUND('',#1281,.T.);
#1618=FACE_BOUND('',#1282,.T.);
#1619=FACE_BOUND('',#1283,.T.);
#1620=FACE_BOUND('',#1284,.T.);
#1621=FACE_BOUND('',#1285,.T.);
#1622=FACE_BOUND('',#1286,.T.);
#1623=FACE_BOUND('',#1287,.T.);
#1624=FACE_BOUND('',#1288,.T.);
#1625=FACE_BOUND('',#1289,.T.);
#1626=FACE_BOUND('',#1290,.T.);
#1627=FACE_BOUND('',#1291,.T.);
#1628=FACE_BOUND('',#1292,.T.);
#1629=FACE_BOUND('',#1293,.T.);
#1630=FACE_BOUND('',#1294,.T.);
#1631=CYLINDRICAL_SURFACE('',#3078,0.4);
#1632=CYLINDRICAL_SURFACE('',#3085,0.4);
#1633=CYLINDRICAL_SURFACE('',#3089,0.4);
#1634=CYLINDRICAL_SURFACE('',#3093,0.4);
#1635=CYLINDRICAL_SURFACE('',#3096,0.4);
#1636=CYLINDRICAL_SURFACE('',#3099,0.4);
#1637=CYLINDRICAL_SURFACE('',#3103,0.4);
#1638=CYLINDRICAL_SURFACE('',#3107,0.4);
#1639=CYLINDRICAL_SURFACE('',#3110,0.4);
#1640=CYLINDRICAL_SURFACE('',#3113,0.4);
#1641=CYLINDRICAL_SURFACE('',#3117,0.4);
#1642=CYLINDRICAL_SURFACE('',#3121,0.4);
#1643=CYLINDRICAL_SURFACE('',#3124,0.4);
#1644=CYLINDRICAL_SURFACE('',#3127,0.4);
#1645=CYLINDRICAL_SURFACE('',#3131,0.4);
#1646=CYLINDRICAL_SURFACE('',#3135,0.4);
#1647=CYLINDRICAL_SURFACE('',#3138,0.4);
#1648=CYLINDRICAL_SURFACE('',#3141,0.4);
#1649=CYLINDRICAL_SURFACE('',#3145,0.4);
#1650=CYLINDRICAL_SURFACE('',#3149,0.4);
#1651=CYLINDRICAL_SURFACE('',#3152,0.4);
#1652=CYLINDRICAL_SURFACE('',#3155,0.4);
#1653=CYLINDRICAL_SURFACE('',#3159,0.4);
#1654=CYLINDRICAL_SURFACE('',#3163,0.4);
#1655=CYLINDRICAL_SURFACE('',#3166,0.4);
#1656=CYLINDRICAL_SURFACE('',#3169,0.4);
#1657=CYLINDRICAL_SURFACE('',#3173,0.4);
#1658=CYLINDRICAL_SURFACE('',#3177,0.4);
#1659=CYLINDRICAL_SURFACE('',#3180,0.4);
#1660=CYLINDRICAL_SURFACE('',#3183,0.4);
#1661=CYLINDRICAL_SURFACE('',#3187,0.4);
#1662=CYLINDRICAL_SURFACE('',#3191,0.4);
#1663=CYLINDRICAL_SURFACE('',#3194,0.4);
#1664=CYLINDRICAL_SURFACE('',#3197,0.4);
#1665=CYLINDRICAL_SURFACE('',#3201,0.4);
#1666=CYLINDRICAL_SURFACE('',#3205,0.4);
#1667=CYLINDRICAL_SURFACE('',#3208,0.4);
#1668=CYLINDRICAL_SURFACE('',#3211,0.4);
#1669=CYLINDRICAL_SURFACE('',#3215,0.4);
#1670=CYLINDRICAL_SURFACE('',#3219,0.4);
#1671=CYLINDRICAL_SURFACE('',#3222,0.4);
#1672=CYLINDRICAL_SURFACE('',#3225,0.4);
#1673=CYLINDRICAL_SURFACE('',#3229,0.4);
#1674=CYLINDRICAL_SURFACE('',#3233,0.4);
#1675=CYLINDRICAL_SURFACE('',#3236,0.4);
#1676=CYLINDRICAL_SURFACE('',#3239,0.4);
#1677=CYLINDRICAL_SURFACE('',#3243,0.4);
#1678=CYLINDRICAL_SURFACE('',#3247,0.4);
#1679=CYLINDRICAL_SURFACE('',#3250,0.4);
#1680=CYLINDRICAL_SURFACE('',#3253,0.4);
#1681=CYLINDRICAL_SURFACE('',#3257,0.4);
#1682=CYLINDRICAL_SURFACE('',#3261,0.4);
#1683=CYLINDRICAL_SURFACE('',#3264,0.4);
#1684=CYLINDRICAL_SURFACE('',#3267,0.4);
#1685=CYLINDRICAL_SURFACE('',#3271,0.4);
#1686=CYLINDRICAL_SURFACE('',#3275,0.4);
#1687=CYLINDRICAL_SURFACE('',#3278,0.4);
#1688=CYLINDRICAL_SURFACE('',#3281,0.4);
#1689=CYLINDRICAL_SURFACE('',#3285,0.4);
#1690=CYLINDRICAL_SURFACE('',#3289,0.4);
#1691=CYLINDRICAL_SURFACE('',#3292,0.4);
#1692=CYLINDRICAL_SURFACE('',#3295,0.4);
#1693=CYLINDRICAL_SURFACE('',#3299,0.4);
#1694=CYLINDRICAL_SURFACE('',#3303,0.4);
#1695=CYLINDRICAL_SURFACE('',#3306,0.4);
#1696=CYLINDRICAL_SURFACE('',#3309,0.4);
#1697=CYLINDRICAL_SURFACE('',#3313,0.4);
#1698=CYLINDRICAL_SURFACE('',#3317,0.4);
#1699=CYLINDRICAL_SURFACE('',#3320,0.4);
#1700=CYLINDRICAL_SURFACE('',#3323,0.4);
#1701=CYLINDRICAL_SURFACE('',#3327,0.4);
#1702=CYLINDRICAL_SURFACE('',#3331,0.4);
#1703=CYLINDRICAL_SURFACE('',#3334,0.4);
#1704=CYLINDRICAL_SURFACE('',#3337,0.4);
#1705=CYLINDRICAL_SURFACE('',#3341,0.4);
#1706=CYLINDRICAL_SURFACE('',#3345,0.4);
#1707=CYLINDRICAL_SURFACE('',#3348,0.4);
#1708=CYLINDRICAL_SURFACE('',#3351,0.4);
#1709=CYLINDRICAL_SURFACE('',#3355,0.4);
#1710=CYLINDRICAL_SURFACE('',#3359,8.85);
#1711=CYLINDRICAL_SURFACE('',#3365,4.6);
#1712=STYLED_ITEM('',(#1881),#2898);
#1713=STYLED_ITEM('',(#1882),#2899);
#1714=STYLED_ITEM('',(#1883),#2900);
#1715=STYLED_ITEM('',(#1884),#2901);
#1716=STYLED_ITEM('',(#1885),#2902);
#1717=STYLED_ITEM('',(#1886),#2903);
#1718=STYLED_ITEM('',(#1887),#2904);
#1719=STYLED_ITEM('',(#1888),#2905);
#1720=STYLED_ITEM('',(#1889),#2906);
#1721=STYLED_ITEM('',(#1890),#2907);
#1722=STYLED_ITEM('',(#1891),#2908);
#1723=STYLED_ITEM('',(#1892),#2909);
#1724=STYLED_ITEM('',(#1893),#2910);
#1725=STYLED_ITEM('',(#1894),#2911);
#1726=STYLED_ITEM('',(#1895),#2912);
#1727=STYLED_ITEM('',(#1896),#2913);
#1728=STYLED_ITEM('',(#1897),#2914);
#1729=STYLED_ITEM('',(#1898),#2915);
#1730=STYLED_ITEM('',(#1899),#2916);
#1731=STYLED_ITEM('',(#1900),#2917);
#1732=STYLED_ITEM('',(#1901),#2918);
#1733=STYLED_ITEM('',(#1902),#2919);
#1734=STYLED_ITEM('',(#1903),#2920);
#1735=STYLED_ITEM('',(#1904),#2921);
#1736=STYLED_ITEM('',(#1905),#2922);
#1737=STYLED_ITEM('',(#1906),#2923);
#1738=STYLED_ITEM('',(#1907),#2924);
#1739=STYLED_ITEM('',(#1908),#2925);
#1740=STYLED_ITEM('',(#1909),#2926);
#1741=STYLED_ITEM('',(#1910),#2927);
#1742=STYLED_ITEM('',(#1911),#2928);
#1743=STYLED_ITEM('',(#1912),#2929);
#1744=STYLED_ITEM('',(#1913),#2930);
#1745=STYLED_ITEM('',(#1914),#2931);
#1746=STYLED_ITEM('',(#1915),#2932);
#1747=STYLED_ITEM('',(#1916),#2933);
#1748=STYLED_ITEM('',(#1917),#2934);
#1749=STYLED_ITEM('',(#1918),#2935);
#1750=STYLED_ITEM('',(#1919),#2936);
#1751=STYLED_ITEM('',(#1920),#2937);
#1752=STYLED_ITEM('',(#1921),#2938);
#1753=STYLED_ITEM('',(#1922),#2939);
#1754=STYLED_ITEM('',(#1923),#2940);
#1755=STYLED_ITEM('',(#1924),#2941);
#1756=STYLED_ITEM('',(#1925),#2942);
#1757=STYLED_ITEM('',(#1926),#2943);
#1758=STYLED_ITEM('',(#1927),#2944);
#1759=STYLED_ITEM('',(#1928),#2945);
#1760=STYLED_ITEM('',(#1929),#2946);
#1761=STYLED_ITEM('',(#1930),#2947);
#1762=STYLED_ITEM('',(#1931),#2948);
#1763=STYLED_ITEM('',(#1932),#2949);
#1764=STYLED_ITEM('',(#1933),#2950);
#1765=STYLED_ITEM('',(#1934),#2951);
#1766=STYLED_ITEM('',(#1935),#2952);
#1767=STYLED_ITEM('',(#1936),#2953);
#1768=STYLED_ITEM('',(#1937),#2954);
#1769=STYLED_ITEM('',(#1938),#2955);
#1770=STYLED_ITEM('',(#1939),#2956);
#1771=STYLED_ITEM('',(#1940),#2957);
#1772=STYLED_ITEM('',(#1941),#2958);
#1773=STYLED_ITEM('',(#1942),#2959);
#1774=STYLED_ITEM('',(#1943),#2960);
#1775=STYLED_ITEM('',(#1944),#2961);
#1776=STYLED_ITEM('',(#1945),#2962);
#1777=STYLED_ITEM('',(#1946),#2963);
#1778=STYLED_ITEM('',(#1947),#2964);
#1779=STYLED_ITEM('',(#1948),#2965);
#1780=STYLED_ITEM('',(#1949),#2966);
#1781=STYLED_ITEM('',(#1950),#2967);
#1782=STYLED_ITEM('',(#1951),#2968);
#1783=STYLED_ITEM('',(#1952),#2969);
#1784=STYLED_ITEM('',(#1953),#2970);
#1785=STYLED_ITEM('',(#1954),#2971);
#1786=STYLED_ITEM('',(#1955),#2972);
#1787=STYLED_ITEM('',(#1956),#2973);
#1788=STYLED_ITEM('',(#1957),#2974);
#1789=STYLED_ITEM('',(#1958),#2975);
#1790=STYLED_ITEM('',(#1959),#2976);
#1791=STYLED_ITEM('',(#1960),#2977);
#1792=STYLED_ITEM('',(#1961),#2978);
#1793=STYLED_ITEM('',(#1962),#2979);
#1794=STYLED_ITEM('',(#1963),#2980);
#1795=STYLED_ITEM('',(#1964),#2981);
#1796=STYLED_ITEM('',(#1965),#2982);
#1797=STYLED_ITEM('',(#1966),#2983);
#1798=STYLED_ITEM('',(#1967),#2984);
#1799=STYLED_ITEM('',(#1968),#2985);
#1800=STYLED_ITEM('',(#1969),#2986);
#1801=STYLED_ITEM('',(#1970),#2987);
#1802=STYLED_ITEM('',(#1971),#2988);
#1803=STYLED_ITEM('',(#1972),#2989);
#1804=STYLED_ITEM('',(#1973),#2990);
#1805=STYLED_ITEM('',(#1974),#2991);
#1806=STYLED_ITEM('',(#1975),#2992);
#1807=STYLED_ITEM('',(#1976),#2993);
#1808=STYLED_ITEM('',(#1977),#2994);
#1809=STYLED_ITEM('',(#1978),#2995);
#1810=STYLED_ITEM('',(#1979),#2996);
#1811=STYLED_ITEM('',(#1980),#2997);
#1812=STYLED_ITEM('',(#1981),#2998);
#1813=STYLED_ITEM('',(#1982),#2999);
#1814=STYLED_ITEM('',(#1983),#3000);
#1815=STYLED_ITEM('',(#1984),#3001);
#1816=STYLED_ITEM('',(#1985),#3002);
#1817=STYLED_ITEM('',(#1986),#3003);
#1818=STYLED_ITEM('',(#1987),#3004);
#1819=STYLED_ITEM('',(#1988),#3005);
#1820=STYLED_ITEM('',(#1989),#3006);
#1821=STYLED_ITEM('',(#1990),#3007);
#1822=STYLED_ITEM('',(#1991),#3008);
#1823=STYLED_ITEM('',(#1992),#3009);
#1824=STYLED_ITEM('',(#1993),#3010);
#1825=STYLED_ITEM('',(#1994),#3011);
#1826=STYLED_ITEM('',(#1995),#3012);
#1827=STYLED_ITEM('',(#1996),#3013);
#1828=STYLED_ITEM('',(#1997),#3014);
#1829=STYLED_ITEM('',(#1998),#3015);
#1830=STYLED_ITEM('',(#1999),#3016);
#1831=STYLED_ITEM('',(#2000),#3017);
#1832=STYLED_ITEM('',(#2001),#3018);
#1833=STYLED_ITEM('',(#2002),#3019);
#1834=STYLED_ITEM('',(#2003),#3020);
#1835=STYLED_ITEM('',(#2004),#3021);
#1836=STYLED_ITEM('',(#2005),#3022);
#1837=STYLED_ITEM('',(#2006),#3023);
#1838=STYLED_ITEM('',(#2007),#3024);
#1839=STYLED_ITEM('',(#2008),#3025);
#1840=STYLED_ITEM('',(#2009),#3026);
#1841=STYLED_ITEM('',(#2010),#3027);
#1842=STYLED_ITEM('',(#2011),#3028);
#1843=STYLED_ITEM('',(#2012),#3029);
#1844=STYLED_ITEM('',(#2013),#3030);
#1845=STYLED_ITEM('',(#2014),#3031);
#1846=STYLED_ITEM('',(#2015),#3032);
#1847=STYLED_ITEM('',(#2016),#3033);
#1848=STYLED_ITEM('',(#2017),#3034);
#1849=STYLED_ITEM('',(#2018),#3035);
#1850=STYLED_ITEM('',(#2019),#3036);
#1851=STYLED_ITEM('',(#2020),#3037);
#1852=STYLED_ITEM('',(#2021),#3038);
#1853=STYLED_ITEM('',(#2022),#3039);
#1854=STYLED_ITEM('',(#2023),#3040);
#1855=STYLED_ITEM('',(#2024),#3041);
#1856=STYLED_ITEM('',(#2025),#3042);
#1857=STYLED_ITEM('',(#2026),#3043);
#1858=STYLED_ITEM('',(#2027),#3044);
#1859=STYLED_ITEM('',(#2028),#3045);
#1860=STYLED_ITEM('',(#2029),#3046);
#1861=STYLED_ITEM('',(#2030),#3047);
#1862=STYLED_ITEM('',(#2031),#3048);
#1863=STYLED_ITEM('',(#2032),#3049);
#1864=STYLED_ITEM('',(#2033),#3050);
#1865=STYLED_ITEM('',(#2034),#3051);
#1866=STYLED_ITEM('',(#2035),#3052);
#1867=STYLED_ITEM('',(#2036),#3053);
#1868=STYLED_ITEM('',(#2037),#3054);
#1869=STYLED_ITEM('',(#2038),#3055);
#1870=STYLED_ITEM('',(#2039),#3056);
#1871=STYLED_ITEM('',(#2040),#3057);
#1872=STYLED_ITEM('',(#2041),#3058);
#1873=STYLED_ITEM('',(#2042),#3059);
#1874=STYLED_ITEM('',(#2043),#3060);
#1875=STYLED_ITEM('',(#2044),#3061);
#1876=STYLED_ITEM('',(#2045),#3062);
#1877=STYLED_ITEM('',(#2046),#3063);
#1878=STYLED_ITEM('',(#2047),#3064);
#1879=STYLED_ITEM('',(#2048),#3065);
#1880=STYLED_ITEM('',(#2049),#3066);
#1881=PRESENTATION_STYLE_ASSIGNMENT((#2050));
#1882=PRESENTATION_STYLE_ASSIGNMENT((#2051));
#1883=PRESENTATION_STYLE_ASSIGNMENT((#2052));
#1884=PRESENTATION_STYLE_ASSIGNMENT((#2053));
#1885=PRESENTATION_STYLE_ASSIGNMENT((#2054));
#1886=PRESENTATION_STYLE_ASSIGNMENT((#2055));
#1887=PRESENTATION_STYLE_ASSIGNMENT((#2056));
#1888=PRESENTATION_STYLE_ASSIGNMENT((#2057));
#1889=PRESENTATION_STYLE_ASSIGNMENT((#2058));
#1890=PRESENTATION_STYLE_ASSIGNMENT((#2059));
#1891=PRESENTATION_STYLE_ASSIGNMENT((#2060));
#1892=PRESENTATION_STYLE_ASSIGNMENT((#2061));
#1893=PRESENTATION_STYLE_ASSIGNMENT((#2062));
#1894=PRESENTATION_STYLE_ASSIGNMENT((#2063));
#1895=PRESENTATION_STYLE_ASSIGNMENT((#2064));
#1896=PRESENTATION_STYLE_ASSIGNMENT((#2065));
#1897=PRESENTATION_STYLE_ASSIGNMENT((#2066));
#1898=PRESENTATION_STYLE_ASSIGNMENT((#2067));
#1899=PRESENTATION_STYLE_ASSIGNMENT((#2068));
#1900=PRESENTATION_STYLE_ASSIGNMENT((#2069));
#1901=PRESENTATION_STYLE_ASSIGNMENT((#2070));
#1902=PRESENTATION_STYLE_ASSIGNMENT((#2071));
#1903=PRESENTATION_STYLE_ASSIGNMENT((#2072));
#1904=PRESENTATION_STYLE_ASSIGNMENT((#2073));
#1905=PRESENTATION_STYLE_ASSIGNMENT((#2074));
#1906=PRESENTATION_STYLE_ASSIGNMENT((#2075));
#1907=PRESENTATION_STYLE_ASSIGNMENT((#2076));
#1908=PRESENTATION_STYLE_ASSIGNMENT((#2077));
#1909=PRESENTATION_STYLE_ASSIGNMENT((#2078));
#1910=PRESENTATION_STYLE_ASSIGNMENT((#2079));
#1911=PRESENTATION_STYLE_ASSIGNMENT((#2080));
#1912=PRESENTATION_STYLE_ASSIGNMENT((#2081));
#1913=PRESENTATION_STYLE_ASSIGNMENT((#2082));
#1914=PRESENTATION_STYLE_ASSIGNMENT((#2083));
#1915=PRESENTATION_STYLE_ASSIGNMENT((#2084));
#1916=PRESENTATION_STYLE_ASSIGNMENT((#2085));
#1917=PRESENTATION_STYLE_ASSIGNMENT((#2086));
#1918=PRESENTATION_STYLE_ASSIGNMENT((#2087));
#1919=PRESENTATION_STYLE_ASSIGNMENT((#2088));
#1920=PRESENTATION_STYLE_ASSIGNMENT((#2089));
#1921=PRESENTATION_STYLE_ASSIGNMENT((#2090));
#1922=PRESENTATION_STYLE_ASSIGNMENT((#2091));
#1923=PRESENTATION_STYLE_ASSIGNMENT((#2092));
#1924=PRESENTATION_STYLE_ASSIGNMENT((#2093));
#1925=PRESENTATION_STYLE_ASSIGNMENT((#2094));
#1926=PRESENTATION_STYLE_ASSIGNMENT((#2095));
#1927=PRESENTATION_STYLE_ASSIGNMENT((#2096));
#1928=PRESENTATION_STYLE_ASSIGNMENT((#2097));
#1929=PRESENTATION_STYLE_ASSIGNMENT((#2098));
#1930=PRESENTATION_STYLE_ASSIGNMENT((#2099));
#1931=PRESENTATION_STYLE_ASSIGNMENT((#2100));
#1932=PRESENTATION_STYLE_ASSIGNMENT((#2101));
#1933=PRESENTATION_STYLE_ASSIGNMENT((#2102));
#1934=PRESENTATION_STYLE_ASSIGNMENT((#2103));
#1935=PRESENTATION_STYLE_ASSIGNMENT((#2104));
#1936=PRESENTATION_STYLE_ASSIGNMENT((#2105));
#1937=PRESENTATION_STYLE_ASSIGNMENT((#2106));
#1938=PRESENTATION_STYLE_ASSIGNMENT((#2107));
#1939=PRESENTATION_STYLE_ASSIGNMENT((#2108));
#1940=PRESENTATION_STYLE_ASSIGNMENT((#2109));
#1941=PRESENTATION_STYLE_ASSIGNMENT((#2110));
#1942=PRESENTATION_STYLE_ASSIGNMENT((#2111));
#1943=PRESENTATION_STYLE_ASSIGNMENT((#2112));
#1944=PRESENTATION_STYLE_ASSIGNMENT((#2113));
#1945=PRESENTATION_STYLE_ASSIGNMENT((#2114));
#1946=PRESENTATION_STYLE_ASSIGNMENT((#2115));
#1947=PRESENTATION_STYLE_ASSIGNMENT((#2116));
#1948=PRESENTATION_STYLE_ASSIGNMENT((#2117));
#1949=PRESENTATION_STYLE_ASSIGNMENT((#2118));
#1950=PRESENTATION_STYLE_ASSIGNMENT((#2119));
#1951=PRESENTATION_STYLE_ASSIGNMENT((#2120));
#1952=PRESENTATION_STYLE_ASSIGNMENT((#2121));
#1953=PRESENTATION_STYLE_ASSIGNMENT((#2122));
#1954=PRESENTATION_STYLE_ASSIGNMENT((#2123));
#1955=PRESENTATION_STYLE_ASSIGNMENT((#2124));
#1956=PRESENTATION_STYLE_ASSIGNMENT((#2125));
#1957=PRESENTATION_STYLE_ASSIGNMENT((#2126));
#1958=PRESENTATION_STYLE_ASSIGNMENT((#2127));
#1959=PRESENTATION_STYLE_ASSIGNMENT((#2128));
#1960=PRESENTATION_STYLE_ASSIGNMENT((#2129));
#1961=PRESENTATION_STYLE_ASSIGNMENT((#2130));
#1962=PRESENTATION_STYLE_ASSIGNMENT((#2131));
#1963=PRESENTATION_STYLE_ASSIGNMENT((#2132));
#1964=PRESENTATION_STYLE_ASSIGNMENT((#2133));
#1965=PRESENTATION_STYLE_ASSIGNMENT((#2134));
#1966=PRESENTATION_STYLE_ASSIGNMENT((#2135));
#1967=PRESENTATION_STYLE_ASSIGNMENT((#2136));
#1968=PRESENTATION_STYLE_ASSIGNMENT((#2137));
#1969=PRESENTATION_STYLE_ASSIGNMENT((#2138));
#1970=PRESENTATION_STYLE_ASSIGNMENT((#2139));
#1971=PRESENTATION_STYLE_ASSIGNMENT((#2140));
#1972=PRESENTATION_STYLE_ASSIGNMENT((#2141));
#1973=PRESENTATION_STYLE_ASSIGNMENT((#2142));
#1974=PRESENTATION_STYLE_ASSIGNMENT((#2143));
#1975=PRESENTATION_STYLE_ASSIGNMENT((#2144));
#1976=PRESENTATION_STYLE_ASSIGNMENT((#2145));
#1977=PRESENTATION_STYLE_ASSIGNMENT((#2146));
#1978=PRESENTATION_STYLE_ASSIGNMENT((#2147));
#1979=PRESENTATION_STYLE_ASSIGNMENT((#2148));
#1980=PRESENTATION_STYLE_ASSIGNMENT((#2149));
#1981=PRESENTATION_STYLE_ASSIGNMENT((#2150));
#1982=PRESENTATION_STYLE_ASSIGNMENT((#2151));
#1983=PRESENTATION_STYLE_ASSIGNMENT((#2152));
#1984=PRESENTATION_STYLE_ASSIGNMENT((#2153));
#1985=PRESENTATION_STYLE_ASSIGNMENT((#2154));
#1986=PRESENTATION_STYLE_ASSIGNMENT((#2155));
#1987=PRESENTATION_STYLE_ASSIGNMENT((#2156));
#1988=PRESENTATION_STYLE_ASSIGNMENT((#2157));
#1989=PRESENTATION_STYLE_ASSIGNMENT((#2158));
#1990=PRESENTATION_STYLE_ASSIGNMENT((#2159));
#1991=PRESENTATION_STYLE_ASSIGNMENT((#2160));
#1992=PRESENTATION_STYLE_ASSIGNMENT((#2161));
#1993=PRESENTATION_STYLE_ASSIGNMENT((#2162));
#1994=PRESENTATION_STYLE_ASSIGNMENT((#2163));
#1995=PRESENTATION_STYLE_ASSIGNMENT((#2164));
#1996=PRESENTATION_STYLE_ASSIGNMENT((#2165));
#1997=PRESENTATION_STYLE_ASSIGNMENT((#2166));
#1998=PRESENTATION_STYLE_ASSIGNMENT((#2167));
#1999=PRESENTATION_STYLE_ASSIGNMENT((#2168));
#2000=PRESENTATION_STYLE_ASSIGNMENT((#2169));
#2001=PRESENTATION_STYLE_ASSIGNMENT((#2170));
#2002=PRESENTATION_STYLE_ASSIGNMENT((#2171));
#2003=PRESENTATION_STYLE_ASSIGNMENT((#2172));
#2004=PRESENTATION_STYLE_ASSIGNMENT((#2173));
#2005=PRESENTATION_STYLE_ASSIGNMENT((#2174));
#2006=PRESENTATION_STYLE_ASSIGNMENT((#2175));
#2007=PRESENTATION_STYLE_ASSIGNMENT((#2176));
#2008=PRESENTATION_STYLE_ASSIGNMENT((#2177));
#2009=PRESENTATION_STYLE_ASSIGNMENT((#2178));
#2010=PRESENTATION_STYLE_ASSIGNMENT((#2179));
#2011=PRESENTATION_STYLE_ASSIGNMENT((#2180));
#2012=PRESENTATION_STYLE_ASSIGNMENT((#2181));
#2013=PRESENTATION_STYLE_ASSIGNMENT((#2182));
#2014=PRESENTATION_STYLE_ASSIGNMENT((#2183));
#2015=PRESENTATION_STYLE_ASSIGNMENT((#2184));
#2016=PRESENTATION_STYLE_ASSIGNMENT((#2185));
#2017=PRESENTATION_STYLE_ASSIGNMENT((#2186));
#2018=PRESENTATION_STYLE_ASSIGNMENT((#2187));
#2019=PRESENTATION_STYLE_ASSIGNMENT((#2188));
#2020=PRESENTATION_STYLE_ASSIGNMENT((#2189));
#2021=PRESENTATION_STYLE_ASSIGNMENT((#2190));
#2022=PRESENTATION_STYLE_ASSIGNMENT((#2191));
#2023=PRESENTATION_STYLE_ASSIGNMENT((#2192));
#2024=PRESENTATION_STYLE_ASSIGNMENT((#2193));
#2025=PRESENTATION_STYLE_ASSIGNMENT((#2194));
#2026=PRESENTATION_STYLE_ASSIGNMENT((#2195));
#2027=PRESENTATION_STYLE_ASSIGNMENT((#2196));
#2028=PRESENTATION_STYLE_ASSIGNMENT((#2197));
#2029=PRESENTATION_STYLE_ASSIGNMENT((#2198));
#2030=PRESENTATION_STYLE_ASSIGNMENT((#2199));
#2031=PRESENTATION_STYLE_ASSIGNMENT((#2200));
#2032=PRESENTATION_STYLE_ASSIGNMENT((#2201));
#2033=PRESENTATION_STYLE_ASSIGNMENT((#2202));
#2034=PRESENTATION_STYLE_ASSIGNMENT((#2203));
#2035=PRESENTATION_STYLE_ASSIGNMENT((#2204));
#2036=PRESENTATION_STYLE_ASSIGNMENT((#2205));
#2037=PRESENTATION_STYLE_ASSIGNMENT((#2206));
#2038=PRESENTATION_STYLE_ASSIGNMENT((#2207));
#2039=PRESENTATION_STYLE_ASSIGNMENT((#2208));
#2040=PRESENTATION_STYLE_ASSIGNMENT((#2209));
#2041=PRESENTATION_STYLE_ASSIGNMENT((#2210));
#2042=PRESENTATION_STYLE_ASSIGNMENT((#2211));
#2043=PRESENTATION_STYLE_ASSIGNMENT((#2212));
#2044=PRESENTATION_STYLE_ASSIGNMENT((#2213));
#2045=PRESENTATION_STYLE_ASSIGNMENT((#2214));
#2046=PRESENTATION_STYLE_ASSIGNMENT((#2215));
#2047=PRESENTATION_STYLE_ASSIGNMENT((#2216));
#2048=PRESENTATION_STYLE_ASSIGNMENT((#2217));
#2049=PRESENTATION_STYLE_ASSIGNMENT((#2218));
#2050=SURFACE_STYLE_USAGE(.BOTH.,#2219);
#2051=SURFACE_STYLE_USAGE(.BOTH.,#2220);
#2052=SURFACE_STYLE_USAGE(.BOTH.,#2221);
#2053=SURFACE_STYLE_USAGE(.BOTH.,#2222);
#2054=SURFACE_STYLE_USAGE(.BOTH.,#2223);
#2055=SURFACE_STYLE_USAGE(.BOTH.,#2224);
#2056=SURFACE_STYLE_USAGE(.BOTH.,#2225);
#2057=SURFACE_STYLE_USAGE(.BOTH.,#2226);
#2058=SURFACE_STYLE_USAGE(.BOTH.,#2227);
#2059=SURFACE_STYLE_USAGE(.BOTH.,#2228);
#2060=SURFACE_STYLE_USAGE(.BOTH.,#2229);
#2061=SURFACE_STYLE_USAGE(.BOTH.,#2230);
#2062=SURFACE_STYLE_USAGE(.BOTH.,#2231);
#2063=SURFACE_STYLE_USAGE(.BOTH.,#2232);
#2064=SURFACE_STYLE_USAGE(.BOTH.,#2233);
#2065=SURFACE_STYLE_USAGE(.BOTH.,#2234);
#2066=SURFACE_STYLE_USAGE(.BOTH.,#2235);
#2067=SURFACE_STYLE_USAGE(.BOTH.,#2236);
#2068=SURFACE_STYLE_USAGE(.BOTH.,#2237);
#2069=SURFACE_STYLE_USAGE(.BOTH.,#2238);
#2070=SURFACE_STYLE_USAGE(.BOTH.,#2239);
#2071=SURFACE_STYLE_USAGE(.BOTH.,#2240);
#2072=SURFACE_STYLE_USAGE(.BOTH.,#2241);
#2073=SURFACE_STYLE_USAGE(.BOTH.,#2242);
#2074=SURFACE_STYLE_USAGE(.BOTH.,#2243);
#2075=SURFACE_STYLE_USAGE(.BOTH.,#2244);
#2076=SURFACE_STYLE_USAGE(.BOTH.,#2245);
#2077=SURFACE_STYLE_USAGE(.BOTH.,#2246);
#2078=SURFACE_STYLE_USAGE(.BOTH.,#2247);
#2079=SURFACE_STYLE_USAGE(.BOTH.,#2248);
#2080=SURFACE_STYLE_USAGE(.BOTH.,#2249);
#2081=SURFACE_STYLE_USAGE(.BOTH.,#2250);
#2082=SURFACE_STYLE_USAGE(.BOTH.,#2251);
#2083=SURFACE_STYLE_USAGE(.BOTH.,#2252);
#2084=SURFACE_STYLE_USAGE(.BOTH.,#2253);
#2085=SURFACE_STYLE_USAGE(.BOTH.,#2254);
#2086=SURFACE_STYLE_USAGE(.BOTH.,#2255);
#2087=SURFACE_STYLE_USAGE(.BOTH.,#2256);
#2088=SURFACE_STYLE_USAGE(.BOTH.,#2257);
#2089=SURFACE_STYLE_USAGE(.BOTH.,#2258);
#2090=SURFACE_STYLE_USAGE(.BOTH.,#2259);
#2091=SURFACE_STYLE_USAGE(.BOTH.,#2260);
#2092=SURFACE_STYLE_USAGE(.BOTH.,#2261);
#2093=SURFACE_STYLE_USAGE(.BOTH.,#2262);
#2094=SURFACE_STYLE_USAGE(.BOTH.,#2263);
#2095=SURFACE_STYLE_USAGE(.BOTH.,#2264);
#2096=SURFACE_STYLE_USAGE(.BOTH.,#2265);
#2097=SURFACE_STYLE_USAGE(.BOTH.,#2266);
#2098=SURFACE_STYLE_USAGE(.BOTH.,#2267);
#2099=SURFACE_STYLE_USAGE(.BOTH.,#2268);
#2100=SURFACE_STYLE_USAGE(.BOTH.,#2269);
#2101=SURFACE_STYLE_USAGE(.BOTH.,#2270);
#2102=SURFACE_STYLE_USAGE(.BOTH.,#2271);
#2103=SURFACE_STYLE_USAGE(.BOTH.,#2272);
#2104=SURFACE_STYLE_USAGE(.BOTH.,#2273);
#2105=SURFACE_STYLE_USAGE(.BOTH.,#2274);
#2106=SURFACE_STYLE_USAGE(.BOTH.,#2275);
#2107=SURFACE_STYLE_USAGE(.BOTH.,#2276);
#2108=SURFACE_STYLE_USAGE(.BOTH.,#2277);
#2109=SURFACE_STYLE_USAGE(.BOTH.,#2278);
#2110=SURFACE_STYLE_USAGE(.BOTH.,#2279);
#2111=SURFACE_STYLE_USAGE(.BOTH.,#2280);
#2112=SURFACE_STYLE_USAGE(.BOTH.,#2281);
#2113=SURFACE_STYLE_USAGE(.BOTH.,#2282);
#2114=SURFACE_STYLE_USAGE(.BOTH.,#2283);
#2115=SURFACE_STYLE_USAGE(.BOTH.,#2284);
#2116=SURFACE_STYLE_USAGE(.BOTH.,#2285);
#2117=SURFACE_STYLE_USAGE(.BOTH.,#2286);
#2118=SURFACE_STYLE_USAGE(.BOTH.,#2287);
#2119=SURFACE_STYLE_USAGE(.BOTH.,#2288);
#2120=SURFACE_STYLE_USAGE(.BOTH.,#2289);
#2121=SURFACE_STYLE_USAGE(.BOTH.,#2290);
#2122=SURFACE_STYLE_USAGE(.BOTH.,#2291);
#2123=SURFACE_STYLE_USAGE(.BOTH.,#2292);
#2124=SURFACE_STYLE_USAGE(.BOTH.,#2293);
#2125=SURFACE_STYLE_USAGE(.BOTH.,#2294);
#2126=SURFACE_STYLE_USAGE(.BOTH.,#2295);
#2127=SURFACE_STYLE_USAGE(.BOTH.,#2296);
#2128=SURFACE_STYLE_USAGE(.BOTH.,#2297);
#2129=SURFACE_STYLE_USAGE(.BOTH.,#2298);
#2130=SURFACE_STYLE_USAGE(.BOTH.,#2299);
#2131=SURFACE_STYLE_USAGE(.BOTH.,#2300);
#2132=SURFACE_STYLE_USAGE(.BOTH.,#2301);
#2133=SURFACE_STYLE_USAGE(.BOTH.,#2302);
#2134=SURFACE_STYLE_USAGE(.BOTH.,#2303);
#2135=SURFACE_STYLE_USAGE(.BOTH.,#2304);
#2136=SURFACE_STYLE_USAGE(.BOTH.,#2305);
#2137=SURFACE_STYLE_USAGE(.BOTH.,#2306);
#2138=SURFACE_STYLE_USAGE(.BOTH.,#2307);
#2139=SURFACE_STYLE_USAGE(.BOTH.,#2308);
#2140=SURFACE_STYLE_USAGE(.BOTH.,#2309);
#2141=SURFACE_STYLE_USAGE(.BOTH.,#2310);
#2142=SURFACE_STYLE_USAGE(.BOTH.,#2311);
#2143=SURFACE_STYLE_USAGE(.BOTH.,#2312);
#2144=SURFACE_STYLE_USAGE(.BOTH.,#2313);
#2145=SURFACE_STYLE_USAGE(.BOTH.,#2314);
#2146=SURFACE_STYLE_USAGE(.BOTH.,#2315);
#2147=SURFACE_STYLE_USAGE(.BOTH.,#2316);
#2148=SURFACE_STYLE_USAGE(.BOTH.,#2317);
#2149=SURFACE_STYLE_USAGE(.BOTH.,#2318);
#2150=SURFACE_STYLE_USAGE(.BOTH.,#2319);
#2151=SURFACE_STYLE_USAGE(.BOTH.,#2320);
#2152=SURFACE_STYLE_USAGE(.BOTH.,#2321);
#2153=SURFACE_STYLE_USAGE(.BOTH.,#2322);
#2154=SURFACE_STYLE_USAGE(.BOTH.,#2323);
#2155=SURFACE_STYLE_USAGE(.BOTH.,#2324);
#2156=SURFACE_STYLE_USAGE(.BOTH.,#2325);
#2157=SURFACE_STYLE_USAGE(.BOTH.,#2326);
#2158=SURFACE_STYLE_USAGE(.BOTH.,#2327);
#2159=SURFACE_STYLE_USAGE(.BOTH.,#2328);
#2160=SURFACE_STYLE_USAGE(.BOTH.,#2329);
#2161=SURFACE_STYLE_USAGE(.BOTH.,#2330);
#2162=SURFACE_STYLE_USAGE(.BOTH.,#2331);
#2163=SURFACE_STYLE_USAGE(.BOTH.,#2332);
#2164=SURFACE_STYLE_USAGE(.BOTH.,#2333);
#2165=SURFACE_STYLE_USAGE(.BOTH.,#2334);
#2166=SURFACE_STYLE_USAGE(.BOTH.,#2335);
#2167=SURFACE_STYLE_USAGE(.BOTH.,#2336);
#2168=SURFACE_STYLE_USAGE(.BOTH.,#2337);
#2169=SURFACE_STYLE_USAGE(.BOTH.,#2338);
#2170=SURFACE_STYLE_USAGE(.BOTH.,#2339);
#2171=SURFACE_STYLE_USAGE(.BOTH.,#2340);
#2172=SURFACE_STYLE_USAGE(.BOTH.,#2341);
#2173=SURFACE_STYLE_USAGE(.BOTH.,#2342);
#2174=SURFACE_STYLE_USAGE(.BOTH.,#2343);
#2175=SURFACE_STYLE_USAGE(.BOTH.,#2344);
#2176=SURFACE_STYLE_USAGE(.BOTH.,#2345);
#2177=SURFACE_STYLE_USAGE(.BOTH.,#2346);
#2178=SURFACE_STYLE_USAGE(.BOTH.,#2347);
#2179=SURFACE_STYLE_USAGE(.BOTH.,#2348);
#2180=SURFACE_STYLE_USAGE(.BOTH.,#2349);
#2181=SURFACE_STYLE_USAGE(.BOTH.,#2350);
#2182=SURFACE_STYLE_USAGE(.BOTH.,#2351);
#2183=SURFACE_STYLE_USAGE(.BOTH.,#2352);
#2184=SURFACE_STYLE_USAGE(.BOTH.,#2353);
#2185=SURFACE_STYLE_USAGE(.BOTH.,#2354);
#2186=SURFACE_STYLE_USAGE(.BOTH.,#2355);
#2187=SURFACE_STYLE_USAGE(.BOTH.,#2356);
#2188=SURFACE_STYLE_USAGE(.BOTH.,#2357);
#2189=SURFACE_STYLE_USAGE(.BOTH.,#2358);
#2190=SURFACE_STYLE_USAGE(.BOTH.,#2359);
#2191=SURFACE_STYLE_USAGE(.BOTH.,#2360);
#2192=SURFACE_STYLE_USAGE(.BOTH.,#2361);
#2193=SURFACE_STYLE_USAGE(.BOTH.,#2362);
#2194=SURFACE_STYLE_USAGE(.BOTH.,#2363);
#2195=SURFACE_STYLE_USAGE(.BOTH.,#2364);
#2196=SURFACE_STYLE_USAGE(.BOTH.,#2365);
#2197=SURFACE_STYLE_USAGE(.BOTH.,#2366);
#2198=SURFACE_STYLE_USAGE(.BOTH.,#2367);
#2199=SURFACE_STYLE_USAGE(.BOTH.,#2368);
#2200=SURFACE_STYLE_USAGE(.BOTH.,#2369);
#2201=SURFACE_STYLE_USAGE(.BOTH.,#2370);
#2202=SURFACE_STYLE_USAGE(.BOTH.,#2371);
#2203=SURFACE_STYLE_USAGE(.BOTH.,#2372);
#2204=SURFACE_STYLE_USAGE(.BOTH.,#2373);
#2205=SURFACE_STYLE_USAGE(.BOTH.,#2374);
#2206=SURFACE_STYLE_USAGE(.BOTH.,#2375);
#2207=SURFACE_STYLE_USAGE(.BOTH.,#2376);
#2208=SURFACE_STYLE_USAGE(.BOTH.,#2377);
#2209=SURFACE_STYLE_USAGE(.BOTH.,#2378);
#2210=SURFACE_STYLE_USAGE(.BOTH.,#2379);
#2211=SURFACE_STYLE_USAGE(.BOTH.,#2380);
#2212=SURFACE_STYLE_USAGE(.BOTH.,#2381);
#2213=SURFACE_STYLE_USAGE(.BOTH.,#2382);
#2214=SURFACE_STYLE_USAGE(.BOTH.,#2383);
#2215=SURFACE_STYLE_USAGE(.BOTH.,#2384);
#2216=SURFACE_STYLE_USAGE(.BOTH.,#2385);
#2217=SURFACE_STYLE_USAGE(.BOTH.,#2386);
#2218=SURFACE_STYLE_USAGE(.BOTH.,#2387);
#2219=SURFACE_SIDE_STYLE('',(#2388));
#2220=SURFACE_SIDE_STYLE('',(#2389));
#2221=SURFACE_SIDE_STYLE('',(#2390));
#2222=SURFACE_SIDE_STYLE('',(#2391));
#2223=SURFACE_SIDE_STYLE('',(#2392));
#2224=SURFACE_SIDE_STYLE('',(#2393));
#2225=SURFACE_SIDE_STYLE('',(#2394));
#2226=SURFACE_SIDE_STYLE('',(#2395));
#2227=SURFACE_SIDE_STYLE('',(#2396));
#2228=SURFACE_SIDE_STYLE('',(#2397));
#2229=SURFACE_SIDE_STYLE('',(#2398));
#2230=SURFACE_SIDE_STYLE('',(#2399));
#2231=SURFACE_SIDE_STYLE('',(#2400));
#2232=SURFACE_SIDE_STYLE('',(#2401));
#2233=SURFACE_SIDE_STYLE('',(#2402));
#2234=SURFACE_SIDE_STYLE('',(#2403));
#2235=SURFACE_SIDE_STYLE('',(#2404));
#2236=SURFACE_SIDE_STYLE('',(#2405));
#2237=SURFACE_SIDE_STYLE('',(#2406));
#2238=SURFACE_SIDE_STYLE('',(#2407));
#2239=SURFACE_SIDE_STYLE('',(#2408));
#2240=SURFACE_SIDE_STYLE('',(#2409));
#2241=SURFACE_SIDE_STYLE('',(#2410));
#2242=SURFACE_SIDE_STYLE('',(#2411));
#2243=SURFACE_SIDE_STYLE('',(#2412));
#2244=SURFACE_SIDE_STYLE('',(#2413));
#2245=SURFACE_SIDE_STYLE('',(#2414));
#2246=SURFACE_SIDE_STYLE('',(#2415));
#2247=SURFACE_SIDE_STYLE('',(#2416));
#2248=SURFACE_SIDE_STYLE('',(#2417));
#2249=SURFACE_SIDE_STYLE('',(#2418));
#2250=SURFACE_SIDE_STYLE('',(#2419));
#2251=SURFACE_SIDE_STYLE('',(#2420));
#2252=SURFACE_SIDE_STYLE('',(#2421));
#2253=SURFACE_SIDE_STYLE('',(#2422));
#2254=SURFACE_SIDE_STYLE('',(#2423));
#2255=SURFACE_SIDE_STYLE('',(#2424));
#2256=SURFACE_SIDE_STYLE('',(#2425));
#2257=SURFACE_SIDE_STYLE('',(#2426));
#2258=SURFACE_SIDE_STYLE('',(#2427));
#2259=SURFACE_SIDE_STYLE('',(#2428));
#2260=SURFACE_SIDE_STYLE('',(#2429));
#2261=SURFACE_SIDE_STYLE('',(#2430));
#2262=SURFACE_SIDE_STYLE('',(#2431));
#2263=SURFACE_SIDE_STYLE('',(#2432));
#2264=SURFACE_SIDE_STYLE('',(#2433));
#2265=SURFACE_SIDE_STYLE('',(#2434));
#2266=SURFACE_SIDE_STYLE('',(#2435));
#2267=SURFACE_SIDE_STYLE('',(#2436));
#2268=SURFACE_SIDE_STYLE('',(#2437));
#2269=SURFACE_SIDE_STYLE('',(#2438));
#2270=SURFACE_SIDE_STYLE('',(#2439));
#2271=SURFACE_SIDE_STYLE('',(#2440));
#2272=SURFACE_SIDE_STYLE('',(#2441));
#2273=SURFACE_SIDE_STYLE('',(#2442));
#2274=SURFACE_SIDE_STYLE('',(#2443));
#2275=SURFACE_SIDE_STYLE('',(#2444));
#2276=SURFACE_SIDE_STYLE('',(#2445));
#2277=SURFACE_SIDE_STYLE('',(#2446));
#2278=SURFACE_SIDE_STYLE('',(#2447));
#2279=SURFACE_SIDE_STYLE('',(#2448));
#2280=SURFACE_SIDE_STYLE('',(#2449));
#2281=SURFACE_SIDE_STYLE('',(#2450));
#2282=SURFACE_SIDE_STYLE('',(#2451));
#2283=SURFACE_SIDE_STYLE('',(#2452));
#2284=SURFACE_SIDE_STYLE('',(#2453));
#2285=SURFACE_SIDE_STYLE('',(#2454));
#2286=SURFACE_SIDE_STYLE('',(#2455));
#2287=SURFACE_SIDE_STYLE('',(#2456));
#2288=SURFACE_SIDE_STYLE('',(#2457));
#2289=SURFACE_SIDE_STYLE('',(#2458));
#2290=SURFACE_SIDE_STYLE('',(#2459));
#2291=SURFACE_SIDE_STYLE('',(#2460));
#2292=SURFACE_SIDE_STYLE('',(#2461));
#2293=SURFACE_SIDE_STYLE('',(#2462));
#2294=SURFACE_SIDE_STYLE('',(#2463));
#2295=SURFACE_SIDE_STYLE('',(#2464));
#2296=SURFACE_SIDE_STYLE('',(#2465));
#2297=SURFACE_SIDE_STYLE('',(#2466));
#2298=SURFACE_SIDE_STYLE('',(#2467));
#2299=SURFACE_SIDE_STYLE('',(#2468));
#2300=SURFACE_SIDE_STYLE('',(#2469));
#2301=SURFACE_SIDE_STYLE('',(#2470));
#2302=SURFACE_SIDE_STYLE('',(#2471));
#2303=SURFACE_SIDE_STYLE('',(#2472));
#2304=SURFACE_SIDE_STYLE('',(#2473));
#2305=SURFACE_SIDE_STYLE('',(#2474));
#2306=SURFACE_SIDE_STYLE('',(#2475));
#2307=SURFACE_SIDE_STYLE('',(#2476));
#2308=SURFACE_SIDE_STYLE('',(#2477));
#2309=SURFACE_SIDE_STYLE('',(#2478));
#2310=SURFACE_SIDE_STYLE('',(#2479));
#2311=SURFACE_SIDE_STYLE('',(#2480));
#2312=SURFACE_SIDE_STYLE('',(#2481));
#2313=SURFACE_SIDE_STYLE('',(#2482));
#2314=SURFACE_SIDE_STYLE('',(#2483));
#2315=SURFACE_SIDE_STYLE('',(#2484));
#2316=SURFACE_SIDE_STYLE('',(#2485));
#2317=SURFACE_SIDE_STYLE('',(#2486));
#2318=SURFACE_SIDE_STYLE('',(#2487));
#2319=SURFACE_SIDE_STYLE('',(#2488));
#2320=SURFACE_SIDE_STYLE('',(#2489));
#2321=SURFACE_SIDE_STYLE('',(#2490));
#2322=SURFACE_SIDE_STYLE('',(#2491));
#2323=SURFACE_SIDE_STYLE('',(#2492));
#2324=SURFACE_SIDE_STYLE('',(#2493));
#2325=SURFACE_SIDE_STYLE('',(#2494));
#2326=SURFACE_SIDE_STYLE('',(#2495));
#2327=SURFACE_SIDE_STYLE('',(#2496));
#2328=SURFACE_SIDE_STYLE('',(#2497));
#2329=SURFACE_SIDE_STYLE('',(#2498));
#2330=SURFACE_SIDE_STYLE('',(#2499));
#2331=SURFACE_SIDE_STYLE('',(#2500));
#2332=SURFACE_SIDE_STYLE('',(#2501));
#2333=SURFACE_SIDE_STYLE('',(#2502));
#2334=SURFACE_SIDE_STYLE('',(#2503));
#2335=SURFACE_SIDE_STYLE('',(#2504));
#2336=SURFACE_SIDE_STYLE('',(#2505));
#2337=SURFACE_SIDE_STYLE('',(#2506));
#2338=SURFACE_SIDE_STYLE('',(#2507));
#2339=SURFACE_SIDE_STYLE('',(#2508));
#2340=SURFACE_SIDE_STYLE('',(#2509));
#2341=SURFACE_SIDE_STYLE('',(#2510));
#2342=SURFACE_SIDE_STYLE('',(#2511));
#2343=SURFACE_SIDE_STYLE('',(#2512));
#2344=SURFACE_SIDE_STYLE('',(#2513));
#2345=SURFACE_SIDE_STYLE('',(#2514));
#2346=SURFACE_SIDE_STYLE('',(#2515));
#2347=SURFACE_SIDE_STYLE('',(#2516));
#2348=SURFACE_SIDE_STYLE('',(#2517));
#2349=SURFACE_SIDE_STYLE('',(#2518));
#2350=SURFACE_SIDE_STYLE('',(#2519));
#2351=SURFACE_SIDE_STYLE('',(#2520));
#2352=SURFACE_SIDE_STYLE('',(#2521));
#2353=SURFACE_SIDE_STYLE('',(#2522));
#2354=SURFACE_SIDE_STYLE('',(#2523));
#2355=SURFACE_SIDE_STYLE('',(#2524));
#2356=SURFACE_SIDE_STYLE('',(#2525));
#2357=SURFACE_SIDE_STYLE('',(#2526));
#2358=SURFACE_SIDE_STYLE('',(#2527));
#2359=SURFACE_SIDE_STYLE('',(#2528));
#2360=SURFACE_SIDE_STYLE('',(#2529));
#2361=SURFACE_SIDE_STYLE('',(#2530));
#2362=SURFACE_SIDE_STYLE('',(#2531));
#2363=SURFACE_SIDE_STYLE('',(#2532));
#2364=SURFACE_SIDE_STYLE('',(#2533));
#2365=SURFACE_SIDE_STYLE('',(#2534));
#2366=SURFACE_SIDE_STYLE('',(#2535));
#2367=SURFACE_SIDE_STYLE('',(#2536));
#2368=SURFACE_SIDE_STYLE('',(#2537));
#2369=SURFACE_SIDE_STYLE('',(#2538));
#2370=SURFACE_SIDE_STYLE('',(#2539));
#2371=SURFACE_SIDE_STYLE('',(#2540));
#2372=SURFACE_SIDE_STYLE('',(#2541));
#2373=SURFACE_SIDE_STYLE('',(#2542));
#2374=SURFACE_SIDE_STYLE('',(#2543));
#2375=SURFACE_SIDE_STYLE('',(#2544));
#2376=SURFACE_SIDE_STYLE('',(#2545));
#2377=SURFACE_SIDE_STYLE('',(#2546));
#2378=SURFACE_SIDE_STYLE('',(#2547));
#2379=SURFACE_SIDE_STYLE('',(#2548));
#2380=SURFACE_SIDE_STYLE('',(#2549));
#2381=SURFACE_SIDE_STYLE('',(#2550));
#2382=SURFACE_SIDE_STYLE('',(#2551));
#2383=SURFACE_SIDE_STYLE('',(#2552));
#2384=SURFACE_SIDE_STYLE('',(#2553));
#2385=SURFACE_SIDE_STYLE('',(#2554));
#2386=SURFACE_SIDE_STYLE('',(#2555));
#2387=SURFACE_SIDE_STYLE('',(#2556));
#2388=SURFACE_STYLE_FILL_AREA(#2557);
#2389=SURFACE_STYLE_FILL_AREA(#2558);
#2390=SURFACE_STYLE_FILL_AREA(#2559);
#2391=SURFACE_STYLE_FILL_AREA(#2560);
#2392=SURFACE_STYLE_FILL_AREA(#2561);
#2393=SURFACE_STYLE_FILL_AREA(#2562);
#2394=SURFACE_STYLE_FILL_AREA(#2563);
#2395=SURFACE_STYLE_FILL_AREA(#2564);
#2396=SURFACE_STYLE_FILL_AREA(#2565);
#2397=SURFACE_STYLE_FILL_AREA(#2566);
#2398=SURFACE_STYLE_FILL_AREA(#2567);
#2399=SURFACE_STYLE_FILL_AREA(#2568);
#2400=SURFACE_STYLE_FILL_AREA(#2569);
#2401=SURFACE_STYLE_FILL_AREA(#2570);
#2402=SURFACE_STYLE_FILL_AREA(#2571);
#2403=SURFACE_STYLE_FILL_AREA(#2572);
#2404=SURFACE_STYLE_FILL_AREA(#2573);
#2405=SURFACE_STYLE_FILL_AREA(#2574);
#2406=SURFACE_STYLE_FILL_AREA(#2575);
#2407=SURFACE_STYLE_FILL_AREA(#2576);
#2408=SURFACE_STYLE_FILL_AREA(#2577);
#2409=SURFACE_STYLE_FILL_AREA(#2578);
#2410=SURFACE_STYLE_FILL_AREA(#2579);
#2411=SURFACE_STYLE_FILL_AREA(#2580);
#2412=SURFACE_STYLE_FILL_AREA(#2581);
#2413=SURFACE_STYLE_FILL_AREA(#2582);
#2414=SURFACE_STYLE_FILL_AREA(#2583);
#2415=SURFACE_STYLE_FILL_AREA(#2584);
#2416=SURFACE_STYLE_FILL_AREA(#2585);
#2417=SURFACE_STYLE_FILL_AREA(#2586);
#2418=SURFACE_STYLE_FILL_AREA(#2587);
#2419=SURFACE_STYLE_FILL_AREA(#2588);
#2420=SURFACE_STYLE_FILL_AREA(#2589);
#2421=SURFACE_STYLE_FILL_AREA(#2590);
#2422=SURFACE_STYLE_FILL_AREA(#2591);
#2423=SURFACE_STYLE_FILL_AREA(#2592);
#2424=SURFACE_STYLE_FILL_AREA(#2593);
#2425=SURFACE_STYLE_FILL_AREA(#2594);
#2426=SURFACE_STYLE_FILL_AREA(#2595);
#2427=SURFACE_STYLE_FILL_AREA(#2596);
#2428=SURFACE_STYLE_FILL_AREA(#2597);
#2429=SURFACE_STYLE_FILL_AREA(#2598);
#2430=SURFACE_STYLE_FILL_AREA(#2599);
#2431=SURFACE_STYLE_FILL_AREA(#2600);
#2432=SURFACE_STYLE_FILL_AREA(#2601);
#2433=SURFACE_STYLE_FILL_AREA(#2602);
#2434=SURFACE_STYLE_FILL_AREA(#2603);
#2435=SURFACE_STYLE_FILL_AREA(#2604);
#2436=SURFACE_STYLE_FILL_AREA(#2605);
#2437=SURFACE_STYLE_FILL_AREA(#2606);
#2438=SURFACE_STYLE_FILL_AREA(#2607);
#2439=SURFACE_STYLE_FILL_AREA(#2608);
#2440=SURFACE_STYLE_FILL_AREA(#2609);
#2441=SURFACE_STYLE_FILL_AREA(#2610);
#2442=SURFACE_STYLE_FILL_AREA(#2611);
#2443=SURFACE_STYLE_FILL_AREA(#2612);
#2444=SURFACE_STYLE_FILL_AREA(#2613);
#2445=SURFACE_STYLE_FILL_AREA(#2614);
#2446=SURFACE_STYLE_FILL_AREA(#2615);
#2447=SURFACE_STYLE_FILL_AREA(#2616);
#2448=SURFACE_STYLE_FILL_AREA(#2617);
#2449=SURFACE_STYLE_FILL_AREA(#2618);
#2450=SURFACE_STYLE_FILL_AREA(#2619);
#2451=SURFACE_STYLE_FILL_AREA(#2620);
#2452=SURFACE_STYLE_FILL_AREA(#2621);
#2453=SURFACE_STYLE_FILL_AREA(#2622);
#2454=SURFACE_STYLE_FILL_AREA(#2623);
#2455=SURFACE_STYLE_FILL_AREA(#2624);
#2456=SURFACE_STYLE_FILL_AREA(#2625);
#2457=SURFACE_STYLE_FILL_AREA(#2626);
#2458=SURFACE_STYLE_FILL_AREA(#2627);
#2459=SURFACE_STYLE_FILL_AREA(#2628);
#2460=SURFACE_STYLE_FILL_AREA(#2629);
#2461=SURFACE_STYLE_FILL_AREA(#2630);
#2462=SURFACE_STYLE_FILL_AREA(#2631);
#2463=SURFACE_STYLE_FILL_AREA(#2632);
#2464=SURFACE_STYLE_FILL_AREA(#2633);
#2465=SURFACE_STYLE_FILL_AREA(#2634);
#2466=SURFACE_STYLE_FILL_AREA(#2635);
#2467=SURFACE_STYLE_FILL_AREA(#2636);
#2468=SURFACE_STYLE_FILL_AREA(#2637);
#2469=SURFACE_STYLE_FILL_AREA(#2638);
#2470=SURFACE_STYLE_FILL_AREA(#2639);
#2471=SURFACE_STYLE_FILL_AREA(#2640);
#2472=SURFACE_STYLE_FILL_AREA(#2641);
#2473=SURFACE_STYLE_FILL_AREA(#2642);
#2474=SURFACE_STYLE_FILL_AREA(#2643);
#2475=SURFACE_STYLE_FILL_AREA(#2644);
#2476=SURFACE_STYLE_FILL_AREA(#2645);
#2477=SURFACE_STYLE_FILL_AREA(#2646);
#2478=SURFACE_STYLE_FILL_AREA(#2647);
#2479=SURFACE_STYLE_FILL_AREA(#2648);
#2480=SURFACE_STYLE_FILL_AREA(#2649);
#2481=SURFACE_STYLE_FILL_AREA(#2650);
#2482=SURFACE_STYLE_FILL_AREA(#2651);
#2483=SURFACE_STYLE_FILL_AREA(#2652);
#2484=SURFACE_STYLE_FILL_AREA(#2653);
#2485=SURFACE_STYLE_FILL_AREA(#2654);
#2486=SURFACE_STYLE_FILL_AREA(#2655);
#2487=SURFACE_STYLE_FILL_AREA(#2656);
#2488=SURFACE_STYLE_FILL_AREA(#2657);
#2489=SURFACE_STYLE_FILL_AREA(#2658);
#2490=SURFACE_STYLE_FILL_AREA(#2659);
#2491=SURFACE_STYLE_FILL_AREA(#2660);
#2492=SURFACE_STYLE_FILL_AREA(#2661);
#2493=SURFACE_STYLE_FILL_AREA(#2662);
#2494=SURFACE_STYLE_FILL_AREA(#2663);
#2495=SURFACE_STYLE_FILL_AREA(#2664);
#2496=SURFACE_STYLE_FILL_AREA(#2665);
#2497=SURFACE_STYLE_FILL_AREA(#2666);
#2498=SURFACE_STYLE_FILL_AREA(#2667);
#2499=SURFACE_STYLE_FILL_AREA(#2668);
#2500=SURFACE_STYLE_FILL_AREA(#2669);
#2501=SURFACE_STYLE_FILL_AREA(#2670);
#2502=SURFACE_STYLE_FILL_AREA(#2671);
#2503=SURFACE_STYLE_FILL_AREA(#2672);
#2504=SURFACE_STYLE_FILL_AREA(#2673);
#2505=SURFACE_STYLE_FILL_AREA(#2674);
#2506=SURFACE_STYLE_FILL_AREA(#2675);
#2507=SURFACE_STYLE_FILL_AREA(#2676);
#2508=SURFACE_STYLE_FILL_AREA(#2677);
#2509=SURFACE_STYLE_FILL_AREA(#2678);
#2510=SURFACE_STYLE_FILL_AREA(#2679);
#2511=SURFACE_STYLE_FILL_AREA(#2680);
#2512=SURFACE_STYLE_FILL_AREA(#2681);
#2513=SURFACE_STYLE_FILL_AREA(#2682);
#2514=SURFACE_STYLE_FILL_AREA(#2683);
#2515=SURFACE_STYLE_FILL_AREA(#2684);
#2516=SURFACE_STYLE_FILL_AREA(#2685);
#2517=SURFACE_STYLE_FILL_AREA(#2686);
#2518=SURFACE_STYLE_FILL_AREA(#2687);
#2519=SURFACE_STYLE_FILL_AREA(#2688);
#2520=SURFACE_STYLE_FILL_AREA(#2689);
#2521=SURFACE_STYLE_FILL_AREA(#2690);
#2522=SURFACE_STYLE_FILL_AREA(#2691);
#2523=SURFACE_STYLE_FILL_AREA(#2692);
#2524=SURFACE_STYLE_FILL_AREA(#2693);
#2525=SURFACE_STYLE_FILL_AREA(#2694);
#2526=SURFACE_STYLE_FILL_AREA(#2695);
#2527=SURFACE_STYLE_FILL_AREA(#2696);
#2528=SURFACE_STYLE_FILL_AREA(#2697);
#2529=SURFACE_STYLE_FILL_AREA(#2698);
#2530=SURFACE_STYLE_FILL_AREA(#2699);
#2531=SURFACE_STYLE_FILL_AREA(#2700);
#2532=SURFACE_STYLE_FILL_AREA(#2701);
#2533=SURFACE_STYLE_FILL_AREA(#2702);
#2534=SURFACE_STYLE_FILL_AREA(#2703);
#2535=SURFACE_STYLE_FILL_AREA(#2704);
#2536=SURFACE_STYLE_FILL_AREA(#2705);
#2537=SURFACE_STYLE_FILL_AREA(#2706);
#2538=SURFACE_STYLE_FILL_AREA(#2707);
#2539=SURFACE_STYLE_FILL_AREA(#2708);
#2540=SURFACE_STYLE_FILL_AREA(#2709);
#2541=SURFACE_STYLE_FILL_AREA(#2710);
#2542=SURFACE_STYLE_FILL_AREA(#2711);
#2543=SURFACE_STYLE_FILL_AREA(#2712);
#2544=SURFACE_STYLE_FILL_AREA(#2713);
#2545=SURFACE_STYLE_FILL_AREA(#2714);
#2546=SURFACE_STYLE_FILL_AREA(#2715);
#2547=SURFACE_STYLE_FILL_AREA(#2716);
#2548=SURFACE_STYLE_FILL_AREA(#2717);
#2549=SURFACE_STYLE_FILL_AREA(#2718);
#2550=SURFACE_STYLE_FILL_AREA(#2719);
#2551=SURFACE_STYLE_FILL_AREA(#2720);
#2552=SURFACE_STYLE_FILL_AREA(#2721);
#2553=SURFACE_STYLE_FILL_AREA(#2722);
#2554=SURFACE_STYLE_FILL_AREA(#2723);
#2555=SURFACE_STYLE_FILL_AREA(#2724);
#2556=SURFACE_STYLE_FILL_AREA(#2725);
#2557=FILL_AREA_STYLE('',(#2726));
#2558=FILL_AREA_STYLE('',(#2727));
#2559=FILL_AREA_STYLE('',(#2728));
#2560=FILL_AREA_STYLE('',(#2729));
#2561=FILL_AREA_STYLE('',(#2730));
#2562=FILL_AREA_STYLE('',(#2731));
#2563=FILL_AREA_STYLE('',(#2732));
#2564=FILL_AREA_STYLE('',(#2733));
#2565=FILL_AREA_STYLE('',(#2734));
#2566=FILL_AREA_STYLE('',(#2735));
#2567=FILL_AREA_STYLE('',(#2736));
#2568=FILL_AREA_STYLE('',(#2737));
#2569=FILL_AREA_STYLE('',(#2738));
#2570=FILL_AREA_STYLE('',(#2739));
#2571=FILL_AREA_STYLE('',(#2740));
#2572=FILL_AREA_STYLE('',(#2741));
#2573=FILL_AREA_STYLE('',(#2742));
#2574=FILL_AREA_STYLE('',(#2743));
#2575=FILL_AREA_STYLE('',(#2744));
#2576=FILL_AREA_STYLE('',(#2745));
#2577=FILL_AREA_STYLE('',(#2746));
#2578=FILL_AREA_STYLE('',(#2747));
#2579=FILL_AREA_STYLE('',(#2748));
#2580=FILL_AREA_STYLE('',(#2749));
#2581=FILL_AREA_STYLE('',(#2750));
#2582=FILL_AREA_STYLE('',(#2751));
#2583=FILL_AREA_STYLE('',(#2752));
#2584=FILL_AREA_STYLE('',(#2753));
#2585=FILL_AREA_STYLE('',(#2754));
#2586=FILL_AREA_STYLE('',(#2755));
#2587=FILL_AREA_STYLE('',(#2756));
#2588=FILL_AREA_STYLE('',(#2757));
#2589=FILL_AREA_STYLE('',(#2758));
#2590=FILL_AREA_STYLE('',(#2759));
#2591=FILL_AREA_STYLE('',(#2760));
#2592=FILL_AREA_STYLE('',(#2761));
#2593=FILL_AREA_STYLE('',(#2762));
#2594=FILL_AREA_STYLE('',(#2763));
#2595=FILL_AREA_STYLE('',(#2764));
#2596=FILL_AREA_STYLE('',(#2765));
#2597=FILL_AREA_STYLE('',(#2766));
#2598=FILL_AREA_STYLE('',(#2767));
#2599=FILL_AREA_STYLE('',(#2768));
#2600=FILL_AREA_STYLE('',(#2769));
#2601=FILL_AREA_STYLE('',(#2770));
#2602=FILL_AREA_STYLE('',(#2771));
#2603=FILL_AREA_STYLE('',(#2772));
#2604=FILL_AREA_STYLE('',(#2773));
#2605=FILL_AREA_STYLE('',(#2774));
#2606=FILL_AREA_STYLE('',(#2775));
#2607=FILL_AREA_STYLE('',(#2776));
#2608=FILL_AREA_STYLE('',(#2777));
#2609=FILL_AREA_STYLE('',(#2778));
#2610=FILL_AREA_STYLE('',(#2779));
#2611=FILL_AREA_STYLE('',(#2780));
#2612=FILL_AREA_STYLE('',(#2781));
#2613=FILL_AREA_STYLE('',(#2782));
#2614=FILL_AREA_STYLE('',(#2783));
#2615=FILL_AREA_STYLE('',(#2784));
#2616=FILL_AREA_STYLE('',(#2785));
#2617=FILL_AREA_STYLE('',(#2786));
#2618=FILL_AREA_STYLE('',(#2787));
#2619=FILL_AREA_STYLE('',(#2788));
#2620=FILL_AREA_STYLE('',(#2789));
#2621=FILL_AREA_STYLE('',(#2790));
#2622=FILL_AREA_STYLE('',(#2791));
#2623=FILL_AREA_STYLE('',(#2792));
#2624=FILL_AREA_STYLE('',(#2793));
#2625=FILL_AREA_STYLE('',(#2794));
#2626=FILL_AREA_STYLE('',(#2795));
#2627=FILL_AREA_STYLE('',(#2796));
#2628=FILL_AREA_STYLE('',(#2797));
#2629=FILL_AREA_STYLE('',(#2798));
#2630=FILL_AREA_STYLE('',(#2799));
#2631=FILL_AREA_STYLE('',(#2800));
#2632=FILL_AREA_STYLE('',(#2801));
#2633=FILL_AREA_STYLE('',(#2802));
#2634=FILL_AREA_STYLE('',(#2803));
#2635=FILL_AREA_STYLE('',(#2804));
#2636=FILL_AREA_STYLE('',(#2805));
#2637=FILL_AREA_STYLE('',(#2806));
#2638=FILL_AREA_STYLE('',(#2807));
#2639=FILL_AREA_STYLE('',(#2808));
#2640=FILL_AREA_STYLE('',(#2809));
#2641=FILL_AREA_STYLE('',(#2810));
#2642=FILL_AREA_STYLE('',(#2811));
#2643=FILL_AREA_STYLE('',(#2812));
#2644=FILL_AREA_STYLE('',(#2813));
#2645=FILL_AREA_STYLE('',(#2814));
#2646=FILL_AREA_STYLE('',(#2815));
#2647=FILL_AREA_STYLE('',(#2816));
#2648=FILL_AREA_STYLE('',(#2817));
#2649=FILL_AREA_STYLE('',(#2818));
#2650=FILL_AREA_STYLE('',(#2819));
#2651=FILL_AREA_STYLE('',(#2820));
#2652=FILL_AREA_STYLE('',(#2821));
#2653=FILL_AREA_STYLE('',(#2822));
#2654=FILL_AREA_STYLE('',(#2823));
#2655=FILL_AREA_STYLE('',(#2824));
#2656=FILL_AREA_STYLE('',(#2825));
#2657=FILL_AREA_STYLE('',(#2826));
#2658=FILL_AREA_STYLE('',(#2827));
#2659=FILL_AREA_STYLE('',(#2828));
#2660=FILL_AREA_STYLE('',(#2829));
#2661=FILL_AREA_STYLE('',(#2830));
#2662=FILL_AREA_STYLE('',(#2831));
#2663=FILL_AREA_STYLE('',(#2832));
#2664=FILL_AREA_STYLE('',(#2833));
#2665=FILL_AREA_STYLE('',(#2834));
#2666=FILL_AREA_STYLE('',(#2835));
#2667=FILL_AREA_STYLE('',(#2836));
#2668=FILL_AREA_STYLE('',(#2837));
#2669=FILL_AREA_STYLE('',(#2838));
#2670=FILL_AREA_STYLE('',(#2839));
#2671=FILL_AREA_STYLE('',(#2840));
#2672=FILL_AREA_STYLE('',(#2841));
#2673=FILL_AREA_STYLE('',(#2842));
#2674=FILL_AREA_STYLE('',(#2843));
#2675=FILL_AREA_STYLE('',(#2844));
#2676=FILL_AREA_STYLE('',(#2845));
#2677=FILL_AREA_STYLE('',(#2846));
#2678=FILL_AREA_STYLE('',(#2847));
#2679=FILL_AREA_STYLE('',(#2848));
#2680=FILL_AREA_STYLE('',(#2849));
#2681=FILL_AREA_STYLE('',(#2850));
#2682=FILL_AREA_STYLE('',(#2851));
#2683=FILL_AREA_STYLE('',(#2852));
#2684=FILL_AREA_STYLE('',(#2853));
#2685=FILL_AREA_STYLE('',(#2854));
#2686=FILL_AREA_STYLE('',(#2855));
#2687=FILL_AREA_STYLE('',(#2856));
#2688=FILL_AREA_STYLE('',(#2857));
#2689=FILL_AREA_STYLE('',(#2858));
#2690=FILL_AREA_STYLE('',(#2859));
#2691=FILL_AREA_STYLE('',(#2860));
#2692=FILL_AREA_STYLE('',(#2861));
#2693=FILL_AREA_STYLE('',(#2862));
#2694=FILL_AREA_STYLE('',(#2863));
#2695=FILL_AREA_STYLE('',(#2864));
#2696=FILL_AREA_STYLE('',(#2865));
#2697=FILL_AREA_STYLE('',(#2866));
#2698=FILL_AREA_STYLE('',(#2867));
#2699=FILL_AREA_STYLE('',(#2868));
#2700=FILL_AREA_STYLE('',(#2869));
#2701=FILL_AREA_STYLE('',(#2870));
#2702=FILL_AREA_STYLE('',(#2871));
#2703=FILL_AREA_STYLE('',(#2872));
#2704=FILL_AREA_STYLE('',(#2873));
#2705=FILL_AREA_STYLE('',(#2874));
#2706=FILL_AREA_STYLE('',(#2875));
#2707=FILL_AREA_STYLE('',(#2876));
#2708=FILL_AREA_STYLE('',(#2877));
#2709=FILL_AREA_STYLE('',(#2878));
#2710=FILL_AREA_STYLE('',(#2879));
#2711=FILL_AREA_STYLE('',(#2880));
#2712=FILL_AREA_STYLE('',(#2881));
#2713=FILL_AREA_STYLE('',(#2882));
#2714=FILL_AREA_STYLE('',(#2883));
#2715=FILL_AREA_STYLE('',(#2884));
#2716=FILL_AREA_STYLE('',(#2885));
#2717=FILL_AREA_STYLE('',(#2886));
#2718=FILL_AREA_STYLE('',(#2887));
#2719=FILL_AREA_STYLE('',(#2888));
#2720=FILL_AREA_STYLE('',(#2889));
#2721=FILL_AREA_STYLE('',(#2890));
#2722=FILL_AREA_STYLE('',(#2891));
#2723=FILL_AREA_STYLE('',(#2892));
#2724=FILL_AREA_STYLE('',(#2893));
#2725=FILL_AREA_STYLE('',(#2894));
#2726=FILL_AREA_STYLE_COLOUR('',#2895);
#2727=FILL_AREA_STYLE_COLOUR('',#2895);
#2728=FILL_AREA_STYLE_COLOUR('',#2896);
#2729=FILL_AREA_STYLE_COLOUR('',#2896);
#2730=FILL_AREA_STYLE_COLOUR('',#2896);
#2731=FILL_AREA_STYLE_COLOUR('',#2896);
#2732=FILL_AREA_STYLE_COLOUR('',#2896);
#2733=FILL_AREA_STYLE_COLOUR('',#2896);
#2734=FILL_AREA_STYLE_COLOUR('',#2896);
#2735=FILL_AREA_STYLE_COLOUR('',#2896);
#2736=FILL_AREA_STYLE_COLOUR('',#2896);
#2737=FILL_AREA_STYLE_COLOUR('',#2896);
#2738=FILL_AREA_STYLE_COLOUR('',#2896);
#2739=FILL_AREA_STYLE_COLOUR('',#2896);
#2740=FILL_AREA_STYLE_COLOUR('',#2896);
#2741=FILL_AREA_STYLE_COLOUR('',#2896);
#2742=FILL_AREA_STYLE_COLOUR('',#2896);
#2743=FILL_AREA_STYLE_COLOUR('',#2896);
#2744=FILL_AREA_STYLE_COLOUR('',#2896);
#2745=FILL_AREA_STYLE_COLOUR('',#2896);
#2746=FILL_AREA_STYLE_COLOUR('',#2896);
#2747=FILL_AREA_STYLE_COLOUR('',#2896);
#2748=FILL_AREA_STYLE_COLOUR('',#2896);
#2749=FILL_AREA_STYLE_COLOUR('',#2896);
#2750=FILL_AREA_STYLE_COLOUR('',#2896);
#2751=FILL_AREA_STYLE_COLOUR('',#2896);
#2752=FILL_AREA_STYLE_COLOUR('',#2896);
#2753=FILL_AREA_STYLE_COLOUR('',#2896);
#2754=FILL_AREA_STYLE_COLOUR('',#2896);
#2755=FILL_AREA_STYLE_COLOUR('',#2896);
#2756=FILL_AREA_STYLE_COLOUR('',#2896);
#2757=FILL_AREA_STYLE_COLOUR('',#2896);
#2758=FILL_AREA_STYLE_COLOUR('',#2896);
#2759=FILL_AREA_STYLE_COLOUR('',#2896);
#2760=FILL_AREA_STYLE_COLOUR('',#2896);
#2761=FILL_AREA_STYLE_COLOUR('',#2896);
#2762=FILL_AREA_STYLE_COLOUR('',#2896);
#2763=FILL_AREA_STYLE_COLOUR('',#2896);
#2764=FILL_AREA_STYLE_COLOUR('',#2896);
#2765=FILL_AREA_STYLE_COLOUR('',#2896);
#2766=FILL_AREA_STYLE_COLOUR('',#2896);
#2767=FILL_AREA_STYLE_COLOUR('',#2896);
#2768=FILL_AREA_STYLE_COLOUR('',#2896);
#2769=FILL_AREA_STYLE_COLOUR('',#2896);
#2770=FILL_AREA_STYLE_COLOUR('',#2896);
#2771=FILL_AREA_STYLE_COLOUR('',#2896);
#2772=FILL_AREA_STYLE_COLOUR('',#2896);
#2773=FILL_AREA_STYLE_COLOUR('',#2896);
#2774=FILL_AREA_STYLE_COLOUR('',#2896);
#2775=FILL_AREA_STYLE_COLOUR('',#2896);
#2776=FILL_AREA_STYLE_COLOUR('',#2896);
#2777=FILL_AREA_STYLE_COLOUR('',#2896);
#2778=FILL_AREA_STYLE_COLOUR('',#2896);
#2779=FILL_AREA_STYLE_COLOUR('',#2896);
#2780=FILL_AREA_STYLE_COLOUR('',#2896);
#2781=FILL_AREA_STYLE_COLOUR('',#2896);
#2782=FILL_AREA_STYLE_COLOUR('',#2896);
#2783=FILL_AREA_STYLE_COLOUR('',#2896);
#2784=FILL_AREA_STYLE_COLOUR('',#2896);
#2785=FILL_AREA_STYLE_COLOUR('',#2896);
#2786=FILL_AREA_STYLE_COLOUR('',#2896);
#2787=FILL_AREA_STYLE_COLOUR('',#2896);
#2788=FILL_AREA_STYLE_COLOUR('',#2896);
#2789=FILL_AREA_STYLE_COLOUR('',#2896);
#2790=FILL_AREA_STYLE_COLOUR('',#2896);
#2791=FILL_AREA_STYLE_COLOUR('',#2896);
#2792=FILL_AREA_STYLE_COLOUR('',#2896);
#2793=FILL_AREA_STYLE_COLOUR('',#2896);
#2794=FILL_AREA_STYLE_COLOUR('',#2896);
#2795=FILL_AREA_STYLE_COLOUR('',#2896);
#2796=FILL_AREA_STYLE_COLOUR('',#2896);
#2797=FILL_AREA_STYLE_COLOUR('',#2896);
#2798=FILL_AREA_STYLE_COLOUR('',#2896);
#2799=FILL_AREA_STYLE_COLOUR('',#2896);
#2800=FILL_AREA_STYLE_COLOUR('',#2896);
#2801=FILL_AREA_STYLE_COLOUR('',#2896);
#2802=FILL_AREA_STYLE_COLOUR('',#2896);
#2803=FILL_AREA_STYLE_COLOUR('',#2896);
#2804=FILL_AREA_STYLE_COLOUR('',#2896);
#2805=FILL_AREA_STYLE_COLOUR('',#2896);
#2806=FILL_AREA_STYLE_COLOUR('',#2896);
#2807=FILL_AREA_STYLE_COLOUR('',#2896);
#2808=FILL_AREA_STYLE_COLOUR('',#2896);
#2809=FILL_AREA_STYLE_COLOUR('',#2896);
#2810=FILL_AREA_STYLE_COLOUR('',#2896);
#2811=FILL_AREA_STYLE_COLOUR('',#2896);
#2812=FILL_AREA_STYLE_COLOUR('',#2896);
#2813=FILL_AREA_STYLE_COLOUR('',#2896);
#2814=FILL_AREA_STYLE_COLOUR('',#2896);
#2815=FILL_AREA_STYLE_COLOUR('',#2896);
#2816=FILL_AREA_STYLE_COLOUR('',#2896);
#2817=FILL_AREA_STYLE_COLOUR('',#2896);
#2818=FILL_AREA_STYLE_COLOUR('',#2896);
#2819=FILL_AREA_STYLE_COLOUR('',#2896);
#2820=FILL_AREA_STYLE_COLOUR('',#2896);
#2821=FILL_AREA_STYLE_COLOUR('',#2896);
#2822=FILL_AREA_STYLE_COLOUR('',#2896);
#2823=FILL_AREA_STYLE_COLOUR('',#2896);
#2824=FILL_AREA_STYLE_COLOUR('',#2896);
#2825=FILL_AREA_STYLE_COLOUR('',#2896);
#2826=FILL_AREA_STYLE_COLOUR('',#2896);
#2827=FILL_AREA_STYLE_COLOUR('',#2896);
#2828=FILL_AREA_STYLE_COLOUR('',#2896);
#2829=FILL_AREA_STYLE_COLOUR('',#2896);
#2830=FILL_AREA_STYLE_COLOUR('',#2896);
#2831=FILL_AREA_STYLE_COLOUR('',#2896);
#2832=FILL_AREA_STYLE_COLOUR('',#2896);
#2833=FILL_AREA_STYLE_COLOUR('',#2896);
#2834=FILL_AREA_STYLE_COLOUR('',#2896);
#2835=FILL_AREA_STYLE_COLOUR('',#2896);
#2836=FILL_AREA_STYLE_COLOUR('',#2896);
#2837=FILL_AREA_STYLE_COLOUR('',#2896);
#2838=FILL_AREA_STYLE_COLOUR('',#2896);
#2839=FILL_AREA_STYLE_COLOUR('',#2896);
#2840=FILL_AREA_STYLE_COLOUR('',#2896);
#2841=FILL_AREA_STYLE_COLOUR('',#2896);
#2842=FILL_AREA_STYLE_COLOUR('',#2896);
#2843=FILL_AREA_STYLE_COLOUR('',#2896);
#2844=FILL_AREA_STYLE_COLOUR('',#2896);
#2845=FILL_AREA_STYLE_COLOUR('',#2896);
#2846=FILL_AREA_STYLE_COLOUR('',#2896);
#2847=FILL_AREA_STYLE_COLOUR('',#2896);
#2848=FILL_AREA_STYLE_COLOUR('',#2896);
#2849=FILL_AREA_STYLE_COLOUR('',#2896);
#2850=FILL_AREA_STYLE_COLOUR('',#2896);
#2851=FILL_AREA_STYLE_COLOUR('',#2896);
#2852=FILL_AREA_STYLE_COLOUR('',#2896);
#2853=FILL_AREA_STYLE_COLOUR('',#2896);
#2854=FILL_AREA_STYLE_COLOUR('',#2896);
#2855=FILL_AREA_STYLE_COLOUR('',#2896);
#2856=FILL_AREA_STYLE_COLOUR('',#2896);
#2857=FILL_AREA_STYLE_COLOUR('',#2896);
#2858=FILL_AREA_STYLE_COLOUR('',#2896);
#2859=FILL_AREA_STYLE_COLOUR('',#2896);
#2860=FILL_AREA_STYLE_COLOUR('',#2896);
#2861=FILL_AREA_STYLE_COLOUR('',#2896);
#2862=FILL_AREA_STYLE_COLOUR('',#2896);
#2863=FILL_AREA_STYLE_COLOUR('',#2896);
#2864=FILL_AREA_STYLE_COLOUR('',#2896);
#2865=FILL_AREA_STYLE_COLOUR('',#2896);
#2866=FILL_AREA_STYLE_COLOUR('',#2896);
#2867=FILL_AREA_STYLE_COLOUR('',#2896);
#2868=FILL_AREA_STYLE_COLOUR('',#2896);
#2869=FILL_AREA_STYLE_COLOUR('',#2896);
#2870=FILL_AREA_STYLE_COLOUR('',#2896);
#2871=FILL_AREA_STYLE_COLOUR('',#2896);
#2872=FILL_AREA_STYLE_COLOUR('',#2896);
#2873=FILL_AREA_STYLE_COLOUR('',#2896);
#2874=FILL_AREA_STYLE_COLOUR('',#2896);
#2875=FILL_AREA_STYLE_COLOUR('',#2896);
#2876=FILL_AREA_STYLE_COLOUR('',#2896);
#2877=FILL_AREA_STYLE_COLOUR('',#2896);
#2878=FILL_AREA_STYLE_COLOUR('',#2896);
#2879=FILL_AREA_STYLE_COLOUR('',#2896);
#2880=FILL_AREA_STYLE_COLOUR('',#2896);
#2881=FILL_AREA_STYLE_COLOUR('',#2896);
#2882=FILL_AREA_STYLE_COLOUR('',#2896);
#2883=FILL_AREA_STYLE_COLOUR('',#2896);
#2884=FILL_AREA_STYLE_COLOUR('',#2896);
#2885=FILL_AREA_STYLE_COLOUR('',#2895);
#2886=FILL_AREA_STYLE_COLOUR('',#2895);
#2887=FILL_AREA_STYLE_COLOUR('',#2897);
#2888=FILL_AREA_STYLE_COLOUR('',#2897);
#2889=FILL_AREA_STYLE_COLOUR('',#2897);
#2890=FILL_AREA_STYLE_COLOUR('',#18);
#2891=FILL_AREA_STYLE_COLOUR('',#2897);
#2892=FILL_AREA_STYLE_COLOUR('',#18);
#2893=FILL_AREA_STYLE_COLOUR('',#18);
#2894=FILL_AREA_STYLE_COLOUR('',#2897);
#2895=COLOUR_RGB('',0.506983280181885,0.531564235687256,0.550000011920929);
#2896=COLOUR_RGB('',0.550000011920929,0.311243504285812,0.218416497111321);
#2897=COLOUR_RGB('',0.800000011920929,0.,0.);
#2898=ADVANCED_FACE('',(#1295,#1296),#1631,.T.);
#2899=ADVANCED_FACE('',(#1297),#115,.F.);
#2900=ADVANCED_FACE('',(#1298,#1299),#113,.F.);
#2901=ADVANCED_FACE('',(#1300,#1301),#74,.F.);
#2902=ADVANCED_FACE('',(#1302,#1303),#1632,.T.);
#2903=ADVANCED_FACE('',(#1304,#1305),#31,.T.);
#2904=ADVANCED_FACE('',(#1306,#1307),#1633,.T.);
#2905=ADVANCED_FACE('',(#1308,#1309),#32,.T.);
#2906=ADVANCED_FACE('',(#1310,#1311),#1634,.T.);
#2907=ADVANCED_FACE('',(#1312,#1313),#75,.F.);
#2908=ADVANCED_FACE('',(#1314,#1315),#1635,.T.);
#2909=ADVANCED_FACE('',(#1316,#1317),#76,.F.);
#2910=ADVANCED_FACE('',(#1318,#1319),#1636,.T.);
#2911=ADVANCED_FACE('',(#1320,#1321),#33,.T.);
#2912=ADVANCED_FACE('',(#1322,#1323),#1637,.T.);
#2913=ADVANCED_FACE('',(#1324,#1325),#34,.T.);
#2914=ADVANCED_FACE('',(#1326,#1327),#1638,.T.);
#2915=ADVANCED_FACE('',(#1328,#1329),#77,.F.);
#2916=ADVANCED_FACE('',(#1330,#1331),#1639,.T.);
#2917=ADVANCED_FACE('',(#1332,#1333),#78,.F.);
#2918=ADVANCED_FACE('',(#1334,#1335),#1640,.T.);
#2919=ADVANCED_FACE('',(#1336,#1337),#35,.T.);
#2920=ADVANCED_FACE('',(#1338,#1339),#1641,.T.);
#2921=ADVANCED_FACE('',(#1340,#1341),#36,.T.);
#2922=ADVANCED_FACE('',(#1342,#1343),#1642,.T.);
#2923=ADVANCED_FACE('',(#1344,#1345),#79,.F.);
#2924=ADVANCED_FACE('',(#1346,#1347),#1643,.T.);
#2925=ADVANCED_FACE('',(#1348,#1349),#80,.F.);
#2926=ADVANCED_FACE('',(#1350,#1351),#1644,.T.);
#2927=ADVANCED_FACE('',(#1352,#1353),#37,.T.);
#2928=ADVANCED_FACE('',(#1354,#1355),#1645,.T.);
#2929=ADVANCED_FACE('',(#1356,#1357),#38,.T.);
#2930=ADVANCED_FACE('',(#1358,#1359),#1646,.T.);
#2931=ADVANCED_FACE('',(#1360,#1361),#81,.F.);
#2932=ADVANCED_FACE('',(#1362,#1363),#1647,.T.);
#2933=ADVANCED_FACE('',(#1364,#1365),#82,.F.);
#2934=ADVANCED_FACE('',(#1366,#1367),#1648,.T.);
#2935=ADVANCED_FACE('',(#1368,#1369),#39,.T.);
#2936=ADVANCED_FACE('',(#1370,#1371),#1649,.T.);
#2937=ADVANCED_FACE('',(#1372,#1373),#40,.T.);
#2938=ADVANCED_FACE('',(#1374,#1375),#1650,.T.);
#2939=ADVANCED_FACE('',(#1376,#1377),#83,.F.);
#2940=ADVANCED_FACE('',(#1378,#1379),#1651,.T.);
#2941=ADVANCED_FACE('',(#1380,#1381),#84,.F.);
#2942=ADVANCED_FACE('',(#1382,#1383),#1652,.T.);
#2943=ADVANCED_FACE('',(#1384,#1385),#41,.T.);
#2944=ADVANCED_FACE('',(#1386,#1387),#1653,.T.);
#2945=ADVANCED_FACE('',(#1388,#1389),#42,.T.);
#2946=ADVANCED_FACE('',(#1390,#1391),#1654,.T.);
#2947=ADVANCED_FACE('',(#1392,#1393),#85,.F.);
#2948=ADVANCED_FACE('',(#1394,#1395),#1655,.T.);
#2949=ADVANCED_FACE('',(#1396,#1397),#86,.F.);
#2950=ADVANCED_FACE('',(#1398,#1399),#1656,.T.);
#2951=ADVANCED_FACE('',(#1400,#1401),#43,.T.);
#2952=ADVANCED_FACE('',(#1402,#1403),#1657,.T.);
#2953=ADVANCED_FACE('',(#1404,#1405),#44,.T.);
#2954=ADVANCED_FACE('',(#1406,#1407),#1658,.T.);
#2955=ADVANCED_FACE('',(#1408,#1409),#87,.F.);
#2956=ADVANCED_FACE('',(#1410,#1411),#1659,.T.);
#2957=ADVANCED_FACE('',(#1412,#1413),#88,.F.);
#2958=ADVANCED_FACE('',(#1414,#1415),#1660,.T.);
#2959=ADVANCED_FACE('',(#1416,#1417),#45,.T.);
#2960=ADVANCED_FACE('',(#1418,#1419),#1661,.T.);
#2961=ADVANCED_FACE('',(#1420,#1421),#46,.T.);
#2962=ADVANCED_FACE('',(#1422,#1423),#1662,.T.);
#2963=ADVANCED_FACE('',(#1424,#1425),#89,.F.);
#2964=ADVANCED_FACE('',(#1426,#1427),#1663,.T.);
#2965=ADVANCED_FACE('',(#1428,#1429),#90,.F.);
#2966=ADVANCED_FACE('',(#1430,#1431),#1664,.T.);
#2967=ADVANCED_FACE('',(#1432,#1433),#47,.T.);
#2968=ADVANCED_FACE('',(#1434,#1435),#1665,.T.);
#2969=ADVANCED_FACE('',(#1436,#1437),#48,.T.);
#2970=ADVANCED_FACE('',(#1438,#1439),#1666,.T.);
#2971=ADVANCED_FACE('',(#1440,#1441),#91,.F.);
#2972=ADVANCED_FACE('',(#1442,#1443),#1667,.T.);
#2973=ADVANCED_FACE('',(#1444,#1445),#92,.F.);
#2974=ADVANCED_FACE('',(#1446,#1447),#1668,.T.);
#2975=ADVANCED_FACE('',(#1448,#1449),#49,.T.);
#2976=ADVANCED_FACE('',(#1450,#1451),#1669,.T.);
#2977=ADVANCED_FACE('',(#1452,#1453),#50,.T.);
#2978=ADVANCED_FACE('',(#1454,#1455),#1670,.T.);
#2979=ADVANCED_FACE('',(#1456,#1457),#93,.F.);
#2980=ADVANCED_FACE('',(#1458,#1459),#1671,.T.);
#2981=ADVANCED_FACE('',(#1460,#1461),#94,.F.);
#2982=ADVANCED_FACE('',(#1462,#1463),#1672,.T.);
#2983=ADVANCED_FACE('',(#1464,#1465),#51,.T.);
#2984=ADVANCED_FACE('',(#1466,#1467),#1673,.T.);
#2985=ADVANCED_FACE('',(#1468,#1469),#52,.T.);
#2986=ADVANCED_FACE('',(#1470,#1471),#1674,.T.);
#2987=ADVANCED_FACE('',(#1472,#1473),#95,.F.);
#2988=ADVANCED_FACE('',(#1474,#1475),#1675,.T.);
#2989=ADVANCED_FACE('',(#1476,#1477),#96,.F.);
#2990=ADVANCED_FACE('',(#1478,#1479),#1676,.T.);
#2991=ADVANCED_FACE('',(#1480,#1481),#53,.T.);
#2992=ADVANCED_FACE('',(#1482,#1483),#1677,.T.);
#2993=ADVANCED_FACE('',(#1484,#1485),#54,.T.);
#2994=ADVANCED_FACE('',(#1486,#1487),#1678,.T.);
#2995=ADVANCED_FACE('',(#1488,#1489),#97,.F.);
#2996=ADVANCED_FACE('',(#1490,#1491),#1679,.T.);
#2997=ADVANCED_FACE('',(#1492,#1493),#98,.F.);
#2998=ADVANCED_FACE('',(#1494,#1495),#1680,.T.);
#2999=ADVANCED_FACE('',(#1496,#1497),#55,.T.);
#3000=ADVANCED_FACE('',(#1498,#1499),#1681,.T.);
#3001=ADVANCED_FACE('',(#1500,#1501),#56,.T.);
#3002=ADVANCED_FACE('',(#1502,#1503),#1682,.T.);
#3003=ADVANCED_FACE('',(#1504,#1505),#99,.F.);
#3004=ADVANCED_FACE('',(#1506,#1507),#1683,.T.);
#3005=ADVANCED_FACE('',(#1508,#1509),#100,.F.);
#3006=ADVANCED_FACE('',(#1510,#1511),#1684,.T.);
#3007=ADVANCED_FACE('',(#1512,#1513),#57,.T.);
#3008=ADVANCED_FACE('',(#1514,#1515),#1685,.T.);
#3009=ADVANCED_FACE('',(#1516,#1517),#58,.T.);
#3010=ADVANCED_FACE('',(#1518,#1519),#1686,.T.);
#3011=ADVANCED_FACE('',(#1520,#1521),#101,.F.);
#3012=ADVANCED_FACE('',(#1522,#1523),#1687,.T.);
#3013=ADVANCED_FACE('',(#1524,#1525),#102,.F.);
#3014=ADVANCED_FACE('',(#1526,#1527),#1688,.T.);
#3015=ADVANCED_FACE('',(#1528,#1529),#59,.T.);
#3016=ADVANCED_FACE('',(#1530,#1531),#1689,.T.);
#3017=ADVANCED_FACE('',(#1532,#1533),#60,.T.);
#3018=ADVANCED_FACE('',(#1534,#1535),#1690,.T.);
#3019=ADVANCED_FACE('',(#1536,#1537),#103,.F.);
#3020=ADVANCED_FACE('',(#1538,#1539),#1691,.T.);
#3021=ADVANCED_FACE('',(#1540,#1541),#104,.F.);
#3022=ADVANCED_FACE('',(#1542,#1543),#1692,.T.);
#3023=ADVANCED_FACE('',(#1544,#1545),#61,.T.);
#3024=ADVANCED_FACE('',(#1546,#1547),#1693,.T.);
#3025=ADVANCED_FACE('',(#1548,#1549),#62,.T.);
#3026=ADVANCED_FACE('',(#1550,#1551),#1694,.T.);
#3027=ADVANCED_FACE('',(#1552,#1553),#105,.F.);
#3028=ADVANCED_FACE('',(#1554,#1555),#1695,.T.);
#3029=ADVANCED_FACE('',(#1556,#1557),#106,.F.);
#3030=ADVANCED_FACE('',(#1558,#1559),#1696,.T.);
#3031=ADVANCED_FACE('',(#1560,#1561),#63,.T.);
#3032=ADVANCED_FACE('',(#1562,#1563),#1697,.T.);
#3033=ADVANCED_FACE('',(#1564,#1565),#64,.T.);
#3034=ADVANCED_FACE('',(#1566,#1567),#1698,.T.);
#3035=ADVANCED_FACE('',(#1568,#1569),#107,.F.);
#3036=ADVANCED_FACE('',(#1570,#1571),#1699,.T.);
#3037=ADVANCED_FACE('',(#1572,#1573),#108,.F.);
#3038=ADVANCED_FACE('',(#1574,#1575),#1700,.T.);
#3039=ADVANCED_FACE('',(#1576,#1577),#65,.T.);
#3040=ADVANCED_FACE('',(#1578,#1579),#1701,.T.);
#3041=ADVANCED_FACE('',(#1580,#1581),#66,.T.);
#3042=ADVANCED_FACE('',(#1582,#1583),#1702,.T.);
#3043=ADVANCED_FACE('',(#1584,#1585),#109,.F.);
#3044=ADVANCED_FACE('',(#1586,#1587),#1703,.T.);
#3045=ADVANCED_FACE('',(#1588,#1589),#110,.F.);
#3046=ADVANCED_FACE('',(#1590,#1591),#1704,.T.);
#3047=ADVANCED_FACE('',(#1592,#1593),#67,.T.);
#3048=ADVANCED_FACE('',(#1594,#1595),#1705,.T.);
#3049=ADVANCED_FACE('',(#1596,#1597),#68,.T.);
#3050=ADVANCED_FACE('',(#1598,#1599),#1706,.T.);
#3051=ADVANCED_FACE('',(#1600,#1601),#111,.F.);
#3052=ADVANCED_FACE('',(#1602,#1603),#1707,.T.);
#3053=ADVANCED_FACE('',(#1604,#1605),#112,.F.);
#3054=ADVANCED_FACE('',(#1606,#1607),#1708,.T.);
#3055=ADVANCED_FACE('',(#1608,#1609),#69,.T.);
#3056=ADVANCED_FACE('',(#1610,#1611),#114,.T.);
#3057=ADVANCED_FACE('',(#1612,#1613),#1709,.T.);
#3058=ADVANCED_FACE('',(#1614),#116,.T.);
#3059=ADVANCED_FACE('',(#1615,#1616),#1710,.T.);
#3060=ADVANCED_FACE('',(#1617,#1618),#117,.F.);
#3061=ADVANCED_FACE('',(#1619,#1620),#1711,.F.);
#3062=ADVANCED_FACE('',(#1621,#1622),#118,.F.);
#3063=ADVANCED_FACE('',(#1623,#1624),#70,.T.);
#3064=ADVANCED_FACE('',(#1625,#1626),#71,.T.);
#3065=ADVANCED_FACE('',(#1627,#1628),#72,.T.);
#3066=ADVANCED_FACE('',(#1629,#1630),#73,.T.);
#3067=CLOSED_SHELL('',(#2898,#2899,#2900,#2901,#2902,#2903,#2904,#2905,
#2906,#2907,#2908,#2909,#2910,#2911,#2912,#2913,#2914,#2915,#2916,#2917,
#2918,#2919,#2920,#2921,#2922,#2923,#2924,#2925,#2926,#2927,#2928,#2929,
#2930,#2931,#2932,#2933,#2934,#2935,#2936,#2937,#2938,#2939,#2940,#2941,
#2942,#2943,#2944,#2945,#2946,#2947,#2948,#2949,#2950,#2951,#2952,#2953,
#2954,#2955,#2956,#2957,#2958,#2959,#2960,#2961,#2962,#2963,#2964,#2965,
#2966,#2967,#2968,#2969,#2970,#2971,#2972,#2973,#2974,#2975,#2976,#2977,
#2978,#2979,#2980,#2981,#2982,#2983,#2984,#2985,#2986,#2987,#2988,#2989,
#2990,#2991,#2992,#2993,#2994,#2995,#2996,#2997,#2998,#2999,#3000,#3001,
#3002,#3003,#3004,#3005,#3006,#3007,#3008,#3009,#3010,#3011,#3012,#3013,
#3014,#3015,#3016,#3017,#3018,#3019,#3020,#3021,#3022,#3023,#3024,#3025,
#3026,#3027,#3028,#3029,#3030,#3031,#3032,#3033,#3034,#3035,#3036,#3037,
#3038,#3039,#3040,#3041,#3042,#3043,#3044,#3045,#3046,#3047,#3048,#3049,
#3050,#3051,#3052,#3053,#3054,#3055,#3056,#3057,#3058));
#3068=CLOSED_SHELL('',(#3059,#3060,#3061,#3062,#3063,#3064,#3065,#3066));
#3069=MANIFOLD_SOLID_BREP('',#3067);
#3070=MANIFOLD_SOLID_BREP('',#3068);
#3071=SHAPE_DEFINITION_REPRESENTATION(#8325,#3074);
#3072=SHAPE_DEFINITION_REPRESENTATION(#8324,#3075);
#3073=SHAPE_DEFINITION_REPRESENTATION(#8327,#3076);
#3074=SHAPE_REPRESENTATION('Turns',(#3077),#8316);
#3075=SHAPE_REPRESENTATION('744132',(#3077,#3358,#3375),#8315);
#3076=SHAPE_REPRESENTATION('Core-T68A',(#3077),#8317);
#3077=AXIS2_PLACEMENT_3D('',#3974,#3376,#3377);
#3078=AXIS2_PLACEMENT_3D('',#3975,#3378,#3379);
#3079=AXIS2_PLACEMENT_3D('',#3976,#3380,#3381);
#3080=AXIS2_PLACEMENT_3D('',#3978,#3382,#3383);
#3081=AXIS2_PLACEMENT_3D('',#3980,#3384,#3385);
#3082=AXIS2_PLACEMENT_3D('',#4051,#3386,#3387);
#3083=AXIS2_PLACEMENT_3D('',#4148,#3388,#3389);
#3084=AXIS2_PLACEMENT_3D('',#4150,#3390,#3391);
#3085=AXIS2_PLACEMENT_3D('',#4152,#3392,#3393);
#3086=AXIS2_PLACEMENT_3D('',#4153,#3394,#3395);
#3087=AXIS2_PLACEMENT_3D('',#4155,#3396,#3397);
#3088=AXIS2_PLACEMENT_3D('',#4156,#3398,#3399);
#3089=AXIS2_PLACEMENT_3D('',#4158,#3400,#3401);
#3090=AXIS2_PLACEMENT_3D('',#4159,#3402,#3403);
#3091=AXIS2_PLACEMENT_3D('',#4161,#3404,#3405);
#3092=AXIS2_PLACEMENT_3D('',#4162,#3406,#3407);
#3093=AXIS2_PLACEMENT_3D('',#4164,#3408,#3409);
#3094=AXIS2_PLACEMENT_3D('',#4165,#3410,#3411);
#3095=AXIS2_PLACEMENT_3D('',#4262,#3412,#3413);
#3096=AXIS2_PLACEMENT_3D('',#4264,#3414,#3415);
#3097=AXIS2_PLACEMENT_3D('',#4265,#3416,#3417);
#3098=AXIS2_PLACEMENT_3D('',#4362,#3418,#3419);
#3099=AXIS2_PLACEMENT_3D('',#4364,#3420,#3421);
#3100=AXIS2_PLACEMENT_3D('',#4365,#3422,#3423);
#3101=AXIS2_PLACEMENT_3D('',#4367,#3424,#3425);
#3102=AXIS2_PLACEMENT_3D('',#4368,#3426,#3427);
#3103=AXIS2_PLACEMENT_3D('',#4370,#3428,#3429);
#3104=AXIS2_PLACEMENT_3D('',#4371,#3430,#3431);
#3105=AXIS2_PLACEMENT_3D('',#4373,#3432,#3433);
#3106=AXIS2_PLACEMENT_3D('',#4374,#3434,#3435);
#3107=AXIS2_PLACEMENT_3D('',#4376,#3436,#3437);
#3108=AXIS2_PLACEMENT_3D('',#4377,#3438,#3439);
#3109=AXIS2_PLACEMENT_3D('',#4474,#3440,#3441);
#3110=AXIS2_PLACEMENT_3D('',#4476,#3442,#3443);
#3111=AXIS2_PLACEMENT_3D('',#4477,#3444,#3445);
#3112=AXIS2_PLACEMENT_3D('',#4574,#3446,#3447);
#3113=AXIS2_PLACEMENT_3D('',#4576,#3448,#3449);
#3114=AXIS2_PLACEMENT_3D('',#4577,#3450,#3451);
#3115=AXIS2_PLACEMENT_3D('',#4579,#3452,#3453);
#3116=AXIS2_PLACEMENT_3D('',#4580,#3454,#3455);
#3117=AXIS2_PLACEMENT_3D('',#4582,#3456,#3457);
#3118=AXIS2_PLACEMENT_3D('',#4583,#3458,#3459);
#3119=AXIS2_PLACEMENT_3D('',#4585,#3460,#3461);
#3120=AXIS2_PLACEMENT_3D('',#4586,#3462,#3463);
#3121=AXIS2_PLACEMENT_3D('',#4588,#3464,#3465);
#3122=AXIS2_PLACEMENT_3D('',#4589,#3466,#3467);
#3123=AXIS2_PLACEMENT_3D('',#4686,#3468,#3469);
#3124=AXIS2_PLACEMENT_3D('',#4688,#3470,#3471);
#3125=AXIS2_PLACEMENT_3D('',#4689,#3472,#3473);
#3126=AXIS2_PLACEMENT_3D('',#4786,#3474,#3475);
#3127=AXIS2_PLACEMENT_3D('',#4788,#3476,#3477);
#3128=AXIS2_PLACEMENT_3D('',#4789,#3478,#3479);
#3129=AXIS2_PLACEMENT_3D('',#4791,#3480,#3481);
#3130=AXIS2_PLACEMENT_3D('',#4792,#3482,#3483);
#3131=AXIS2_PLACEMENT_3D('',#4794,#3484,#3485);
#3132=AXIS2_PLACEMENT_3D('',#4795,#3486,#3487);
#3133=AXIS2_PLACEMENT_3D('',#4797,#3488,#3489);
#3134=AXIS2_PLACEMENT_3D('',#4798,#3490,#3491);
#3135=AXIS2_PLACEMENT_3D('',#4800,#3492,#3493);
#3136=AXIS2_PLACEMENT_3D('',#4801,#3494,#3495);
#3137=AXIS2_PLACEMENT_3D('',#4898,#3496,#3497);
#3138=AXIS2_PLACEMENT_3D('',#4900,#3498,#3499);
#3139=AXIS2_PLACEMENT_3D('',#4901,#3500,#3501);
#3140=AXIS2_PLACEMENT_3D('',#4998,#3502,#3503);
#3141=AXIS2_PLACEMENT_3D('',#5000,#3504,#3505);
#3142=AXIS2_PLACEMENT_3D('',#5001,#3506,#3507);
#3143=AXIS2_PLACEMENT_3D('',#5003,#3508,#3509);
#3144=AXIS2_PLACEMENT_3D('',#5004,#3510,#3511);
#3145=AXIS2_PLACEMENT_3D('',#5006,#3512,#3513);
#3146=AXIS2_PLACEMENT_3D('',#5007,#3514,#3515);
#3147=AXIS2_PLACEMENT_3D('',#5009,#3516,#3517);
#3148=AXIS2_PLACEMENT_3D('',#5010,#3518,#3519);
#3149=AXIS2_PLACEMENT_3D('',#5012,#3520,#3521);
#3150=AXIS2_PLACEMENT_3D('',#5013,#3522,#3523);
#3151=AXIS2_PLACEMENT_3D('',#5110,#3524,#3525);
#3152=AXIS2_PLACEMENT_3D('',#5112,#3526,#3527);
#3153=AXIS2_PLACEMENT_3D('',#5113,#3528,#3529);
#3154=AXIS2_PLACEMENT_3D('',#5210,#3530,#3531);
#3155=AXIS2_PLACEMENT_3D('',#5212,#3532,#3533);
#3156=AXIS2_PLACEMENT_3D('',#5213,#3534,#3535);
#3157=AXIS2_PLACEMENT_3D('',#5215,#3536,#3537);
#3158=AXIS2_PLACEMENT_3D('',#5216,#3538,#3539);
#3159=AXIS2_PLACEMENT_3D('',#5218,#3540,#3541);
#3160=AXIS2_PLACEMENT_3D('',#5219,#3542,#3543);
#3161=AXIS2_PLACEMENT_3D('',#5221,#3544,#3545);
#3162=AXIS2_PLACEMENT_3D('',#5222,#3546,#3547);
#3163=AXIS2_PLACEMENT_3D('',#5224,#3548,#3549);
#3164=AXIS2_PLACEMENT_3D('',#5225,#3550,#3551);
#3165=AXIS2_PLACEMENT_3D('',#5322,#3552,#3553);
#3166=AXIS2_PLACEMENT_3D('',#5324,#3554,#3555);
#3167=AXIS2_PLACEMENT_3D('',#5325,#3556,#3557);
#3168=AXIS2_PLACEMENT_3D('',#5422,#3558,#3559);
#3169=AXIS2_PLACEMENT_3D('',#5424,#3560,#3561);
#3170=AXIS2_PLACEMENT_3D('',#5425,#3562,#3563);
#3171=AXIS2_PLACEMENT_3D('',#5427,#3564,#3565);
#3172=AXIS2_PLACEMENT_3D('',#5428,#3566,#3567);
#3173=AXIS2_PLACEMENT_3D('',#5430,#3568,#3569);
#3174=AXIS2_PLACEMENT_3D('',#5431,#3570,#3571);
#3175=AXIS2_PLACEMENT_3D('',#5433,#3572,#3573);
#3176=AXIS2_PLACEMENT_3D('',#5434,#3574,#3575);
#3177=AXIS2_PLACEMENT_3D('',#5436,#3576,#3577);
#3178=AXIS2_PLACEMENT_3D('',#5437,#3578,#3579);
#3179=AXIS2_PLACEMENT_3D('',#5534,#3580,#3581);
#3180=AXIS2_PLACEMENT_3D('',#5536,#3582,#3583);
#3181=AXIS2_PLACEMENT_3D('',#5537,#3584,#3585);
#3182=AXIS2_PLACEMENT_3D('',#5634,#3586,#3587);
#3183=AXIS2_PLACEMENT_3D('',#5636,#3588,#3589);
#3184=AXIS2_PLACEMENT_3D('',#5637,#3590,#3591);
#3185=AXIS2_PLACEMENT_3D('',#5639,#3592,#3593);
#3186=AXIS2_PLACEMENT_3D('',#5640,#3594,#3595);
#3187=AXIS2_PLACEMENT_3D('',#5642,#3596,#3597);
#3188=AXIS2_PLACEMENT_3D('',#5643,#3598,#3599);
#3189=AXIS2_PLACEMENT_3D('',#5645,#3600,#3601);
#3190=AXIS2_PLACEMENT_3D('',#5646,#3602,#3603);
#3191=AXIS2_PLACEMENT_3D('',#5648,#3604,#3605);
#3192=AXIS2_PLACEMENT_3D('',#5649,#3606,#3607);
#3193=AXIS2_PLACEMENT_3D('',#5746,#3608,#3609);
#3194=AXIS2_PLACEMENT_3D('',#5748,#3610,#3611);
#3195=AXIS2_PLACEMENT_3D('',#5749,#3612,#3613);
#3196=AXIS2_PLACEMENT_3D('',#5846,#3614,#3615);
#3197=AXIS2_PLACEMENT_3D('',#5848,#3616,#3617);
#3198=AXIS2_PLACEMENT_3D('',#5849,#3618,#3619);
#3199=AXIS2_PLACEMENT_3D('',#5851,#3620,#3621);
#3200=AXIS2_PLACEMENT_3D('',#5852,#3622,#3623);
#3201=AXIS2_PLACEMENT_3D('',#5854,#3624,#3625);
#3202=AXIS2_PLACEMENT_3D('',#5855,#3626,#3627);
#3203=AXIS2_PLACEMENT_3D('',#5857,#3628,#3629);
#3204=AXIS2_PLACEMENT_3D('',#5858,#3630,#3631);
#3205=AXIS2_PLACEMENT_3D('',#5860,#3632,#3633);
#3206=AXIS2_PLACEMENT_3D('',#5861,#3634,#3635);
#3207=AXIS2_PLACEMENT_3D('',#5958,#3636,#3637);
#3208=AXIS2_PLACEMENT_3D('',#5960,#3638,#3639);
#3209=AXIS2_PLACEMENT_3D('',#5961,#3640,#3641);
#3210=AXIS2_PLACEMENT_3D('',#6058,#3642,#3643);
#3211=AXIS2_PLACEMENT_3D('',#6060,#3644,#3645);
#3212=AXIS2_PLACEMENT_3D('',#6061,#3646,#3647);
#3213=AXIS2_PLACEMENT_3D('',#6063,#3648,#3649);
#3214=AXIS2_PLACEMENT_3D('',#6064,#3650,#3651);
#3215=AXIS2_PLACEMENT_3D('',#6066,#3652,#3653);
#3216=AXIS2_PLACEMENT_3D('',#6067,#3654,#3655);
#3217=AXIS2_PLACEMENT_3D('',#6069,#3656,#3657);
#3218=AXIS2_PLACEMENT_3D('',#6070,#3658,#3659);
#3219=AXIS2_PLACEMENT_3D('',#6072,#3660,#3661);
#3220=AXIS2_PLACEMENT_3D('',#6073,#3662,#3663);
#3221=AXIS2_PLACEMENT_3D('',#6170,#3664,#3665);
#3222=AXIS2_PLACEMENT_3D('',#6172,#3666,#3667);
#3223=AXIS2_PLACEMENT_3D('',#6173,#3668,#3669);
#3224=AXIS2_PLACEMENT_3D('',#6270,#3670,#3671);
#3225=AXIS2_PLACEMENT_3D('',#6272,#3672,#3673);
#3226=AXIS2_PLACEMENT_3D('',#6273,#3674,#3675);
#3227=AXIS2_PLACEMENT_3D('',#6275,#3676,#3677);
#3228=AXIS2_PLACEMENT_3D('',#6276,#3678,#3679);
#3229=AXIS2_PLACEMENT_3D('',#6278,#3680,#3681);
#3230=AXIS2_PLACEMENT_3D('',#6279,#3682,#3683);
#3231=AXIS2_PLACEMENT_3D('',#6281,#3684,#3685);
#3232=AXIS2_PLACEMENT_3D('',#6282,#3686,#3687);
#3233=AXIS2_PLACEMENT_3D('',#6284,#3688,#3689);
#3234=AXIS2_PLACEMENT_3D('',#6285,#3690,#3691);
#3235=AXIS2_PLACEMENT_3D('',#6382,#3692,#3693);
#3236=AXIS2_PLACEMENT_3D('',#6384,#3694,#3695);
#3237=AXIS2_PLACEMENT_3D('',#6385,#3696,#3697);
#3238=AXIS2_PLACEMENT_3D('',#6482,#3698,#3699);
#3239=AXIS2_PLACEMENT_3D('',#6484,#3700,#3701);
#3240=AXIS2_PLACEMENT_3D('',#6485,#3702,#3703);
#3241=AXIS2_PLACEMENT_3D('',#6487,#3704,#3705);
#3242=AXIS2_PLACEMENT_3D('',#6488,#3706,#3707);
#3243=AXIS2_PLACEMENT_3D('',#6490,#3708,#3709);
#3244=AXIS2_PLACEMENT_3D('',#6491,#3710,#3711);
#3245=AXIS2_PLACEMENT_3D('',#6493,#3712,#3713);
#3246=AXIS2_PLACEMENT_3D('',#6494,#3714,#3715);
#3247=AXIS2_PLACEMENT_3D('',#6496,#3716,#3717);
#3248=AXIS2_PLACEMENT_3D('',#6497,#3718,#3719);
#3249=AXIS2_PLACEMENT_3D('',#6594,#3720,#3721);
#3250=AXIS2_PLACEMENT_3D('',#6596,#3722,#3723);
#3251=AXIS2_PLACEMENT_3D('',#6597,#3724,#3725);
#3252=AXIS2_PLACEMENT_3D('',#6694,#3726,#3727);
#3253=AXIS2_PLACEMENT_3D('',#6696,#3728,#3729);
#3254=AXIS2_PLACEMENT_3D('',#6697,#3730,#3731);
#3255=AXIS2_PLACEMENT_3D('',#6699,#3732,#3733);
#3256=AXIS2_PLACEMENT_3D('',#6700,#3734,#3735);
#3257=AXIS2_PLACEMENT_3D('',#6702,#3736,#3737);
#3258=AXIS2_PLACEMENT_3D('',#6703,#3738,#3739);
#3259=AXIS2_PLACEMENT_3D('',#6705,#3740,#3741);
#3260=AXIS2_PLACEMENT_3D('',#6706,#3742,#3743);
#3261=AXIS2_PLACEMENT_3D('',#6708,#3744,#3745);
#3262=AXIS2_PLACEMENT_3D('',#6709,#3746,#3747);
#3263=AXIS2_PLACEMENT_3D('',#6806,#3748,#3749);
#3264=AXIS2_PLACEMENT_3D('',#6808,#3750,#3751);
#3265=AXIS2_PLACEMENT_3D('',#6809,#3752,#3753);
#3266=AXIS2_PLACEMENT_3D('',#6906,#3754,#3755);
#3267=AXIS2_PLACEMENT_3D('',#6908,#3756,#3757);
#3268=AXIS2_PLACEMENT_3D('',#6909,#3758,#3759);
#3269=AXIS2_PLACEMENT_3D('',#6911,#3760,#3761);
#3270=AXIS2_PLACEMENT_3D('',#6912,#3762,#3763);
#3271=AXIS2_PLACEMENT_3D('',#6914,#3764,#3765);
#3272=AXIS2_PLACEMENT_3D('',#6915,#3766,#3767);
#3273=AXIS2_PLACEMENT_3D('',#6917,#3768,#3769);
#3274=AXIS2_PLACEMENT_3D('',#6918,#3770,#3771);
#3275=AXIS2_PLACEMENT_3D('',#6920,#3772,#3773);
#3276=AXIS2_PLACEMENT_3D('',#6921,#3774,#3775);
#3277=AXIS2_PLACEMENT_3D('',#7018,#3776,#3777);
#3278=AXIS2_PLACEMENT_3D('',#7020,#3778,#3779);
#3279=AXIS2_PLACEMENT_3D('',#7021,#3780,#3781);
#3280=AXIS2_PLACEMENT_3D('',#7118,#3782,#3783);
#3281=AXIS2_PLACEMENT_3D('',#7120,#3784,#3785);
#3282=AXIS2_PLACEMENT_3D('',#7121,#3786,#3787);
#3283=AXIS2_PLACEMENT_3D('',#7123,#3788,#3789);
#3284=AXIS2_PLACEMENT_3D('',#7124,#3790,#3791);
#3285=AXIS2_PLACEMENT_3D('',#7126,#3792,#3793);
#3286=AXIS2_PLACEMENT_3D('',#7127,#3794,#3795);
#3287=AXIS2_PLACEMENT_3D('',#7129,#3796,#3797);
#3288=AXIS2_PLACEMENT_3D('',#7130,#3798,#3799);
#3289=AXIS2_PLACEMENT_3D('',#7132,#3800,#3801);
#3290=AXIS2_PLACEMENT_3D('',#7133,#3802,#3803);
#3291=AXIS2_PLACEMENT_3D('',#7230,#3804,#3805);
#3292=AXIS2_PLACEMENT_3D('',#7232,#3806,#3807);
#3293=AXIS2_PLACEMENT_3D('',#7233,#3808,#3809);
#3294=AXIS2_PLACEMENT_3D('',#7330,#3810,#3811);
#3295=AXIS2_PLACEMENT_3D('',#7332,#3812,#3813);
#3296=AXIS2_PLACEMENT_3D('',#7333,#3814,#3815);
#3297=AXIS2_PLACEMENT_3D('',#7335,#3816,#3817);
#3298=AXIS2_PLACEMENT_3D('',#7336,#3818,#3819);
#3299=AXIS2_PLACEMENT_3D('',#7338,#3820,#3821);
#3300=AXIS2_PLACEMENT_3D('',#7339,#3822,#3823);
#3301=AXIS2_PLACEMENT_3D('',#7341,#3824,#3825);
#3302=AXIS2_PLACEMENT_3D('',#7342,#3826,#3827);
#3303=AXIS2_PLACEMENT_3D('',#7344,#3828,#3829);
#3304=AXIS2_PLACEMENT_3D('',#7345,#3830,#3831);
#3305=AXIS2_PLACEMENT_3D('',#7442,#3832,#3833);
#3306=AXIS2_PLACEMENT_3D('',#7444,#3834,#3835);
#3307=AXIS2_PLACEMENT_3D('',#7445,#3836,#3837);
#3308=AXIS2_PLACEMENT_3D('',#7542,#3838,#3839);
#3309=AXIS2_PLACEMENT_3D('',#7544,#3840,#3841);
#3310=AXIS2_PLACEMENT_3D('',#7545,#3842,#3843);
#3311=AXIS2_PLACEMENT_3D('',#7547,#3844,#3845);
#3312=AXIS2_PLACEMENT_3D('',#7548,#3846,#3847);
#3313=AXIS2_PLACEMENT_3D('',#7550,#3848,#3849);
#3314=AXIS2_PLACEMENT_3D('',#7551,#3850,#3851);
#3315=AXIS2_PLACEMENT_3D('',#7553,#3852,#3853);
#3316=AXIS2_PLACEMENT_3D('',#7554,#3854,#3855);
#3317=AXIS2_PLACEMENT_3D('',#7556,#3856,#3857);
#3318=AXIS2_PLACEMENT_3D('',#7557,#3858,#3859);
#3319=AXIS2_PLACEMENT_3D('',#7654,#3860,#3861);
#3320=AXIS2_PLACEMENT_3D('',#7656,#3862,#3863);
#3321=AXIS2_PLACEMENT_3D('',#7657,#3864,#3865);
#3322=AXIS2_PLACEMENT_3D('',#7754,#3866,#3867);
#3323=AXIS2_PLACEMENT_3D('',#7756,#3868,#3869);
#3324=AXIS2_PLACEMENT_3D('',#7757,#3870,#3871);
#3325=AXIS2_PLACEMENT_3D('',#7759,#3872,#3873);
#3326=AXIS2_PLACEMENT_3D('',#7760,#3874,#3875);
#3327=AXIS2_PLACEMENT_3D('',#7762,#3876,#3877);
#3328=AXIS2_PLACEMENT_3D('',#7763,#3878,#3879);
#3329=AXIS2_PLACEMENT_3D('',#7765,#3880,#3881);
#3330=AXIS2_PLACEMENT_3D('',#7766,#3882,#3883);
#3331=AXIS2_PLACEMENT_3D('',#7768,#3884,#3885);
#3332=AXIS2_PLACEMENT_3D('',#7769,#3886,#3887);
#3333=AXIS2_PLACEMENT_3D('',#7866,#3888,#3889);
#3334=AXIS2_PLACEMENT_3D('',#7868,#3890,#3891);
#3335=AXIS2_PLACEMENT_3D('',#7869,#3892,#3893);
#3336=AXIS2_PLACEMENT_3D('',#7966,#3894,#3895);
#3337=AXIS2_PLACEMENT_3D('',#7968,#3896,#3897);
#3338=AXIS2_PLACEMENT_3D('',#7969,#3898,#3899);
#3339=AXIS2_PLACEMENT_3D('',#7971,#3900,#3901);
#3340=AXIS2_PLACEMENT_3D('',#7972,#3902,#3903);
#3341=AXIS2_PLACEMENT_3D('',#7974,#3904,#3905);
#3342=AXIS2_PLACEMENT_3D('',#7975,#3906,#3907);
#3343=AXIS2_PLACEMENT_3D('',#7977,#3908,#3909);
#3344=AXIS2_PLACEMENT_3D('',#7978,#3910,#3911);
#3345=AXIS2_PLACEMENT_3D('',#7980,#3912,#3913);
#3346=AXIS2_PLACEMENT_3D('',#7981,#3914,#3915);
#3347=AXIS2_PLACEMENT_3D('',#8078,#3916,#3917);
#3348=AXIS2_PLACEMENT_3D('',#8080,#3918,#3919);
#3349=AXIS2_PLACEMENT_3D('',#8081,#3920,#3921);
#3350=AXIS2_PLACEMENT_3D('',#8178,#3922,#3923);
#3351=AXIS2_PLACEMENT_3D('',#8180,#3924,#3925);
#3352=AXIS2_PLACEMENT_3D('',#8181,#3926,#3927);
#3353=AXIS2_PLACEMENT_3D('',#8183,#3928,#3929);
#3354=AXIS2_PLACEMENT_3D('',#8282,#3930,#3931);
#3355=AXIS2_PLACEMENT_3D('',#8284,#3932,#3933);
#3356=AXIS2_PLACEMENT_3D('',#8285,#3934,#3935);
#3357=AXIS2_PLACEMENT_3D('',#8287,#3936,#3937);
#3358=AXIS2_PLACEMENT_3D('',#8288,#3938,#3939);
#3359=AXIS2_PLACEMENT_3D('',#8289,#3940,#3941);
#3360=AXIS2_PLACEMENT_3D('',#8290,#3942,#3943);
#3361=AXIS2_PLACEMENT_3D('',#8292,#3944,#3945);
#3362=AXIS2_PLACEMENT_3D('',#8294,#3946,#3947);
#3363=AXIS2_PLACEMENT_3D('',#8295,#3948,#3949);
#3364=AXIS2_PLACEMENT_3D('',#8297,#3950,#3951);
#3365=AXIS2_PLACEMENT_3D('',#8299,#3952,#3953);
#3366=AXIS2_PLACEMENT_3D('',#8300,#3954,#3955);
#3367=AXIS2_PLACEMENT_3D('',#8302,#3956,#3957);
#3368=AXIS2_PLACEMENT_3D('',#8304,#3958,#3959);
#3369=AXIS2_PLACEMENT_3D('',#8305,#3960,#3961);
#3370=AXIS2_PLACEMENT_3D('',#8307,#3962,#3963);
#3371=AXIS2_PLACEMENT_3D('',#8309,#3964,#3965);
#3372=AXIS2_PLACEMENT_3D('',#8310,#3966,#3967);
#3373=AXIS2_PLACEMENT_3D('',#8311,#3968,#3969);
#3374=AXIS2_PLACEMENT_3D('',#8312,#3970,#3971);
#3375=AXIS2_PLACEMENT_3D('',#8313,#3972,#3973);
#3376=DIRECTION('',(0.,0.,1.));
#3377=DIRECTION('',(1.,0.,0.));
#3378=DIRECTION('',(0.,0.,1.));
#3379=DIRECTION('',(1.,0.,0.));
#3380=DIRECTION('',(0.,-2.66880534765663E-16,1.));
#3381=DIRECTION('',(1.,0.,0.));
#3382=DIRECTION('',(0.,-2.66880534765663E-16,1.));
#3383=DIRECTION('',(1.,0.,0.));
#3384=DIRECTION('',(0.,-2.66880534765663E-16,1.));
#3385=DIRECTION('',(0.,-1.,-2.66880534765663E-16));
#3386=DIRECTION('',(0.,0.,1.));
#3387=DIRECTION('',(1.,0.,0.));
#3388=DIRECTION('',(-0.238377005693157,-5.67728590523361E-13,-0.971172694816306));
#3389=DIRECTION('',(0.970587625285309,0.0347060420342942,-0.238233398769645));
#3390=DIRECTION('',(0.,1.,0.));
#3391=DIRECTION('',(-0.961498265955533,0.,0.274810997895831));
#3392=DIRECTION('',(0.,1.,0.));
#3393=DIRECTION('',(0.,0.,1.));
#3394=DIRECTION('',(0.,1.,0.));
#3395=DIRECTION('',(-0.961498265955533,0.,0.274810997895831));
#3396=DIRECTION('',(-0.951056516295154,0.,-0.309016994374947));
#3397=DIRECTION('',(-0.309016994374947,0.,0.951056516295154));
#3398=DIRECTION('',(-0.309016994374947,0.,0.951056516295154));
#3399=DIRECTION('',(-0.788918425722328,-0.558480094540706,-0.256335135238241));
#3400=DIRECTION('',(-0.309016994374947,0.,0.951056516295154));
#3401=DIRECTION('',(0.951056516295154,0.,0.309016994374947));
#3402=DIRECTION('',(-0.309016994374947,0.,0.951056516295154));
#3403=DIRECTION('',(-0.788918425722328,-0.558480094540706,-0.256335135238241));
#3404=DIRECTION('',(-0.951056516295154,0.,-0.309016994374947));
#3405=DIRECTION('',(-0.309016994374947,0.,0.951056516295154));
#3406=DIRECTION('',(0.,-1.,0.));
#3407=DIRECTION('',(-0.616338585489123,0.,-0.787481268372313));
#3408=DIRECTION('',(0.,-1.,0.));
#3409=DIRECTION('',(0.,0.,-1.));
#3410=DIRECTION('',(3.60181778889138E-17,-1.,-4.89394842957546E-16));
#3411=DIRECTION('',(-0.616338585489123,3.63189878855128E-16,-0.787481268372313));
#3412=DIRECTION('',(0.0733988625717489,0.,-0.997302665680371));
#3413=DIRECTION('',(-0.67066245014415,0.740118616987085,-0.0493589987314237));
#3414=DIRECTION('',(0.0733988625717489,0.,-0.997302665680371));
#3415=DIRECTION('',(-0.997302665680371,0.,-0.0733988625717489));
#3416=DIRECTION('',(0.0733988625717489,0.,-0.997302665680371));
#3417=DIRECTION('',(-0.67066245014415,0.740118616987085,-0.0493589987314237));
#3418=DIRECTION('',(0.,1.,0.));
#3419=DIRECTION('',(-0.724986314799178,0.,0.688763270909466));
#3420=DIRECTION('',(0.,1.,0.));
#3421=DIRECTION('',(0.,0.,1.));
#3422=DIRECTION('',(0.,1.,0.));
#3423=DIRECTION('',(-0.724986314799178,0.,0.688763270909466));
#3424=DIRECTION('',(-0.809016994374947,0.,-0.587785252292473));
#3425=DIRECTION('',(-0.587785252292473,0.,0.809016994374948));
#3426=DIRECTION('',(-0.587785252292473,0.,0.809016994374947));
#3427=DIRECTION('',(-0.146983304889089,-0.983357455219859,-0.106789621908702));
#3428=DIRECTION('',(-0.587785252292473,0.,0.809016994374948));
#3429=DIRECTION('',(0.809016994374948,0.,0.587785252292473));
#3430=DIRECTION('',(-0.587785252292473,0.,0.809016994374947));
#3431=DIRECTION('',(-0.146983304889089,-0.983357455219859,-0.106789621908702));
#3432=DIRECTION('',(-0.809016994374947,0.,-0.587785252292473));
#3433=DIRECTION('',(-0.587785252292473,0.,0.809016994374948));
#3434=DIRECTION('',(0.,-1.,0.));
#3435=DIRECTION('',(0.431019705021,0.,-0.902342514726869));
#3436=DIRECTION('',(0.,-1.,0.));
#3437=DIRECTION('',(0.,0.,-1.));
#3438=DIRECTION('',(0.,-1.,0.));
#3439=DIRECTION('',(0.431019705021,0.,-0.902342514726869));
#3440=DIRECTION('',(0.377989938768186,0.,-0.925809703011382));
#3441=DIRECTION('',(0.0536653308271112,0.998318567482595,0.0219105017449409));
#3442=DIRECTION('',(0.377989938768186,0.,-0.925809703011382));
#3443=DIRECTION('',(-0.925809703011382,0.,-0.377989938768186));
#3444=DIRECTION('',(0.377989938768186,0.,-0.925809703011382));
#3445=DIRECTION('',(0.0536653308271112,0.998318567482595,0.0219105017449409));
#3446=DIRECTION('',(0.,1.,0.));
#3447=DIRECTION('',(-0.323689043366778,0.,0.946163518216751));
#3448=DIRECTION('',(0.,1.,0.));
#3449=DIRECTION('',(0.,0.,1.));
#3450=DIRECTION('',(0.,1.,0.));
#3451=DIRECTION('',(-0.323689043366778,0.,0.946163518216751));
#3452=DIRECTION('',(-0.587785252292473,0.,-0.809016994374947));
#3453=DIRECTION('',(-0.809016994374948,0.,0.587785252292473));
#3454=DIRECTION('',(-0.809016994374947,0.,0.587785252292473));
#3455=DIRECTION('',(0.338095675703658,-0.81801089924166,0.465348775427999));
#3456=DIRECTION('',(-0.809016994374947,0.,0.587785252292473));
#3457=DIRECTION('',(0.587785252292473,0.,0.809016994374948));
#3458=DIRECTION('',(-0.809016994374948,0.,0.587785252292473));
#3459=DIRECTION('',(0.338095675703657,-0.818010899241659,0.465348775427999));
#3460=DIRECTION('',(-0.587785252292473,0.,-0.809016994374947));
#3461=DIRECTION('',(-0.809016994374948,0.,0.587785252292473));
#3462=DIRECTION('',(0.,-1.,0.));
#3463=DIRECTION('',(0.999880394774093,0.,-0.0154659673607521));
#3464=DIRECTION('',(0.,-1.,0.));
#3465=DIRECTION('',(0.,0.,-1.));
#3466=DIRECTION('',(-3.16798389256988E-16,-1.,3.74757791134563E-16));
#3467=DIRECTION('',(0.999880394774093,-3.22556490279949E-16,-0.0154659673607521));
#3468=DIRECTION('',(0.645580726147229,0.,-0.76369203611614));
#3469=DIRECTION('',(0.57553066282555,0.657314747422876,0.48652007046779));
#3470=DIRECTION('',(0.645580726147229,0.,-0.76369203611614));
#3471=DIRECTION('',(-0.76369203611614,0.,-0.645580726147229));
#3472=DIRECTION('',(0.645580726147229,-1.04081961381754E-14,-0.76369203611614));
#3473=DIRECTION('',(0.575530662825555,0.657314747422876,0.486520070467785));
#3474=DIRECTION('',(0.,1.,0.));
#3475=DIRECTION('',(0.151180930877007,0.,0.988506108296333));
#3476=DIRECTION('',(0.,1.,0.));
#3477=DIRECTION('',(0.,0.,1.));
#3478=DIRECTION('',(0.,1.,0.));
#3479=DIRECTION('',(0.151180930877007,0.,0.988506108296333));
#3480=DIRECTION('',(-0.309016994374947,0.,-0.951056516295154));
#3481=DIRECTION('',(-0.951056516295154,0.,0.309016994374947));
#3482=DIRECTION('',(-0.951056516295154,0.,0.309016994374947));
#3483=DIRECTION('',(0.304951150414847,-0.161683577056864,0.93854313527443));
#3484=DIRECTION('',(-0.951056516295154,0.,0.309016994374947));
#3485=DIRECTION('',(0.309016994374947,0.,0.951056516295154));
#3486=DIRECTION('',(-0.951056516295154,0.,0.309016994374947));
#3487=DIRECTION('',(0.304951150414847,-0.161683577056864,0.93854313527443));
#3488=DIRECTION('',(-0.309016994374947,0.,-0.951056516295154));
#3489=DIRECTION('',(-0.951056516295154,0.,0.309016994374947));
#3490=DIRECTION('',(0.,-1.,0.));
#3491=DIRECTION('',(0.458721369952687,0.,0.888580162252528));
#3492=DIRECTION('',(0.,-1.,0.));
#3493=DIRECTION('',(0.,0.,-1.));
#3494=DIRECTION('',(-8.34199397379327E-16,-1.,5.17039506439769E-16));
#3495=DIRECTION('',(0.458721369952687,7.67659581436663E-17,0.888580162252528));
#3496=DIRECTION('',(0.849977574025573,0.,-0.526818871770556));
#3497=DIRECTION('',(0.52520484900366,-0.0782179213695024,0.847373485164409));
#3498=DIRECTION('',(0.849977574025573,0.,-0.526818871770556));
#3499=DIRECTION('',(-0.526818871770556,0.,-0.849977574025573));
#3500=DIRECTION('',(0.849977574025573,0.,-0.526818871770556));
#3501=DIRECTION('',(0.52520484900366,-0.0782179213695023,0.847373485164409));
#3502=DIRECTION('',(0.,1.,0.));
#3503=DIRECTION('',(0.591688328054632,0.,0.806166808076289));
#3504=DIRECTION('',(0.,1.,0.));
#3505=DIRECTION('',(0.,0.,1.));
#3506=DIRECTION('',(0.,1.,0.));
#3507=DIRECTION('',(0.591688328054632,0.,0.806166808076289));
#3508=DIRECTION('',(0.,0.,-1.));
#3509=DIRECTION('',(-1.,0.,0.));
#3510=DIRECTION('',(-1.,0.,0.));
#3511=DIRECTION('',(0.,0.591688328054632,0.806166808076289));
#3512=DIRECTION('',(-1.,0.,0.));
#3513=DIRECTION('',(0.,0.,1.));
#3514=DIRECTION('',(-1.,0.,0.));
#3515=DIRECTION('',(0.,0.591688328054632,0.806166808076289));
#3516=DIRECTION('',(0.,0.,-1.));
#3517=DIRECTION('',(-1.,0.,0.));
#3518=DIRECTION('',(0.,-1.,0.));
#3519=DIRECTION('',(-0.591688328054632,0.,0.806166808076289));
#3520=DIRECTION('',(0.,-1.,0.));
#3521=DIRECTION('',(0.,0.,-1.));
#3522=DIRECTION('',(-4.76572383510112E-16,-1.,1.16976000647011E-16));
#3523=DIRECTION('',(-0.591688328054632,3.7628448585924E-16,0.806166808076289));
#3524=DIRECTION('',(0.971172694816305,0.,-0.238377005693157));
#3525=DIRECTION('',(0.153009980568364,-0.766803177846607,0.623378562585218));
#3526=DIRECTION('',(0.971172694816306,0.,-0.238377005693157));
#3527=DIRECTION('',(-0.238377005693157,0.,-0.971172694816306));
#3528=DIRECTION('',(0.971172694816305,-5.68932715219822E-13,-0.238377005693157));
#3529=DIRECTION('',(0.15300998056794,-0.766803177846607,0.623378562585322));
#3530=DIRECTION('',(0.,1.,0.));
#3531=DIRECTION('',(0.89770828919136,0.,0.440590317094147));
#3532=DIRECTION('',(0.,1.,0.));
#3533=DIRECTION('',(0.,0.,1.));
#3534=DIRECTION('',(0.,1.,0.));
#3535=DIRECTION('',(0.89770828919136,0.,0.440590317094147));
#3536=DIRECTION('',(0.309016994374947,0.,-0.951056516295154));
#3537=DIRECTION('',(-0.951056516295154,0.,-0.309016994374947));
#3538=DIRECTION('',(-0.951056516295154,0.,-0.309016994374947));
#3539=DIRECTION('',(-0.0437627317232571,0.989921213706755,0.134687838966486));
#3540=DIRECTION('',(-0.951056516295154,0.,-0.309016994374947));
#3541=DIRECTION('',(-0.309016994374947,0.,0.951056516295154));
#3542=DIRECTION('',(-0.951056516295154,0.,-0.309016994374947));
#3543=DIRECTION('',(-0.0437627317232571,0.989921213706755,0.134687838966486));
#3544=DIRECTION('',(0.309016994374947,0.,-0.951056516295154));
#3545=DIRECTION('',(-0.951056516295154,0.,-0.309016994374947));
#3546=DIRECTION('',(0.,-1.,0.));
#3547=DIRECTION('',(-0.985233752637874,0.,-0.171214639161176));
#3548=DIRECTION('',(0.,-1.,0.));
#3549=DIRECTION('',(0.,0.,-1.));
#3550=DIRECTION('',(4.89394842957546E-16,-1.,3.60181778889139E-17));
#3551=DIRECTION('',(-0.985233752637874,-4.88335156979179E-16,-0.171214639161176));
#3552=DIRECTION('',(0.997302665680371,0.,0.0733988625717491));
#3553=DIRECTION('',(0.00722522102942615,-0.99514320759409,-0.0981722596277674));
#3554=DIRECTION('',(0.997302665680371,0.,0.073398862571749));
#3555=DIRECTION('',(0.0733988625717491,0.,-0.997302665680371));
#3556=DIRECTION('',(0.997302665680371,-9.85553687811311E-16,0.0733988625717491));
#3557=DIRECTION('',(0.00722522102942516,-0.99514320759409,-0.0981722596277674));
#3558=DIRECTION('',(0.,1.,0.));
#3559=DIRECTION('',(0.999684194696727,0.,-0.0251298800943592));
#3560=DIRECTION('',(0.,1.,0.));
#3561=DIRECTION('',(0.,0.,1.));
#3562=DIRECTION('',(0.,1.,0.));
#3563=DIRECTION('',(0.999684194696727,0.,-0.0251298800943593));
#3564=DIRECTION('',(0.587785252292473,0.,-0.809016994374947));
#3565=DIRECTION('',(-0.809016994374948,0.,-0.587785252292473));
#3566=DIRECTION('',(-0.809016994374947,0.,-0.587785252292473));
#3567=DIRECTION('',(0.35733236287243,0.793990529606343,-0.491825803856858));
#3568=DIRECTION('',(-0.809016994374947,0.,-0.587785252292473));
#3569=DIRECTION('',(-0.587785252292473,0.,0.809016994374948));
#3570=DIRECTION('',(-0.809016994374948,0.,-0.587785252292473));
#3571=DIRECTION('',(0.35733236287243,0.793990529606343,-0.491825803856858));
#3572=DIRECTION('',(0.587785252292473,0.,-0.809016994374947));
#3573=DIRECTION('',(-0.809016994374948,0.,-0.587785252292473));
#3574=DIRECTION('',(0.,-1.,0.));
#3575=DIRECTION('',(-0.285019468951866,0.,-0.958521727619357));
#3576=DIRECTION('',(0.,-1.,0.));
#3577=DIRECTION('',(0.,0.,-1.));
#3578=DIRECTION('',(0.,-1.,0.));
#3579=DIRECTION('',(-0.285019468951866,0.,-0.958521727619357));
#3580=DIRECTION('',(0.925809703011382,0.,0.377989938768185));
#3581=DIRECTION('',(0.294709012325111,-0.626185359033605,-0.72182996210071));
#3582=DIRECTION('',(0.925809703011382,0.,0.377989938768185));
#3583=DIRECTION('',(0.377989938768185,0.,-0.925809703011382));
#3584=DIRECTION('',(0.925809703011382,-6.21354902902518E-16,0.377989938768185));
#3585=DIRECTION('',(0.294709012325111,-0.626185359033605,-0.72182996210071));
#3586=DIRECTION('',(0.,1.,0.));
#3587=DIRECTION('',(0.874437493602088,0.,-0.485138196582064));
#3588=DIRECTION('',(0.,1.,0.));
#3589=DIRECTION('',(0.,0.,1.));
#3590=DIRECTION('',(0.,1.,0.));
#3591=DIRECTION('',(0.874437493602088,0.,-0.485138196582064));
#3592=DIRECTION('',(0.809016994374947,0.,-0.587785252292473));
#3593=DIRECTION('',(-0.587785252292473,0.,-0.809016994374948));
#3594=DIRECTION('',(-0.587785252292473,0.,-0.809016994374947));
#3595=DIRECTION('',(0.803023691403409,0.121496417135598,-0.58343086280043));
#3596=DIRECTION('',(-0.587785252292473,0.,-0.809016994374948));
#3597=DIRECTION('',(-0.809016994374948,0.,0.587785252292473));
#3598=DIRECTION('',(-0.587785252292473,0.,-0.809016994374947));
#3599=DIRECTION('',(0.803023691403409,0.121496417135598,-0.58343086280043));
#3600=DIRECTION('',(0.809016994374947,0.,-0.587785252292473));
#3601=DIRECTION('',(-0.587785252292473,0.,-0.809016994374948));
#3602=DIRECTION('',(0.,-1.,0.));
#3603=DIRECTION('',(0.73160988920473,0.,-0.681723529018796));
#3604=DIRECTION('',(0.,-1.,0.));
#3605=DIRECTION('',(0.,0.,-1.));
#3606=DIRECTION('',(0.,-1.,0.));
#3607=DIRECTION('',(0.73160988920473,0.,-0.681723529018796));
#3608=DIRECTION('',(0.763692036116141,0.,0.645580726147229));
#3609=DIRECTION('',(0.641022973653982,0.118617075033859,-0.758300426452615));
#3610=DIRECTION('',(0.763692036116141,0.,0.645580726147229));
#3611=DIRECTION('',(0.645580726147229,0.,-0.763692036116141));
#3612=DIRECTION('',(0.763692036116141,-1.10235280289917E-14,0.645580726147229));
#3613=DIRECTION('',(0.641022973653983,0.118617075033859,-0.758300426452614));
#3614=DIRECTION('',(0.,1.,0.));
#3615=DIRECTION('',(0.550436058103233,0.,-0.834877323886434));
#3616=DIRECTION('',(0.,1.,0.));
#3617=DIRECTION('',(0.,0.,1.));
#3618=DIRECTION('',(0.,1.,0.));
#3619=DIRECTION('',(0.550436058103233,0.,-0.834877323886434));
#3620=DIRECTION('',(0.951056516295154,0.,-0.309016994374947));
#3621=DIRECTION('',(-0.309016994374947,0.,-0.951056516295154));
#3622=DIRECTION('',(-0.309016994374947,0.,-0.951056516295154));
#3623=DIRECTION('',(0.743238380939679,-0.623921422918598,-0.241492788963557));
#3624=DIRECTION('',(-0.309016994374947,0.,-0.951056516295154));
#3625=DIRECTION('',(-0.951056516295154,0.,0.309016994374947));
#3626=DIRECTION('',(-0.309016994374947,0.,-0.951056516295154));
#3627=DIRECTION('',(0.743238380939679,-0.623921422918598,-0.241492788963557));
#3628=DIRECTION('',(0.951056516295154,0.,-0.309016994374947));
#3629=DIRECTION('',(-0.309016994374947,0.,-0.951056516295154));
#3630=DIRECTION('',(0.,-1.,0.));
#3631=DIRECTION('',(0.936040703776124,0.,0.351891745959319));
#3632=DIRECTION('',(0.,-1.,0.));
#3633=DIRECTION('',(0.,0.,-1.));
#3634=DIRECTION('',(-2.58519753219885E-16,-1.,-4.17099698689663E-16));
#3635=DIRECTION('',(0.936040703776124,-3.88758952954982E-16,0.351891745959319));
#3636=DIRECTION('',(0.526818871770556,0.,0.849977574025573));
#3637=DIRECTION('',(0.518682149882976,0.79222400004478,-0.321480887683579));
#3638=DIRECTION('',(0.526818871770556,0.,0.849977574025573));
#3639=DIRECTION('',(0.849977574025573,0.,-0.526818871770556));
#3640=DIRECTION('',(0.526818871770556,-8.72918508116469E-16,0.849977574025573));
#3641=DIRECTION('',(0.518682149882976,0.79222400004478,-0.321480887683578));
#3642=DIRECTION('',(0.,1.,0.));
#3643=DIRECTION('',(0.101323595989828,0.,-0.994853521326476));
#3644=DIRECTION('',(0.,1.,0.));
#3645=DIRECTION('',(0.,0.,1.));
#3646=DIRECTION('',(0.,1.,0.));
#3647=DIRECTION('',(0.101323595989828,0.,-0.994853521326476));
#3648=DIRECTION('',(1.,0.,0.));
#3649=DIRECTION('',(0.,0.,-1.));
#3650=DIRECTION('',(0.,0.,-1.));
#3651=DIRECTION('',(0.101323595989828,-0.994853521326476,0.));
#3652=DIRECTION('',(0.,0.,-1.));
#3653=DIRECTION('',(-1.,0.,0.));
#3654=DIRECTION('',(0.,0.,-1.));
#3655=DIRECTION('',(0.101323595989828,-0.994853521326476,0.));
#3656=DIRECTION('',(1.,0.,0.));
#3657=DIRECTION('',(0.,0.,-1.));
#3658=DIRECTION('',(0.,-1.,0.));
#3659=DIRECTION('',(0.101323595989828,0.,0.994853521326476));
#3660=DIRECTION('',(0.,-1.,0.));
#3661=DIRECTION('',(0.,0.,-1.));
#3662=DIRECTION('',(-1.16976000647011E-16,-1.,-4.76572383510112E-16));
#3663=DIRECTION('',(0.101323595989828,-4.85972142932051E-16,0.994853521326476));
#3664=DIRECTION('',(0.238377005693157,0.,0.971172694816305));
#3665=DIRECTION('',(-0.134747777405341,0.990327790672243,0.0330742121078359));
#3666=DIRECTION('',(0.238377005693157,0.,0.971172694816306));
#3667=DIRECTION('',(0.971172694816306,0.,-0.238377005693157));
#3668=DIRECTION('',(0.238377005693157,-5.68063848996774E-13,0.971172694816306));
#3669=DIRECTION('',(-0.134747777405206,0.990327790672243,0.0330742121083822));
#3670=DIRECTION('',(0.,1.,0.));
#3671=DIRECTION('',(-0.370819150800509,0.,-0.928705097110805));
#3672=DIRECTION('',(0.,1.,0.));
#3673=DIRECTION('',(0.,0.,1.));
#3674=DIRECTION('',(0.,1.,0.));
#3675=DIRECTION('',(-0.370819150800509,0.,-0.928705097110805));
#3676=DIRECTION('',(0.951056516295154,0.,0.309016994374947));
#3677=DIRECTION('',(0.309016994374947,0.,-0.951056516295154));
#3678=DIRECTION('',(0.309016994374947,0.,-0.951056516295154));
#3679=DIRECTION('',(-0.608348652724194,-0.768661614886711,-0.197664459446843));
#3680=DIRECTION('',(0.309016994374947,0.,-0.951056516295154));
#3681=DIRECTION('',(-0.951056516295154,0.,-0.309016994374947));
#3682=DIRECTION('',(0.309016994374947,0.,-0.951056516295154));
#3683=DIRECTION('',(-0.608348652724194,-0.768661614886711,-0.197664459446843));
#3684=DIRECTION('',(0.951056516295154,0.,0.309016994374947));
#3685=DIRECTION('',(0.309016994374947,0.,-0.951056516295154));
#3686=DIRECTION('',(0.,-1.,0.));
#3687=DIRECTION('',(-0.845878154647878,0.,0.53337617821712));
#3688=DIRECTION('',(0.,-1.,0.));
#3689=DIRECTION('',(0.,0.,-1.));
#3690=DIRECTION('',(-3.60181778889138E-17,-1.,4.89394842957546E-16));
#3691=DIRECTION('',(-0.845878154647878,2.91498540822316E-16,0.53337617821712));
#3692=DIRECTION('',(-0.0733988625717489,0.,0.997302665680371));
#3693=DIRECTION('',(-0.802277470265684,0.594023978771786,-0.0590455192900426));
#3694=DIRECTION('',(-0.0733988625717489,0.,0.997302665680371));
#3695=DIRECTION('',(0.997302665680371,0.,0.0733988625717489));
#3696=DIRECTION('',(-0.0733988625717489,0.,0.997302665680371));
#3697=DIRECTION('',(-0.802277470265684,0.594023978771786,-0.0590455192900427));
#3698=DIRECTION('',(0.,1.,0.));
#3699=DIRECTION('',(-0.758676785883491,0.,-0.651467216797205));
#3700=DIRECTION('',(0.,1.,0.));
#3701=DIRECTION('',(0.,0.,1.));
#3702=DIRECTION('',(0.,1.,0.));
#3703=DIRECTION('',(-0.758676785883491,0.,-0.651467216797205));
#3704=DIRECTION('',(0.809016994374947,0.,0.587785252292473));
#3705=DIRECTION('',(0.587785252292473,0.,-0.809016994374948));
#3706=DIRECTION('',(0.587785252292473,0.,-0.809016994374947));
#3707=DIRECTION('',(-0.806351473823451,-0.0811090236681169,-0.585848638252539));
#3708=DIRECTION('',(0.587785252292473,0.,-0.809016994374947));
#3709=DIRECTION('',(-0.809016994374948,0.,-0.587785252292473));
#3710=DIRECTION('',(0.587785252292473,0.,-0.809016994374947));
#3711=DIRECTION('',(-0.806351473823451,-0.0811090236681169,-0.585848638252539));
#3712=DIRECTION('',(0.809016994374947,0.,0.587785252292473));
#3713=DIRECTION('',(0.587785252292473,0.,-0.809016994374948));
#3714=DIRECTION('',(0.,-1.,0.));
#3715=DIRECTION('',(-0.854026161763411,0.,-0.520230059707872));
#3716=DIRECTION('',(0.,-1.,0.));
#3717=DIRECTION('',(0.,0.,-1.));
#3718=DIRECTION('',(0.,-1.,0.));
#3719=DIRECTION('',(-0.854026161763411,0.,-0.520230059707872));
#3720=DIRECTION('',(-0.377989938768186,0.,0.925809703011382));
#3721=DIRECTION('',(-0.914058803734212,-0.158820740484358,-0.373192277128001));
#3722=DIRECTION('',(-0.377989938768186,0.,0.925809703011382));
#3723=DIRECTION('',(0.925809703011382,0.,0.377989938768186));
#3724=DIRECTION('',(-0.377989938768186,0.,0.925809703011382));
#3725=DIRECTION('',(-0.914058803734212,-0.158820740484358,-0.373192277128001));
#3726=DIRECTION('',(0.,1.,0.));
#3727=DIRECTION('',(-0.974091445705012,0.,-0.226154494548129));
#3728=DIRECTION('',(0.,1.,0.));
#3729=DIRECTION('',(0.,0.,1.));
#3730=DIRECTION('',(0.,1.,0.));
#3731=DIRECTION('',(-0.974091445705012,0.,-0.226154494548129));
#3732=DIRECTION('',(0.587785252292473,0.,0.809016994374947));
#3733=DIRECTION('',(0.809016994374948,0.,-0.587785252292473));
#3734=DIRECTION('',(0.809016994374947,0.,-0.587785252292473));
#3735=DIRECTION('',(-0.444083170318168,0.655126257015568,-0.611228046811448));
#3736=DIRECTION('',(0.809016994374948,0.,-0.587785252292473));
#3737=DIRECTION('',(-0.587785252292473,0.,-0.809016994374948));
#3738=DIRECTION('',(0.809016994374948,0.,-0.587785252292473));
#3739=DIRECTION('',(-0.444083170318168,0.655126257015567,-0.611228046811448));
#3740=DIRECTION('',(0.587785252292473,0.,0.809016994374947));
#3741=DIRECTION('',(0.809016994374948,0.,-0.587785252292473));
#3742=DIRECTION('',(0.,-1.,0.));
#3743=DIRECTION('',(0.0859251050686755,0.,-0.996301599074767));
#3744=DIRECTION('',(0.,-1.,0.));
#3745=DIRECTION('',(0.,0.,-1.));
#3746=DIRECTION('',(3.16798389256988E-16,-1.,-3.74757791134563E-16));
#3747=DIRECTION('',(0.0859251050686755,4.00592721455587E-16,-0.996301599074767));
#3748=DIRECTION('',(-0.645580726147229,0.,0.76369203611614));
#3749=DIRECTION('',(-0.441087741030558,-0.816339188507688,-0.372869862041934));
#3750=DIRECTION('',(-0.64558072614723,0.,0.76369203611614));
#3751=DIRECTION('',(0.76369203611614,0.,0.64558072614723));
#3752=DIRECTION('',(-0.64558072614723,-9.42890971343945E-15,0.76369203611614));
#3753=DIRECTION('',(-0.441087741030553,-0.816339188507688,-0.372869862041939));
#3754=DIRECTION('',(0.,1.,0.));
#3755=DIRECTION('',(-0.968100587129791,0.,0.2505618749909));
#3756=DIRECTION('',(0.,1.,0.));
#3757=DIRECTION('',(0.,0.,1.));
#3758=DIRECTION('',(0.,1.,0.));
#3759=DIRECTION('',(-0.968100587129791,0.,0.2505618749909));
#3760=DIRECTION('',(0.309016994374947,0.,0.951056516295154));
#3761=DIRECTION('',(0.951056516295154,0.,-0.309016994374947));
#3762=DIRECTION('',(0.951056516295154,0.,-0.309016994374947));
#3763=DIRECTION('',(-0.018807092485512,0.998146249333591,-0.0578822789247929));
#3764=DIRECTION('',(0.951056516295154,0.,-0.309016994374947));
#3765=DIRECTION('',(-0.309016994374947,0.,-0.951056516295154));
#3766=DIRECTION('',(0.951056516295154,0.,-0.309016994374947));
#3767=DIRECTION('',(-0.018807092485512,0.998146249333591,-0.0578822789247929));
#3768=DIRECTION('',(0.309016994374947,0.,0.951056516295154));
#3769=DIRECTION('',(0.951056516295154,0.,-0.309016994374947));
#3770=DIRECTION('',(0.,-1.,0.));
#3771=DIRECTION('',(0.930486402158767,0.,-0.366326432840486));
#3772=DIRECTION('',(0.,-1.,0.));
#3773=DIRECTION('',(0.,0.,-1.));
#3774=DIRECTION('',(8.34199397379327E-16,-1.,-5.17039506439769E-16));
#3775=DIRECTION('',(0.930486402158767,9.65616433982187E-16,-0.366326432840486));
#3776=DIRECTION('',(-0.849977574025573,0.,0.526818871770556));
#3777=DIRECTION('',(0.0942102517356238,-0.983880252819449,0.152000251907186));
#3778=DIRECTION('',(-0.849977574025573,0.,0.526818871770556));
#3779=DIRECTION('',(0.526818871770556,0.,0.849977574025573));
#3780=DIRECTION('',(-0.849977574025573,0.,0.526818871770556));
#3781=DIRECTION('',(0.0942102517356237,-0.983880252819449,0.152000251907186));
#3782=DIRECTION('',(0.,1.,0.));
#3783=DIRECTION('',(-0.742065898687519,0.,0.670326936654858));
#3784=DIRECTION('',(0.,1.,0.));
#3785=DIRECTION('',(0.,0.,1.));
#3786=DIRECTION('',(0.,1.,0.));
#3787=DIRECTION('',(-0.742065898687519,0.,0.670326936654858));
#3788=DIRECTION('',(0.,0.,1.));
#3789=DIRECTION('',(1.,0.,0.));
#3790=DIRECTION('',(1.,0.,0.));
#3791=DIRECTION('',(0.,0.742065898687519,0.670326936654858));
#3792=DIRECTION('',(1.,0.,0.));
#3793=DIRECTION('',(0.,0.,-1.));
#3794=DIRECTION('',(1.,0.,0.));
#3795=DIRECTION('',(0.,0.742065898687519,0.670326936654858));
#3796=DIRECTION('',(0.,0.,1.));
#3797=DIRECTION('',(1.,0.,0.));
#3798=DIRECTION('',(0.,-1.,0.));
#3799=DIRECTION('',(0.742065898687519,0.,0.670326936654858));
#3800=DIRECTION('',(0.,-1.,0.));
#3801=DIRECTION('',(0.,0.,-1.));
#3802=DIRECTION('',(4.76572383510112E-16,-1.,-1.16976000647011E-16));
#3803=DIRECTION('',(0.742065898687519,2.75235949883237E-16,0.670326936654858));
#3804=DIRECTION('',(-0.971172694816305,0.,0.238377005693157));
#3805=DIRECTION('',(0.197351051137401,-0.56088361056439,0.804028692283564));
#3806=DIRECTION('',(-0.971172694816306,0.,0.238377005693157));
#3807=DIRECTION('',(0.238377005693157,0.,0.971172694816306));
#3808=DIRECTION('',(-0.971172694816306,-5.68932715219822E-13,0.238377005693157));
#3809=DIRECTION('',(0.197351051137711,-0.56088361056439,0.804028692283488));
#3810=DIRECTION('',(0.,1.,0.));
#3811=DIRECTION('',(-0.347363796412717,0.,0.937730447912269));
#3812=DIRECTION('',(0.,1.,0.));
#3813=DIRECTION('',(0.,0.,1.));
#3814=DIRECTION('',(0.,1.,0.));
#3815=DIRECTION('',(-0.347363796412717,0.,0.937730447912269));
#3816=DIRECTION('',(-0.309016994374948,0.,0.951056516295154));
#3817=DIRECTION('',(0.951056516295154,0.,0.309016994374948));
#3818=DIRECTION('',(0.951056516295154,0.,0.309016994374948));
#3819=DIRECTION('',(-0.308762354896338,0.0405879575556146,0.950272816563923));
#3820=DIRECTION('',(0.951056516295154,0.,0.309016994374948));
#3821=DIRECTION('',(0.309016994374948,0.,-0.951056516295154));
#3822=DIRECTION('',(0.951056516295154,0.,0.309016994374948));
#3823=DIRECTION('',(-0.308762354896338,0.0405879575556146,0.950272816563923));
#3824=DIRECTION('',(-0.309016994374948,0.,0.951056516295154));
#3825=DIRECTION('',(0.951056516295154,0.,0.309016994374948));
#3826=DIRECTION('',(0.,-1.,0.));
#3827=DIRECTION('',(-0.27016091337996,0.,0.962815185215577));
#3828=DIRECTION('',(0.,-1.,0.));
#3829=DIRECTION('',(0.,0.,-1.));
#3830=DIRECTION('',(9.78789685915093E-16,-1.,7.20363557778281E-17));
#3831=DIRECTION('',(-0.27016091337996,-1.95073018323221E-16,0.962815185215577));
#3832=DIRECTION('',(-0.997302665680371,0.,-0.0733988625717493));
#3833=DIRECTION('',(-0.0719343831083535,0.198762659614846,0.977404138353042));
#3834=DIRECTION('',(-0.997302665680371,0.,-0.0733988625717493));
#3835=DIRECTION('',(-0.0733988625717493,0.,0.997302665680371));
#3836=DIRECTION('',(-0.997302665680371,0.,-0.0733988625717493));
#3837=DIRECTION('',(-0.0719343831083535,0.198762659614846,0.977404138353042));
#3838=DIRECTION('',(0.,1.,0.));
#3839=DIRECTION('',(0.126292147163253,0.,0.991993091490508));
#3840=DIRECTION('',(0.,1.,0.));
#3841=DIRECTION('',(0.,0.,1.));
#3842=DIRECTION('',(0.,1.,0.));
#3843=DIRECTION('',(0.126292147163253,0.,0.991993091490508));
#3844=DIRECTION('',(-0.587785252292473,0.,0.809016994374947));
#3845=DIRECTION('',(0.809016994374948,0.,0.587785252292473));
#3846=DIRECTION('',(0.809016994374947,0.,0.587785252292473));
#3847=DIRECTION('',(-0.428087883174058,-0.685251402865312,0.589212422773549));
#3848=DIRECTION('',(0.809016994374947,0.,0.587785252292473));
#3849=DIRECTION('',(0.587785252292473,0.,-0.809016994374947));
#3850=DIRECTION('',(0.809016994374947,0.,0.587785252292473));
#3851=DIRECTION('',(-0.428087883174058,-0.685251402865312,0.589212422773549));
#3852=DIRECTION('',(-0.587785252292473,0.,0.809016994374947));
#3853=DIRECTION('',(0.809016994374948,0.,0.587785252292473));
#3854=DIRECTION('',(0.,-1.,0.));
#3855=DIRECTION('',(-0.982467913511369,0.,0.186431754056591));
#3856=DIRECTION('',(0.,-1.,0.));
#3857=DIRECTION('',(0.,0.,-1.));
#3858=DIRECTION('',(0.,-1.,0.));
#3859=DIRECTION('',(-0.982467913511369,0.,0.186431754056591));
#3860=DIRECTION('',(-0.925809703011382,0.,-0.377989938768186));
#3861=DIRECTION('',(-0.205612659495816,0.839108999925876,0.503606513558406));
#3862=DIRECTION('',(-0.925809703011382,0.,-0.377989938768186));
#3863=DIRECTION('',(-0.377989938768186,0.,0.925809703011382));
#3864=DIRECTION('',(-0.925809703011382,0.,-0.377989938768186));
#3865=DIRECTION('',(-0.205612659495816,0.839108999925876,0.503606513558406));
#3866=DIRECTION('',(0.,1.,0.));
#3867=DIRECTION('',(0.571242594519737,0.,0.820781273060222));
#3868=DIRECTION('',(0.,1.,0.));
#3869=DIRECTION('',(0.,0.,1.));
#3870=DIRECTION('',(0.,1.,0.));
#3871=DIRECTION('',(0.571242594519737,0.,0.820781273060222));
#3872=DIRECTION('',(-0.809016994374947,0.,0.587785252292473));
#3873=DIRECTION('',(0.587785252292473,0.,0.809016994374948));
#3874=DIRECTION('',(0.587785252292473,0.,0.809016994374947));
#3875=DIRECTION('',(-0.0164215570298911,-0.999793971110414,0.0119309595582813));
#3876=DIRECTION('',(0.587785252292473,0.,0.809016994374947));
#3877=DIRECTION('',(0.809016994374948,0.,-0.587785252292473));
#3878=DIRECTION('',(0.587785252292473,0.,0.809016994374947));
#3879=DIRECTION('',(-0.016421557029891,-0.999793971110414,0.0119309595582813));
#3880=DIRECTION('',(-0.809016994374947,0.,0.587785252292473));
#3881=DIRECTION('',(0.587785252292473,0.,0.809016994374948));
#3882=DIRECTION('',(0.,-1.,0.));
#3883=DIRECTION('',(-0.60408570857952,0.,-0.796919353943659));
#3884=DIRECTION('',(0.,-1.,0.));
#3885=DIRECTION('',(0.,0.,-1.));
#3886=DIRECTION('',(0.,-1.,0.));
#3887=DIRECTION('',(-0.60408570857952,0.,-0.796919353943659));
#3888=DIRECTION('',(-0.763692036116141,0.,-0.645580726147229));
#3889=DIRECTION('',(0.141133548867005,0.975811219973483,-0.166954437970565));
#3890=DIRECTION('',(-0.763692036116141,0.,-0.645580726147229));
#3891=DIRECTION('',(-0.645580726147229,0.,0.763692036116141));
#3892=DIRECTION('',(-0.763692036116141,-1.10235280289917E-14,-0.645580726147229));
#3893=DIRECTION('',(0.141133548866997,0.975811219973483,-0.166954437970572));
#3894=DIRECTION('',(0.,1.,0.));
#3895=DIRECTION('',(0.886352806313529,0.,0.463010478002529));
#3896=DIRECTION('',(0.,1.,0.));
#3897=DIRECTION('',(0.,0.,1.));
#3898=DIRECTION('',(0.,1.,0.));
#3899=DIRECTION('',(0.886352806313529,0.,0.463010478002529));
#3900=DIRECTION('',(-0.951056516295154,0.,0.309016994374947));
#3901=DIRECTION('',(0.309016994374947,0.,0.951056516295154));
#3902=DIRECTION('',(0.309016994374947,0.,0.951056516295154));
#3903=DIRECTION('',(0.665638279503163,-0.714247212380046,-0.216278987577162));
#3904=DIRECTION('',(0.309016994374947,0.,0.951056516295154));
#3905=DIRECTION('',(0.951056516295154,0.,-0.309016994374947));
#3906=DIRECTION('',(0.309016994374947,0.,0.951056516295154));
#3907=DIRECTION('',(0.665638279503163,-0.714247212380046,-0.216278987577162));
#3908=DIRECTION('',(-0.951056516295154,0.,0.309016994374947));
#3909=DIRECTION('',(0.309016994374947,0.,0.951056516295154));
#3910=DIRECTION('',(0.,-1.,0.));
#3911=DIRECTION('',(0.444923752692796,0.,-0.895568453156853));
#3912=DIRECTION('',(0.,-1.,0.));
#3913=DIRECTION('',(0.,0.,-1.));
#3914=DIRECTION('',(7.75559259659657E-16,-1.,1.25129909606899E-15));
#3915=DIRECTION('',(0.444923752692796,-7.75559259659657E-16,-0.895568453156853));
#3916=DIRECTION('',(-0.526818871770556,0.,-0.849977574025573));
#3917=DIRECTION('',(0.722461876346398,0.526818871770556,-0.447784226578427));
#3918=DIRECTION('',(-0.526818871770556,0.,-0.849977574025573));
#3919=DIRECTION('',(-0.849977574025573,0.,0.526818871770556));
#3920=DIRECTION('',(-0.526818871770556,-8.72918508116469E-16,-0.849977574025573));
#3921=DIRECTION('',(0.722461876346398,0.526818871770556,-0.447784226578427));
#3922=DIRECTION('',(0.,1.,0.));
#3923=DIRECTION('',(1.,0.,0.));
#3924=DIRECTION('',(0.,1.,0.));
#3925=DIRECTION('',(0.,0.,1.));
#3926=DIRECTION('',(0.,1.,0.));
#3927=DIRECTION('',(1.,0.,0.));
#3928=DIRECTION('',(-1.,0.,0.));
#3929=DIRECTION('',(0.,0.,1.));
#3930=DIRECTION('',(0.,2.66880534765663E-16,-1.));
#3931=DIRECTION('',(1.,0.,0.));
#3932=DIRECTION('',(0.,0.,1.));
#3933=DIRECTION('',(1.,0.,0.));
#3934=DIRECTION('',(0.,2.66880534765663E-16,-1.));
#3935=DIRECTION('',(1.,0.,0.));
#3936=DIRECTION('',(0.,2.66880534765663E-16,-1.));
#3937=DIRECTION('',(0.,1.,2.66880534765663E-16));
#3938=DIRECTION('',(0.,0.,1.));
#3939=DIRECTION('',(1.,0.,0.));
#3940=DIRECTION('',(0.,-1.,0.));
#3941=DIRECTION('',(0.,0.,-1.));
#3942=DIRECTION('',(0.,1.,0.));
#3943=DIRECTION('',(0.,0.,1.));
#3944=DIRECTION('',(0.,-1.,0.));
#3945=DIRECTION('',(0.,0.,-1.));
#3946=DIRECTION('',(0.,1.,0.));
#3947=DIRECTION('',(0.,0.,1.));
#3948=DIRECTION('',(0.,1.,0.));
#3949=DIRECTION('',(0.,0.,1.));
#3950=DIRECTION('',(0.,1.,0.));
#3951=DIRECTION('',(0.,0.,1.));
#3952=DIRECTION('',(0.,-1.,0.));
#3953=DIRECTION('',(0.,0.,-1.));
#3954=DIRECTION('',(0.,-1.,0.));
#3955=DIRECTION('',(0.,0.,-1.));
#3956=DIRECTION('',(0.,1.,0.));
#3957=DIRECTION('',(0.,0.,1.));
#3958=DIRECTION('',(0.,-1.,0.));
#3959=DIRECTION('',(0.,0.,-1.));
#3960=DIRECTION('',(0.,-1.,0.));
#3961=DIRECTION('',(0.,0.,-1.));
#3962=DIRECTION('',(0.,-1.,0.));
#3963=DIRECTION('',(0.,0.,-1.));
#3964=DIRECTION('',(0.,1.,0.));
#3965=DIRECTION('',(0.,0.,1.));
#3966=DIRECTION('',(0.,-1.,0.));
#3967=DIRECTION('',(0.,0.,-1.));
#3968=DIRECTION('',(0.,-1.,0.));
#3969=DIRECTION('',(0.,0.,-1.));
#3970=DIRECTION('',(0.,1.,0.));
#3971=DIRECTION('',(0.,0.,1.));
#3972=DIRECTION('',(6.93889390390722E-17,-3.05311331771918E-16,1.));
#3973=DIRECTION('',(1.,-2.22044604925031E-16,-6.93889390390723E-17));
#3974=CARTESIAN_POINT('',(0.,0.,0.));
#3975=CARTESIAN_POINT('',(0.,-4.25,-21.2067833408922));
#3976=CARTESIAN_POINT('',(0.,-4.25,-8.20678334089216));
#3977=CARTESIAN_POINT('',(0.4,-4.25,-8.20678334089216));
#3978=CARTESIAN_POINT('',(0.,-4.25,-21.2067833408922));
#3979=CARTESIAN_POINT('',(0.4,-4.25,-21.2067833408922));
#3980=CARTESIAN_POINT('',(0.,-4.25,-21.2067833408922));
#3981=CARTESIAN_POINT('',(0.4,-3.685,-5.1));
#3982=CARTESIAN_POINT('',(0.4,-3.68500001809546,-5.36884075422107));
#3983=CARTESIAN_POINT('',(0.4,-3.72031250945104,-5.63022490436329));
#3984=CARTESIAN_POINT('',(0.4,-3.82624999054896,-6.1455365952607));
#3985=CARTESIAN_POINT('',(0.4,-3.89687500941351,-6.39946412986778));
#3986=CARTESIAN_POINT('',(0.4,-4.03812499058649,-6.90731921102438));
#3987=CARTESIAN_POINT('',(0.4,-4.10875000945105,-7.1612467456309));
#3988=CARTESIAN_POINT('',(0.4,-4.21468749054895,-7.67655843652942));
#3989=CARTESIAN_POINT('',(0.4,-4.24999998190448,-7.93794258667194));
#3990=CARTESIAN_POINT('',(0.4,-4.25,-8.20678334089216));
#3991=CARTESIAN_POINT('',(0.4,-2.885,-5.1));
#3992=CARTESIAN_POINT('',(0.4,-2.88500002910933,-5.43889462883433));
#3993=CARTESIAN_POINT('',(0.4,-2.92933243197937,-5.75548132081918));
#3994=CARTESIAN_POINT('',(0.4,-3.05000510753562,-6.3424694449711));
#3995=CARTESIAN_POINT('',(0.4,-3.12613083510246,-6.61383161286272));
#3996=CARTESIAN_POINT('',(0.4,-3.26738081627545,-7.12168669401932));
#3997=CARTESIAN_POINT('',(0.4,-3.33250512643765,-7.3581795953413));
#3998=CARTESIAN_POINT('',(0.4,-3.42370741307734,-7.80181485298531));
#3999=CARTESIAN_POINT('',(0.4,-3.44999999291834,-8.00799646128519));
#4000=CARTESIAN_POINT('',(0.4,-3.45,-8.20678334089216));
#4001=CARTESIAN_POINT('',(-0.4,-2.885,-5.1));
#4002=CARTESIAN_POINT('',(-0.4,-2.88500002910933,-5.43889462883433));
#4003=CARTESIAN_POINT('',(-0.4,-2.92933243197937,-5.75548132081918));
#4004=CARTESIAN_POINT('',(-0.4,-3.05000510753562,-6.3424694449711));
#4005=CARTESIAN_POINT('',(-0.4,-3.12613083510246,-6.61383161286272));
#4006=CARTESIAN_POINT('',(-0.4,-3.26738081627545,-7.12168669401932));
#4007=CARTESIAN_POINT('',(-0.4,-3.33250512643765,-7.3581795953413));
#4008=CARTESIAN_POINT('',(-0.4,-3.42370741307734,-7.80181485298531));
#4009=CARTESIAN_POINT('',(-0.4,-3.44999999291834,-8.00799646128519));
#4010=CARTESIAN_POINT('',(-0.4,-3.45,-8.20678334089216));
#4011=CARTESIAN_POINT('',(-0.4,-3.685,-5.1));
#4012=CARTESIAN_POINT('',(-0.4,-3.68500001809546,-5.36884075422107));
#4013=CARTESIAN_POINT('',(-0.4,-3.72031250945104,-5.63022490436329));
#4014=CARTESIAN_POINT('',(-0.4,-3.82624999054896,-6.1455365952607));
#4015=CARTESIAN_POINT('',(-0.4,-3.89687500941351,-6.39946412986778));
#4016=CARTESIAN_POINT('',(-0.4,-4.03812499058649,-6.90731921102438));
#4017=CARTESIAN_POINT('',(-0.4,-4.10875000945105,-7.1612467456309));
#4018=CARTESIAN_POINT('',(-0.4,-4.21468749054895,-7.67655843652942));
#4019=CARTESIAN_POINT('',(-0.4,-4.24999998190448,-7.93794258667194));
#4020=CARTESIAN_POINT('',(-0.4,-4.25,-8.20678334089216));
#4021=CARTESIAN_POINT('',(-0.4,-4.485,-5.1));
#4022=CARTESIAN_POINT('',(-0.4,-4.4850000070816,-5.29878687960781));
#4023=CARTESIAN_POINT('',(-0.4,-4.51129258692271,-5.50496848790741));
#4024=CARTESIAN_POINT('',(-0.4,-4.60249487356229,-5.9486037455503));
#4025=CARTESIAN_POINT('',(-0.4,-4.66761918372455,-6.18509664687284));
#4026=CARTESIAN_POINT('',(-0.4,-4.80886916489754,-6.69295172802943));
#4027=CARTESIAN_POINT('',(-0.4,-4.88499489246444,-6.9643138959205));
#4028=CARTESIAN_POINT('',(-0.4,-5.00566756802057,-7.55130202007354));
#4029=CARTESIAN_POINT('',(-0.4,-5.04999997089061,-7.8678887120587));
#4030=CARTESIAN_POINT('',(-0.4,-5.05,-8.20678334089216));
#4031=CARTESIAN_POINT('',(0.4,-4.485,-5.1));
#4032=CARTESIAN_POINT('',(0.4,-4.4850000070816,-5.29878687960781));
#4033=CARTESIAN_POINT('',(0.4,-4.51129258692271,-5.50496848790741));
#4034=CARTESIAN_POINT('',(0.4,-4.60249487356229,-5.9486037455503));
#4035=CARTESIAN_POINT('',(0.4,-4.66761918372455,-6.18509664687284));
#4036=CARTESIAN_POINT('',(0.4,-4.80886916489754,-6.69295172802943));
#4037=CARTESIAN_POINT('',(0.4,-4.88499489246444,-6.9643138959205));
#4038=CARTESIAN_POINT('',(0.4,-5.00566756802057,-7.55130202007354));
#4039=CARTESIAN_POINT('',(0.4,-5.04999997089061,-7.8678887120587));
#4040=CARTESIAN_POINT('',(0.4,-5.05,-8.20678334089216));
#4041=CARTESIAN_POINT('',(0.4,-3.685,-5.1));
#4042=CARTESIAN_POINT('',(0.4,-3.68500001809546,-5.36884075422107));
#4043=CARTESIAN_POINT('',(0.4,-3.72031250945104,-5.63022490436329));
#4044=CARTESIAN_POINT('',(0.4,-3.82624999054896,-6.1455365952607));
#4045=CARTESIAN_POINT('',(0.4,-3.89687500941351,-6.39946412986778));
#4046=CARTESIAN_POINT('',(0.4,-4.03812499058649,-6.90731921102438));
#4047=CARTESIAN_POINT('',(0.4,-4.10875000945105,-7.1612467456309));
#4048=CARTESIAN_POINT('',(0.4,-4.21468749054895,-7.67655843652942));
#4049=CARTESIAN_POINT('',(0.4,-4.24999998190448,-7.93794258667194));
#4050=CARTESIAN_POINT('',(0.4,-4.25,-8.20678334089216));
#4051=CARTESIAN_POINT('',(0.,-3.685,-5.1));
#4052=CARTESIAN_POINT('',(0.4,-3.685,-5.1));
#4053=CARTESIAN_POINT('',(0.947466796169432,2.775,-3.77385653476464));
#4054=CARTESIAN_POINT('',(0.947807687128065,3.07666354664995,-3.77246770957167));
#4055=CARTESIAN_POINT('',(0.873446491566068,3.61719115534186,-4.07542294836955));
#4056=CARTESIAN_POINT('',(0.738367497071979,3.80660870602175,-4.6257488101886));
#4057=CARTESIAN_POINT('',(0.671344464420506,3.80719391231424,-4.89880761066141));
#4058=CARTESIAN_POINT('',(0.906310251482445,2.775,-3.87389582738942));
#4059=CARTESIAN_POINT('',(0.906683512770015,3.03957767289219,-3.87237512211224));
#4060=CARTESIAN_POINT('',(0.840955101192926,3.52397701150081,-4.14015950178294));
#4061=CARTESIAN_POINT('',(0.716925082290771,3.70011272608273,-4.64547068876213));
#4062=CARTESIAN_POINT('',(0.655686202984904,3.70022770902115,-4.89496424737972));
#4063=CARTESIAN_POINT('',(0.888383598193681,2.775,-3.98057458038786));
#4064=CARTESIAN_POINT('',(0.888789505374978,3.0021760914664,-3.97892087234686));
#4065=CARTESIAN_POINT('',(0.831767367654395,3.42996934665033,-4.21123498751598));
#4066=CARTESIAN_POINT('',(0.718880382969869,3.59271015843052,-4.67114829503909));
#4067=CARTESIAN_POINT('',(0.663474896824645,3.59235091505894,-4.89687600367767));
#4068=CARTESIAN_POINT('',(0.908877598981458,2.775,-4.12632896628944));
#4069=CARTESIAN_POINT('',(0.90932486472226,2.95479262743982,-4.12450675917878));
#4070=CARTESIAN_POINT('',(0.863332565804181,3.31087254282928,-4.31188416477699));
#4071=CARTESIAN_POINT('',(0.764562512566669,3.45664356694677,-4.71428362646556));
#4072=CARTESIAN_POINT('',(0.716547258717598,3.45568353386407,-4.90990276069067));
#4073=CARTESIAN_POINT('',(1.00298873686204,2.775,-4.28059076113051));
#4074=CARTESIAN_POINT('',(1.00347455087217,2.91062884236592,-4.27861150436444));
#4075=CARTESIAN_POINT('',(0.967762619594593,3.19986829788864,-4.42410562379545));
#4076=CARTESIAN_POINT('',(0.882150260483865,3.32982262159212,-4.77289927218201));
#4077=CARTESIAN_POINT('',(0.841023076924263,3.32830262211141,-4.94045569219669));
#4078=CARTESIAN_POINT('',(1.1799745374156,2.775,-4.3866080097192));
#4079=CARTESIAN_POINT('',(1.18047874228416,2.88955889724947,-4.38455382668458));
#4080=CARTESIAN_POINT('',(1.14967143549925,3.14690967251995,-4.51006599621338));
#4081=CARTESIAN_POINT('',(1.07033643446927,3.26931806217161,-4.83328503539679));
#4082=CARTESIAN_POINT('',(1.03249545617298,3.26753091028869,-4.98745311364587));
#4083=CARTESIAN_POINT('',(1.38625395711175,2.775,-4.3901338579461));
#4084=CARTESIAN_POINT('',(1.38674431760893,2.905420046214,-4.38813607831927));
#4085=CARTESIAN_POINT('',(1.35224488067069,3.18677615728237,-4.52869036980187));
#4086=CARTESIAN_POINT('',(1.26818437556028,3.31486501659879,-4.87116160371279));
#4087=CARTESIAN_POINT('',(1.2278695896237,3.31327897316795,-5.03540823138187));
#4088=CARTESIAN_POINT('',(1.54767162461161,2.775,-4.30890612721532));
#4089=CARTESIAN_POINT('',(1.54812646805216,2.9461110469395,-4.30705304776834));
#4090=CARTESIAN_POINT('',(1.504155052061,3.28905167111921,-4.48619716629958));
#4091=CARTESIAN_POINT('',(1.40797149770644,3.4317134971083,-4.87805896273389));
#4092=CARTESIAN_POINT('',(1.36131027944579,3.43064338756016,-5.06816161525197));
#4093=CARTESIAN_POINT('',(1.64209561669263,2.775,-4.19599707178875));
#4094=CARTESIAN_POINT('',(1.64251046478938,2.991932708936,-4.19430693752898));
#4095=CARTESIAN_POINT('',(1.58787276350508,3.40422293606707,-4.41690661085122));
#4096=CARTESIAN_POINT('',(1.47803758459159,3.56329521009762,-4.86438654450045));
#4097=CARTESIAN_POINT('',(1.42422972280652,3.56280608768582,-5.08360536546071));
#4098=CARTESIAN_POINT('',(1.68325216137961,2.775,-4.09595777916397));
#4099=CARTESIAN_POINT('',(1.68363463914743,3.02901858269376,-4.09439952498842));
#4100=CARTESIAN_POINT('',(1.62036415387822,3.49743707990811,-4.35217005743782));
#4101=CARTESIAN_POINT('',(1.4994799993728,3.66979119003665,-4.84466466592693));
#4102=CARTESIAN_POINT('',(1.43988798424212,3.6697722909789,-5.0874487287424));
#4103=CARTESIAN_POINT('',(1.70117881466838,2.775,-3.98927902616553));
#4104=CARTESIAN_POINT('',(1.70152864654247,3.06642016411955,-3.98785377475379));
#4105=CARTESIAN_POINT('',(1.62955188741675,3.5914447447586,-4.28109457170477));
#4106=CARTESIAN_POINT('',(1.4975246986937,3.77719375768886,-4.81898705964999));
#4107=CARTESIAN_POINT('',(1.43209929040238,3.77764908494112,-5.08553697244445));
#4108=CARTESIAN_POINT('',(1.6806848138806,2.775,-3.84352464026395));
#4109=CARTESIAN_POINT('',(1.68099328719518,3.11380362814613,-3.84226788792187));
#4110=CARTESIAN_POINT('',(1.59798668926697,3.71054154857964,-4.18044539444375));
#4111=CARTESIAN_POINT('',(1.4518425690969,3.91326034917261,-4.77585172822352));
#4112=CARTESIAN_POINT('',(1.37902692850943,3.91431646613599,-5.07251021543145));
#4113=CARTESIAN_POINT('',(1.58657367600002,2.775,-3.68926284542287));
#4114=CARTESIAN_POINT('',(1.58684360104527,3.15796741322003,-3.68816314273622));
#4115=CARTESIAN_POINT('',(1.49355663547655,3.82154579352028,-4.0682239354253));
#4116=CARTESIAN_POINT('',(1.33425482117971,4.04008129452725,-4.71723608250707));
#4117=CARTESIAN_POINT('',(1.25455111030276,4.04169737788864,-5.04195728392543));
#4118=CARTESIAN_POINT('',(1.40958787544646,2.775,-3.58324559683418));
#4119=CARTESIAN_POINT('',(1.40983940963329,3.17903735833649,-3.58222082041607));
#4120=CARTESIAN_POINT('',(1.3116478195719,3.87450441888897,-3.98226356300738));
#4121=CARTESIAN_POINT('',(1.1460686471943,4.10058585394777,-4.65685031929227));
#4122=CARTESIAN_POINT('',(1.06307873105405,4.10246908971137,-4.99495986247625));
#4123=CARTESIAN_POINT('',(1.20330845575031,2.775,-3.57971974860728));
#4124=CARTESIAN_POINT('',(1.20357383430852,3.16317620937195,-3.57863856878138));
#4125=CARTESIAN_POINT('',(1.10907437440046,3.83463793412656,-3.9636391894189));
#4126=CARTESIAN_POINT('',(0.94822070610329,4.05503889952059,-4.61897375097627));
#4127=CARTESIAN_POINT('',(0.867704597603327,4.05672102683211,-4.94700474474025));
#4128=CARTESIAN_POINT('',(1.04189078825045,2.775,-3.66094747933807));
#4129=CARTESIAN_POINT('',(1.04219168386528,3.12248520864645,-3.65972159933232));
#4130=CARTESIAN_POINT('',(0.957164203010152,3.73236242028971,-4.00613239292118));
#4131=CARTESIAN_POINT('',(0.808433583957124,3.93819041901108,-4.61207639195516));
#4132=CARTESIAN_POINT('',(0.734263907781231,3.93935661243989,-4.91425136087014));
#4133=CARTESIAN_POINT('',(0.947466796169432,2.775,-3.77385653476464));
#4134=CARTESIAN_POINT('',(0.947807687128065,3.07666354664995,-3.77246770957167));
#4135=CARTESIAN_POINT('',(0.873446491566068,3.61719115534186,-4.07542294836955));
#4136=CARTESIAN_POINT('',(0.738367497071979,3.80660870602175,-4.6257488101886));
#4137=CARTESIAN_POINT('',(0.671344464420506,3.80719391231424,-4.89880761066141));
#4138=CARTESIAN_POINT('',(0.906310251482445,2.775,-3.87389582738942));
#4139=CARTESIAN_POINT('',(0.906683512770015,3.03957767289219,-3.87237512211224));
#4140=CARTESIAN_POINT('',(0.840955101192926,3.52397701150081,-4.14015950178294));
#4141=CARTESIAN_POINT('',(0.716925082290771,3.70011272608273,-4.64547068876213));
#4142=CARTESIAN_POINT('',(0.655686202984904,3.70022770902115,-4.89496424737972));
#4143=CARTESIAN_POINT('',(0.888383598193681,2.775,-3.98057458038786));
#4144=CARTESIAN_POINT('',(0.888789505374978,3.0021760914664,-3.97892087234686));
#4145=CARTESIAN_POINT('',(0.831767367654395,3.42996934665033,-4.21123498751598));
#4146=CARTESIAN_POINT('',(0.718880382969869,3.59271015843052,-4.67114829503909));
#4147=CARTESIAN_POINT('',(0.663474896824645,3.59235091505894,-4.89687600367767));
#4148=CARTESIAN_POINT('',(1.04778709361351,3.68500000000003,-4.99120648806106));
#4149=CARTESIAN_POINT('',(1.43602214372764,3.69888241681374,-5.08649984756892));
#4150=CARTESIAN_POINT('',(1.29478120643103,2.775,-3.98492680327669));
#4151=CARTESIAN_POINT('',(0.910181900048815,2.775,-3.87500240411836));
#4152=CARTESIAN_POINT('',(1.29478120643103,-2.775,-3.98492680327669));
#4153=CARTESIAN_POINT('',(1.29478120643103,-2.775,-3.98492680327669));
#4154=CARTESIAN_POINT('',(0.910181900048816,-2.775,-3.87500240411836));
#4155=CARTESIAN_POINT('',(1.57598667131223,-2.775,-4.85038823310528));
#4156=CARTESIAN_POINT('',(1.57598667131223,-3.685,-4.85038823310528));
#4157=CARTESIAN_POINT('',(1.2604193010233,-3.90839203781628,-4.95292228720058));
#4158=CARTESIAN_POINT('',(2.58029190303081,-3.685,-7.94132191106453));
#4159=CARTESIAN_POINT('',(2.58029190303081,-3.685,-7.94132191106453));
#4160=CARTESIAN_POINT('',(2.26472453274188,-3.90839203781628,-8.04385596515983));
#4161=CARTESIAN_POINT('',(2.58029190303081,-2.775,-7.94132191106453));
#4162=CARTESIAN_POINT('',(2.86149736791201,-2.775,-8.80678334089312));
#4163=CARTESIAN_POINT('',(2.61496193371636,-2.775,-9.12177584824205));
#4164=CARTESIAN_POINT('',(2.86149736791201,2.775,-8.80678334089312));
#4165=CARTESIAN_POINT('',(2.86149736791201,2.775,-8.80678334089312));
#4166=CARTESIAN_POINT('',(2.61496193371636,2.775,-9.12177584824205));
#4167=CARTESIAN_POINT('',(2.60897715466794,4.04737678054248,-7.88271694131178));
#4168=CARTESIAN_POINT('',(2.63334684910696,4.04917117046164,-8.21383871042749));
#4169=CARTESIAN_POINT('',(2.68251864894261,3.78797411889809,-8.8819576067453));
#4170=CARTESIAN_POINT('',(2.70479114216257,3.1176781965153,-9.18458377943122));
#4171=CARTESIAN_POINT('',(2.70457809864787,2.775,-9.18168906338708));
#4172=CARTESIAN_POINT('',(2.52152894241052,3.98402766972801,-7.88915290055917));
#4173=CARTESIAN_POINT('',(2.54475096575836,3.98575323166942,-8.204680757202));
#4174=CARTESIAN_POINT('',(2.59155559933407,3.73675153835175,-8.84063592320532));
#4175=CARTESIAN_POINT('',(2.61268059192797,3.10021330155777,-9.12767049960298));
#4176=CARTESIAN_POINT('',(2.61248013371173,2.775,-9.12494678555071));
#4177=CARTESIAN_POINT('',(2.45028400002195,3.90279722131453,-7.89439634160798));
#4178=CARTESIAN_POINT('',(2.47203440307128,3.90443452743951,-8.18992864525239));
#4179=CARTESIAN_POINT('',(2.51580369843479,3.67107053457474,-8.78464133440794));
#4180=CARTESIAN_POINT('',(2.5354572893119,3.07781865022558,-9.05168332777329));
#4181=CARTESIAN_POINT('',(2.53527296880341,2.775,-9.04917888386235));
#4182=CARTESIAN_POINT('',(2.39107741184881,3.76811263560923,-7.89875379133533));
#4183=CARTESIAN_POINT('',(2.41038778687796,3.76960360869894,-8.16113235984548));
#4184=CARTESIAN_POINT('',(2.4491243232506,3.562167789912,-8.68746273650375));
#4185=CARTESIAN_POINT('',(2.46633824852813,3.04068707708273,-8.92135591910324));
#4186=CARTESIAN_POINT('',(2.46618068523356,2.775,-8.91921503723976));
#4187=CARTESIAN_POINT('',(2.38980518470108,3.58741404598609,-7.89884742391929));
#4188=CARTESIAN_POINT('',(2.40584191397798,3.58870869242899,-8.11674552610041));
#4189=CARTESIAN_POINT('',(2.4378262860491,3.41605921881161,-8.55133127319533));
#4190=CARTESIAN_POINT('',(2.45176705181334,2.99086977347472,-8.74075059620868));
#4191=CARTESIAN_POINT('',(2.45164538713917,2.775,-8.73909748470787));
#4192=CARTESIAN_POINT('',(2.48413213932835,3.40406230245878,-7.89190520726054));
#4193=CARTESIAN_POINT('',(2.49684715670027,3.40515773963796,-8.0646697471303));
#4194=CARTESIAN_POINT('',(2.52198022406642,3.26780537072452,-8.40616380034542));
#4195=CARTESIAN_POINT('',(2.53259977130396,2.94032101438696,-8.55045626479547));
#4196=CARTESIAN_POINT('',(2.53251453234099,2.775,-8.54929808547219));
#4197=CARTESIAN_POINT('',(2.6571396155253,3.29239351938269,-7.87917231041162));
#4198=CARTESIAN_POINT('',(2.66783157318138,3.29336762989419,-8.02444864710293));
#4199=CARTESIAN_POINT('',(2.68879191306663,3.17751265529274,-8.30924601464679));
#4200=CARTESIAN_POINT('',(2.69738870107608,2.9095347327583,-8.42605435877777));
#4201=CARTESIAN_POINT('',(2.69732564687539,2.775,-8.4251976135882));
#4202=CARTESIAN_POINT('',(2.83664781123045,3.27639739541673,-7.86596097764327));
#4203=CARTESIAN_POINT('',(2.84704997335806,3.27735412634942,-8.00729973488284));
#4204=CARTESIAN_POINT('',(2.86741258606994,3.16457857085585,-8.28397552012341));
#4205=CARTESIAN_POINT('',(2.87571962159465,2.90512471624503,-8.39684686965655));
#4206=CARTESIAN_POINT('',(2.87565974527588,2.775,-8.39603330374805));
#4207=CARTESIAN_POINT('',(2.9760117802247,3.32262321945753,-7.85570415475523));
#4208=CARTESIAN_POINT('',(2.98725139754679,3.32363017414156,-8.0084217844811));
#4209=CARTESIAN_POINT('',(3.00934133065196,3.2019556699944,-8.30856743250108));
#4210=CARTESIAN_POINT('',(3.01848569698283,2.91786884399707,-8.43281596440143));
#4211=CARTESIAN_POINT('',(3.01841663717616,2.775,-8.43187761839917));
#4212=CARTESIAN_POINT('',(3.06345999248212,3.385972330272,-7.84926819550783));
#4213=CARTESIAN_POINT('',(3.07584728089539,3.38704811293377,-8.01757973770659));
#4214=CARTESIAN_POINT('',(3.1003043802605,3.25317825054074,-8.34988911604102));
#4215=CARTESIAN_POINT('',(3.11059624721742,2.9353337389546,-8.48972924422968));
#4216=CARTESIAN_POINT('',(3.1105146021123,2.775,-8.48861989623553));
#4217=CARTESIAN_POINT('',(3.13470493487069,3.46720277868548,-7.84402475445903));
#4218=CARTESIAN_POINT('',(3.14856384358248,3.46836681716369,-8.03233184965619));
#4219=CARTESIAN_POINT('',(3.17605628115978,3.31885925431775,-8.40588370483842));
#4220=CARTESIAN_POINT('',(3.1878195498335,2.95772839028679,-8.56571641605938));
#4221=CARTESIAN_POINT('',(3.18772176702061,2.775,-8.5643877979239));
#4222=CARTESIAN_POINT('',(3.19391152304383,3.60188736439077,-7.83966730473167));
#4223=CARTESIAN_POINT('',(3.21021045977579,3.60319773590425,-8.06112813506312));
#4224=CARTESIAN_POINT('',(3.24273565634397,3.4277619989805,-8.50306230274259));
#4225=CARTESIAN_POINT('',(3.25693859061726,2.99485996342964,-8.69604382472943));
#4226=CARTESIAN_POINT('',(3.25681405059046,2.775,-8.69435164454649));
#4227=CARTESIAN_POINT('',(3.19518375019156,3.78258595401391,-7.83957367214771));
#4228=CARTESIAN_POINT('',(3.21475633267578,3.7840926521742,-8.10551496880816));
#4229=CARTESIAN_POINT('',(3.25403369354547,3.57387057008088,-8.63919376605102));
#4230=CARTESIAN_POINT('',(3.27150978733206,3.04467726703765,-8.87664914762398));
#4231=CARTESIAN_POINT('',(3.27134934868486,2.775,-8.87446919707837));
#4232=CARTESIAN_POINT('',(3.10085679556429,3.96593769754123,-7.84651588880646));
#4233=CARTESIAN_POINT('',(3.12375108995349,3.96764360496524,-8.1575907477783));
#4234=CARTESIAN_POINT('',(3.16987975552816,3.72212441816797,-8.78436123890092));
#4235=CARTESIAN_POINT('',(3.19067706784143,3.09522602612541,-9.06694347903721));
#4236=CARTESIAN_POINT('',(3.19048020348303,2.775,-9.06426859631405));
#4237=CARTESIAN_POINT('',(2.92784931936734,4.07760648061732,-7.85924878565539));
#4238=CARTESIAN_POINT('',(2.95276667347237,4.079433714709,-8.19781184780564));
#4239=CARTESIAN_POINT('',(3.00306806652795,3.81241713359975,-8.88127902459958));
#4240=CARTESIAN_POINT('',(3.02588813806931,3.12601230775407,-9.19134538505488));
#4241=CARTESIAN_POINT('',(3.02566908894864,2.775,-9.18836906819805));
#4242=CARTESIAN_POINT('',(2.74834112366219,4.09360260458328,-7.87246011842374));
#4243=CARTESIAN_POINT('',(2.77354827329569,4.09544721825377,-8.21496076002575));
#4244=CARTESIAN_POINT('',(2.82444739352464,3.82535121803663,-8.90654951912292));
#4245=CARTESIAN_POINT('',(2.84755721755075,3.13042232426734,-9.22055287417611));
#4246=CARTESIAN_POINT('',(2.84733499054815,2.775,-9.2175333780382));
#4247=CARTESIAN_POINT('',(2.60897715466794,4.04737678054248,-7.88271694131178));
#4248=CARTESIAN_POINT('',(2.63334684910696,4.04917117046164,-8.21383871042749));
#4249=CARTESIAN_POINT('',(2.68251864894261,3.78797411889809,-8.8819576067453));
#4250=CARTESIAN_POINT('',(2.70479114216257,3.1176781965153,-9.18458377943122));
#4251=CARTESIAN_POINT('',(2.70457809864787,2.775,-9.18168906338708));
#4252=CARTESIAN_POINT('',(2.52152894241052,3.98402766972801,-7.88915290055917));
#4253=CARTESIAN_POINT('',(2.54475096575836,3.98575323166942,-8.204680757202));
#4254=CARTESIAN_POINT('',(2.59155559933407,3.73675153835175,-8.84063592320532));
#4255=CARTESIAN_POINT('',(2.61268059192797,3.10021330155777,-9.12767049960298));
#4256=CARTESIAN_POINT('',(2.61248013371173,2.775,-9.12494678555071));
#4257=CARTESIAN_POINT('',(2.45028400002195,3.90279722131453,-7.89439634160798));
#4258=CARTESIAN_POINT('',(2.47203440307128,3.90443452743951,-8.18992864525239));
#4259=CARTESIAN_POINT('',(2.51580369843479,3.67107053457474,-8.78464133440794));
#4260=CARTESIAN_POINT('',(2.5354572893119,3.07781865022558,-9.05168332777329));
#4261=CARTESIAN_POINT('',(2.53527296880341,2.775,-9.04917888386235));
#4262=CARTESIAN_POINT('',(2.79249446744632,3.685,-7.8692105480335));
#4263=CARTESIAN_POINT('',(2.52422948738866,3.98104744679484,-7.88895414752607));
#4264=CARTESIAN_POINT('',(2.53887237031641,3.685,-4.42313543623117));
#4265=CARTESIAN_POINT('',(2.53887237031641,3.685,-4.42313543623117));
#4266=CARTESIAN_POINT('',(2.27060739025875,3.98104744679484,-4.44287903572374));
#4267=CARTESIAN_POINT('',(2.25270485081286,2.775,-3.04188827049363));
#4268=CARTESIAN_POINT('',(2.25258997130314,3.15903557059292,-3.04032735200987));
#4269=CARTESIAN_POINT('',(2.28154771613931,3.82692434884379,-3.43378898214029));
#4270=CARTESIAN_POINT('',(2.33061061219888,4.04555261372499,-4.10042815489855));
#4271=CARTESIAN_POINT('',(2.35535505753803,4.04737678054247,-4.43664182950946));
#4272=CARTESIAN_POINT('',(2.16990639123414,2.77499999999991,-3.11150246682477));
#4273=CARTESIAN_POINT('',(2.16978724115173,3.13712123076073,-3.10988352218923));
#4274=CARTESIAN_POINT('',(2.19716639275454,3.77169285555003,-3.48189611095198));
#4275=CARTESIAN_POINT('',(2.24422190534005,3.98249673216844,-4.12126008053136));
#4276=CARTESIAN_POINT('',(2.26790684528061,3.984027669728,-4.44307778875684));
#4277=CARTESIAN_POINT('',(2.10462367136532,2.77499999999994,-3.19775725061075));
#4278=CARTESIAN_POINT('',(2.10449904527019,3.10902120491388,-3.19606390097935));
#4279=CARTESIAN_POINT('',(2.12985401950796,3.70087135688792,-3.54057310057159));
#4280=CARTESIAN_POINT('',(2.17433553132784,3.9016422818361,-4.14496298833193));
#4281=CARTESIAN_POINT('',(2.19666190289204,3.90279722131453,-4.44832122980565));
#4282=CARTESIAN_POINT('',(2.0553027785889,2.77499999999992,-3.33643599668805));
#4283=CARTESIAN_POINT('',(2.0551690729612,3.06242980460274,-3.33461927944958));
#4284=CARTESIAN_POINT('',(2.07716784893671,3.58344538679125,-3.63352633540887));
#4285=CARTESIAN_POINT('',(2.11738152482202,3.7675811217892,-4.17992725705832));
#4286=CARTESIAN_POINT('',(2.1374553147189,3.76811263560923,-4.452678679533));
#4287=CARTESIAN_POINT('',(2.06729362238782,2.77500000000004,-3.51674081438785));
#4288=CARTESIAN_POINT('',(2.06714773527164,2.99992079304277,-3.51475858190139));
#4289=CARTESIAN_POINT('',(2.08464369238849,3.42590169260774,-3.75248385528983));
#4290=CARTESIAN_POINT('',(2.11913145739777,3.58771894664227,-4.22108430456102));
#4291=CARTESIAN_POINT('',(2.13618308757117,3.58741404598609,-4.45277231211696));
#4292=CARTESIAN_POINT('',(2.17507838644055,2.77499999999995,-3.69265578030604));
#4293=CARTESIAN_POINT('',(2.17492013897801,2.93649397670972,-3.69050560235103));
#4294=CARTESIAN_POINT('',(2.18784716343057,3.26604482227722,-3.86615077577926));
#4295=CARTESIAN_POINT('',(2.21652494539243,3.40521589846363,-4.25580842705987));
#4296=CARTESIAN_POINT('',(2.23051004219844,3.40406230245878,-4.44583009545821));
#4297=CARTESIAN_POINT('',(2.35628222430006,2.77499999999997,-3.79129045849218));
#4298=CARTESIAN_POINT('',(2.35611644887618,2.89786442643629,-3.78903799481175));
#4299=CARTESIAN_POINT('',(2.36626080466816,3.16868538716775,-3.92687382384851));
#4300=CARTESIAN_POINT('',(2.39140006703856,3.29406400590064,-4.26845205131434));
#4301=CARTESIAN_POINT('',(2.40351751839539,3.29239351938268,-4.43309719860929));
#4302=CARTESIAN_POINT('',(2.53696451730986,2.77500000000003,-3.79403210279564));
#4303=CARTESIAN_POINT('',(2.53679766353446,2.89233089183598,-3.79176498707818));
#4304=CARTESIAN_POINT('',(2.54654341273626,3.15473902229867,-3.92418477285471));
#4305=CARTESIAN_POINT('',(2.57117579577583,3.27814192451396,-4.25887580765695));
#4306=CARTESIAN_POINT('',(2.58302571410054,3.27639739541673,-4.41988586584094));
#4307=CARTESIAN_POINT('',(2.67293556339807,2.77500000000001,-3.73767414236843));
#4308=CARTESIAN_POINT('',(2.67277182585807,2.90832177795944,-3.73544936831365));
#4309=CARTESIAN_POINT('',(2.68366947399104,3.19504142366912,-3.88352051208651));
#4310=CARTESIAN_POINT('',(2.70976664405069,3.32415377926766,-4.2381142531243));
#4311=CARTESIAN_POINT('',(2.72238968309479,3.32262321945753,-4.4096290429529));
#4312=CARTESIAN_POINT('',(2.75573402297678,2.77500000000003,-3.66805994603729));
#4313=CARTESIAN_POINT('',(2.75557455600949,2.9302361177917,-3.66589319813429));
#4314=CARTESIAN_POINT('',(2.76805079737579,3.25027291696283,-3.83541338327482));
#4315=CARTESIAN_POINT('',(2.79615535090953,3.38720966082422,-4.2172823274915));
#4316=CARTESIAN_POINT('',(2.80983789535221,3.385972330272,-4.40319308370551));
#4317=CARTESIAN_POINT('',(2.82101674284561,2.77499999999995,-3.58180516225131));
#4318=CARTESIAN_POINT('',(2.82086275189102,2.95833614363855,-3.57971281934417));
#4319=CARTESIAN_POINT('',(2.83536317062239,3.32109441562497,-3.77673639365521));
#4320=CARTESIAN_POINT('',(2.86604172492173,3.46806411115656,-4.19357941969093));
#4321=CARTESIAN_POINT('',(2.88108283774078,3.46720277868548,-4.3979496426567));
#4322=CARTESIAN_POINT('',(2.87033763562203,2.77499999999994,-3.44312641617401));
#4323=CARTESIAN_POINT('',(2.87019272420001,3.00492754394972,-3.44115744087394));
#4324=CARTESIAN_POINT('',(2.88804934119362,3.4385203857216,-3.68378315881793));
#4325=CARTESIAN_POINT('',(2.92299573142756,3.60212527120347,-4.15861515096454));
#4326=CARTESIAN_POINT('',(2.94028942591392,3.60188736439077,-4.39359219292935));
#4327=CARTESIAN_POINT('',(2.85834679182311,2.775,-3.2628215984742));
#4328=CARTESIAN_POINT('',(2.85821406188958,3.06743655550958,-3.26101813842213));
#4329=CARTESIAN_POINT('',(2.88057349774185,3.59606407990518,-3.56482563893697));
#4330=CARTESIAN_POINT('',(2.92124579885181,3.78198744635038,-4.11745810346184));
#4331=CARTESIAN_POINT('',(2.94156165306165,3.78258595401391,-4.39349856034539));
#4332=CARTESIAN_POINT('',(2.75056202777038,2.77500000000001,-3.08690663255602));
#4333=CARTESIAN_POINT('',(2.75044165818321,3.13086337184268,-3.08527111797249));
#4334=CARTESIAN_POINT('',(2.77737002669977,3.75592095023566,-3.45115871844754));
#4335=CARTESIAN_POINT('',(2.82385231085715,3.96449049452902,-4.08273398096299));
#4336=CARTESIAN_POINT('',(2.84723469843438,3.96593769754123,-4.40044077700413));
#4337=CARTESIAN_POINT('',(2.56935818991087,2.77499999999988,-2.98827195436987));
#4338=CARTESIAN_POINT('',(2.56924534828503,3.16949292211618,-2.98673872551178));
#4339=CARTESIAN_POINT('',(2.59895638546218,3.85328038534511,-3.39043567037829));
#4340=CARTESIAN_POINT('',(2.64897718921101,4.07564238709202,-4.07009035670852));
#4341=CARTESIAN_POINT('',(2.67422722223743,4.07760648061732,-4.41317367385306));
#4342=CARTESIAN_POINT('',(2.38867589690106,2.77500000000001,-2.98553031006642));
#4343=CARTESIAN_POINT('',(2.38856413362676,3.17502645671638,-2.98401173324534));
#4344=CARTESIAN_POINT('',(2.41867377739407,3.86722675021424,-3.39312472137209));
#4345=CARTESIAN_POINT('',(2.46920146047375,4.09156446847869,-4.07966660036591));
#4346=CARTESIAN_POINT('',(2.49471902653228,4.09360260458327,-4.42638500662141));
#4347=CARTESIAN_POINT('',(2.25270485081286,2.775,-3.04188827049363));
#4348=CARTESIAN_POINT('',(2.25258997130314,3.15903557059292,-3.04032735200987));
#4349=CARTESIAN_POINT('',(2.28154771613931,3.82692434884379,-3.43378898214029));
#4350=CARTESIAN_POINT('',(2.33061061219888,4.04555261372499,-4.10042815489855));
#4351=CARTESIAN_POINT('',(2.35535505753803,4.04737678054247,-4.43664182950946));
#4352=CARTESIAN_POINT('',(2.16990639123414,2.77499999999991,-3.11150246682477));
#4353=CARTESIAN_POINT('',(2.16978724115173,3.13712123076073,-3.10988352218923));
#4354=CARTESIAN_POINT('',(2.19716639275454,3.77169285555003,-3.48189611095198));
#4355=CARTESIAN_POINT('',(2.24422190534005,3.98249673216844,-4.12126008053136));
#4356=CARTESIAN_POINT('',(2.26790684528061,3.984027669728,-4.44307778875684));
#4357=CARTESIAN_POINT('',(2.10462367136532,2.77499999999994,-3.19775725061075));
#4358=CARTESIAN_POINT('',(2.10449904527019,3.10902120491388,-3.19606390097935));
#4359=CARTESIAN_POINT('',(2.12985401950796,3.70087135688792,-3.54057310057159));
#4360=CARTESIAN_POINT('',(2.17433553132784,3.9016422818361,-4.14496298833193));
#4361=CARTESIAN_POINT('',(2.19666190289204,3.90279722131453,-4.44832122980565));
#4362=CARTESIAN_POINT('',(2.46282020710546,2.775,-3.38978120643103));
#4363=CARTESIAN_POINT('',(2.17282568118579,2.775,-3.11427589806724));
#4364=CARTESIAN_POINT('',(2.46282020710546,-2.775,-3.38978120643103));
#4365=CARTESIAN_POINT('',(2.46282020710546,-2.775,-3.38978120643103));
#4366=CARTESIAN_POINT('',(2.17282568118579,-2.775,-3.11427589806724));
#4367=CARTESIAN_POINT('',(2.99770478669162,-2.775,-4.12598667131223));
#4368=CARTESIAN_POINT('',(2.99770478669162,-3.685,-4.12598667131224));
#4369=CARTESIAN_POINT('',(2.93891146473598,-4.07834298208794,-4.16870252007572));
#4370=CARTESIAN_POINT('',(4.90800685664215,-3.685,-6.75529190303082));
#4371=CARTESIAN_POINT('',(4.90800685664215,-3.685,-6.75529190303081));
#4372=CARTESIAN_POINT('',(4.84921353468652,-4.07834298208794,-6.79800775179429));
#4373=CARTESIAN_POINT('',(4.90800685664215,-2.775,-6.75529190303081));
#4374=CARTESIAN_POINT('',(5.4428914362283,-2.775,-7.49149736791201));
#4375=CARTESIAN_POINT('',(5.6152993182367,-2.775,-7.85243437380276));
#4376=CARTESIAN_POINT('',(5.4428914362283,2.775,-7.49149736791201));
#4377=CARTESIAN_POINT('',(5.4428914362283,2.775,-7.49149736791201));
#4378=CARTESIAN_POINT('',(5.6152993182367,2.775,-7.85243437380276));
#4379=CARTESIAN_POINT('',(5.20792903498256,4.07005639847033,-6.5719831809598));
#4380=CARTESIAN_POINT('',(5.33554418658782,4.07187542949677,-6.8845506159356));
#4381=CARTESIAN_POINT('',(5.59313374334471,3.80631231719533,-7.51546399901949));
#4382=CARTESIAN_POINT('',(5.70994840021935,3.12393080432136,-7.80157781236842));
#4383=CARTESIAN_POINT('',(5.70882806405106,2.775,-7.79883377611543));
#4384=CARTESIAN_POINT('',(5.10922207723738,4.08834733923566,-6.61228329532747));
#4385=CARTESIAN_POINT('',(5.23854371933257,4.09018624312926,-6.92903043270177));
#4386=CARTESIAN_POINT('',(5.49965305343828,3.82110193577995,-7.56856479663133));
#4387=CARTESIAN_POINT('',(5.61817394733553,3.12897348534772,-7.85885769156194));
#4388=CARTESIAN_POINT('',(5.61703489788579,2.775,-7.85606782092088));
#4389=CARTESIAN_POINT('',(5.00921855989242,4.08251880654526,-6.65311276954341));
#4390=CARTESIAN_POINT('',(5.13799641718531,4.08435137781457,-6.96852801631778));
#4391=CARTESIAN_POINT('',(5.39798415029725,3.81638912321853,-7.6053152460608));
#4392=CARTESIAN_POINT('',(5.51596134016133,3.12736660073821,-7.89427644821912));
#4393=CARTESIAN_POINT('',(5.51482825382602,2.775,-7.89150118301761));
#4394=CARTESIAN_POINT('',(4.88168968818915,4.03065645397898,-6.70518030593816));
#4395=CARTESIAN_POINT('',(5.00562894190376,4.03243267748267,-7.00874437446053));
#4396=CARTESIAN_POINT('',(5.25563665615484,3.77445446150829,-7.6210875718367));
#4397=CARTESIAN_POINT('',(5.36877596112483,3.11306852254617,-7.89819935601416));
#4398=CARTESIAN_POINT('',(5.3676959346519,2.775,-7.89555405018561));
#4399=CARTESIAN_POINT('',(4.76137488865909,3.90509782692495,-6.75430247819385));
#4400=CARTESIAN_POINT('',(4.87359989509996,3.90673763262771,-7.02917487353346));
#4401=CARTESIAN_POINT('',(5.09944600841841,3.67293074941707,-7.58233912911923));
#4402=CARTESIAN_POINT('',(5.20087280604744,3.07845291067228,-7.83076350172644));
#4403=CARTESIAN_POINT('',(5.19992123736985,2.775,-7.82843282721786));
#4404=CARTESIAN_POINT('',(4.70141844106661,3.70921614956559,-6.77878151949197));
#4405=CARTESIAN_POINT('',(4.79536826834365,3.71064313239595,-7.00889256946541));
#4406=CARTESIAN_POINT('',(4.98352031770633,3.51454549558962,-7.46973285931307));
#4407=CARTESIAN_POINT('',(5.06667465060822,3.02444973880133,-7.6734025350163));
#4408=CARTESIAN_POINT('',(5.06592348654651,2.775,-7.67156271097457));
#4409=CARTESIAN_POINT('',(4.7399832173816,3.5071555745119,-6.76303627790465));
#4410=CARTESIAN_POINT('',(4.81508139267746,3.50836302117856,-6.94697402924784));
#4411=CARTESIAN_POINT('',(4.96435035536415,3.35116413241246,-7.31257808332428));
#4412=CARTESIAN_POINT('',(5.02865583634588,2.96874308920515,-7.47008131857893));
#4413=CARTESIAN_POINT('',(5.02811139846945,2.775,-7.46874782840637));
#4414=CARTESIAN_POINT('',(4.8460358613133,3.36739999355284,-6.71973706397802));
#4415=CARTESIAN_POINT('',(4.9080952556696,3.36845559761444,-6.87173896552418));
#4416=CARTESIAN_POINT('',(5.0304706575196,3.2381611018973,-7.17147269603528));
#4417=CARTESIAN_POINT('',(5.08173929422924,2.93021347908439,-7.2970448249671));
#4418=CARTESIAN_POINT('',(5.08133783891195,2.775,-7.29606154157794));
#4419=CARTESIAN_POINT('',(4.96715066829726,3.29994360152967,-6.67028826437389));
#4420=CARTESIAN_POINT('',(5.02291658147354,3.30092591510638,-6.80687556001502));
#4421=CARTESIAN_POINT('',(5.13231115944344,3.18361747169715,-7.07481539479314));
#4422=CARTESIAN_POINT('',(5.17728724975219,2.91161623619097,-7.1849752073719));
#4423=CARTESIAN_POINT('',(5.17695480840556,2.775,-7.1841609597086));
#4424=CARTESIAN_POINT('',(5.06585762604246,3.28165266076434,-6.62998815000624));
#4425=CARTESIAN_POINT('',(5.11991704872878,3.28261510147388,-6.76239574324884));
#4426=CARTESIAN_POINT('',(5.22579184934987,3.16882785311254,-7.02171459718131));
#4427=CARTESIAN_POINT('',(5.26906170263601,2.9065735551646,-7.12769532817838));
#4428=CARTESIAN_POINT('',(5.26874797457082,2.775,-7.12692691490314));
#4429=CARTESIAN_POINT('',(5.16586114338747,3.28748119345474,-6.58915867579041));
#4430=CARTESIAN_POINT('',(5.22046435087603,3.28844996678859,-6.72289815963277));
#4431=CARTESIAN_POINT('',(5.32746075249093,3.17354066567395,-6.98496414775187));
#4432=CARTESIAN_POINT('',(5.3712743098102,2.90818043977412,-7.09227657152119));
#4433=CARTESIAN_POINT('',(5.3709546186306,2.775,-7.09149355280643));
#4434=CARTESIAN_POINT('',(5.2933900150907,3.33934354602102,-6.53709113939556));
#4435=CARTESIAN_POINT('',(5.3528318261576,3.34036866712048,-6.68268180149006));
#4436=CARTESIAN_POINT('',(5.46980824663331,3.21547532738419,-6.96919182197596));
#4437=CARTESIAN_POINT('',(5.5184596888467,2.92247851796615,-7.08835366372615));
#4438=CARTESIAN_POINT('',(5.51808693780471,2.775,-7.08744068563841));
#4439=CARTESIAN_POINT('',(5.41370481462073,3.46490217307505,-6.48796896713981));
#4440=CARTESIAN_POINT('',(5.48486087296141,3.46606371197543,-6.66225130241717));
#4441=CARTESIAN_POINT('',(5.62599889436973,3.31699903947542,-7.00794026469339));
#4442=CARTESIAN_POINT('',(5.68636284392409,2.95709412984005,-7.15578951801388));
#4443=CARTESIAN_POINT('',(5.68586163508675,2.775,-7.15456190860617));
#4444=CARTESIAN_POINT('',(5.47366126221324,3.66078385043441,-6.46348992584175));
#4445=CARTESIAN_POINT('',(5.56309249971771,3.66215821220721,-6.68253360648519));
#4446=CARTESIAN_POINT('',(5.74192458508182,3.47538429330286,-7.12054653449957));
#4447=CARTESIAN_POINT('',(5.82056099936331,3.011097301711,-7.31315048472401));
#4448=CARTESIAN_POINT('',(5.8198593859101,2.775,-7.31143202484947));
#4449=CARTESIAN_POINT('',(5.43509648589828,3.8628444254881,-6.47923516742918));
#4450=CARTESIAN_POINT('',(5.54337937538386,3.8644383234246,-6.74445214670269));
#4451=CARTESIAN_POINT('',(5.76109454742402,3.63876565648001,-7.27770131048841));
#4452=CARTESIAN_POINT('',(5.85857981362565,3.06680395130718,-7.51647170116137));
#4453=CARTESIAN_POINT('',(5.85767147398716,2.775,-7.51424690741766));
#4454=CARTESIAN_POINT('',(5.32904384196652,4.00260000644716,-6.52253438135562));
#4455=CARTESIAN_POINT('',(5.45036551239177,4.00434574698872,-6.81968721042645));
#4456=CARTESIAN_POINT('',(5.69497424526855,3.75176868699518,-7.41880669777735));
#4457=CARTESIAN_POINT('',(5.80549635574229,3.10533356142794,-7.68950819477321));
#4458=CARTESIAN_POINT('',(5.80444503354466,2.775,-7.68693319424609));
#4459=CARTESIAN_POINT('',(5.20792903498256,4.07005639847033,-6.5719831809598));
#4460=CARTESIAN_POINT('',(5.33554418658782,4.07187542949677,-6.8845506159356));
#4461=CARTESIAN_POINT('',(5.59313374334471,3.80631231719533,-7.51546399901949));
#4462=CARTESIAN_POINT('',(5.70994840021935,3.12393080432136,-7.80157781236842));
#4463=CARTESIAN_POINT('',(5.70882806405106,2.775,-7.79883377611543));
#4464=CARTESIAN_POINT('',(5.10922207723738,4.08834733923566,-6.61228329532747));
#4465=CARTESIAN_POINT('',(5.23854371933257,4.09018624312926,-6.92903043270177));
#4466=CARTESIAN_POINT('',(5.49965305343828,3.82110193577995,-7.56856479663133));
#4467=CARTESIAN_POINT('',(5.61817394733553,3.12897348534772,-7.85885769156194));
#4468=CARTESIAN_POINT('',(5.61703489788579,2.775,-7.85606782092088));
#4469=CARTESIAN_POINT('',(5.00921855989242,4.08251880654526,-6.65311276954341));
#4470=CARTESIAN_POINT('',(5.13799641718531,4.08435137781457,-6.96852801631778));
#4471=CARTESIAN_POINT('',(5.39798415029725,3.81638912321853,-7.6053152460608));
#4472=CARTESIAN_POINT('',(5.51596134016133,3.12736660073821,-7.89427644821912));
#4473=CARTESIAN_POINT('',(5.51482825382602,2.775,-7.89150118301761));
#4474=CARTESIAN_POINT('',(5.08753985163993,3.685,-6.62113572266689));
#4475=CARTESIAN_POINT('',(5.10900598397078,4.08432742699304,-6.61237152196891));
#4476=CARTESIAN_POINT('',(3.78143513004862,3.685,-3.42209707010689));
#4477=CARTESIAN_POINT('',(3.78143513004862,3.685,-3.42209707010689));
#4478=CARTESIAN_POINT('',(3.80290126237947,4.08432742699304,-3.41333286940891));
#4479=CARTESIAN_POINT('',(3.36462294529359,2.775,-2.05717871548799));
#4480=CARTESIAN_POINT('',(3.36378570383506,3.16496572011383,-2.05512806231818));
#4481=CARTESIAN_POINT('',(3.51626073610787,3.84810166783279,-2.42858473369206));
#4482=CARTESIAN_POINT('',(3.77267991353962,4.0680059477395,-3.0566315099584));
#4483=CARTESIAN_POINT('',(3.9018243133913,4.07005639847033,-3.37294452839992));
#4484=CARTESIAN_POINT('',(3.25900219596852,2.775,-2.08054489941794));
#4485=CARTESIAN_POINT('',(3.25816746674452,3.1712641310032,-2.07850039945715));
#4486=CARTESIAN_POINT('',(3.41299641553099,3.86406938117926,-2.45772251198412));
#4487=CARTESIAN_POINT('',(3.67240029280906,4.08621000993293,-3.0930797052613));
#4488=CARTESIAN_POINT('',(3.80311735564614,4.08834733923566,-3.41324464276763));
#4489=CARTESIAN_POINT('',(3.16120180533826,2.775,-2.12677048575284));
#4490=CARTESIAN_POINT('',(3.16036627557363,3.16925709953133,-2.12472402503014));
#4491=CARTESIAN_POINT('',(3.31444513285162,3.85898116070855,-2.50210894051698));
#4492=CARTESIAN_POINT('',(3.57289791522164,4.08040916169042,-3.13513661968797));
#4493=CARTESIAN_POINT('',(3.70311383830112,4.08251880654526,-3.45407411698343));
#4494=CARTESIAN_POINT('',(3.05327638110594,2.775,-2.22685269137458));
#4495=CARTESIAN_POINT('',(3.05243372812144,3.15139850984242,-2.2247887837693));
#4496=CARTESIAN_POINT('',(3.19983826231735,3.81370611499729,-2.58582629834234));
#4497=CARTESIAN_POINT('',(3.44982819098727,4.02879314566771,-3.1981259335441));
#4498=CARTESIAN_POINT('',(3.5755849665979,4.03065645397898,-3.50614165337831));
#4499=CARTESIAN_POINT('',(2.98042147932784,2.775,-2.39221825885363));
#4500=CARTESIAN_POINT('',(2.97956158104567,3.10816290845711,-2.39011211238885));
#4501=CARTESIAN_POINT('',(3.11080759559805,3.70409534151669,-2.7115726098566));
#4502=CARTESIAN_POINT('',(3.34030897643002,3.90383089877529,-3.27368970197053));
#4503=CARTESIAN_POINT('',(3.45527016706783,3.90509782692495,-3.55526382563395));
#4504=CARTESIAN_POINT('',(2.99450633496624,2.775,-2.59804645769321));
#4505=CARTESIAN_POINT('',(2.9936195326161,3.04071185137164,-2.59587441516979));
#4506=CARTESIAN_POINT('',(3.09965694139064,3.53309361371988,-2.85559154479927));
#4507=CARTESIAN_POINT('',(3.29719452004253,3.70887962300714,-3.33941978536363));
#4508=CARTESIAN_POINT('',(3.39531371947535,3.70921614956559,-3.57974286693209));
#4509=CARTESIAN_POINT('',(3.1094479756732,2.775,-2.76937085708656));
#4510=CARTESIAN_POINT('',(3.10853342059235,2.97113311605345,-2.76713083987719));
#4511=CARTESIAN_POINT('',(3.18856704254802,3.35669780212791,-2.96315696696197));
#4512=CARTESIAN_POINT('',(3.35313255185438,3.50777879816124,-3.36622681001998));
#4513=CARTESIAN_POINT('',(3.4338784957903,3.5071555745119,-3.56399762534465));
#4514=CARTESIAN_POINT('',(3.26832682309415,2.775,-2.8554587160619));
#4515=CARTESIAN_POINT('',(3.26739307278433,2.92300885146494,-2.85317168403175));
#4516=CARTESIAN_POINT('',(3.32944112613989,3.23469330361935,-3.00514580809648));
#4517=CARTESIAN_POINT('',(3.47120144098621,3.36868703025839,-3.35235895195513));
#4518=CARTESIAN_POINT('',(3.53993113972202,3.36739999355284,-3.52069841141811));
#4519=CARTESIAN_POINT('',(3.41493946756847,2.775,-2.86846169872294));
#4520=CARTESIAN_POINT('',(3.41399645221977,2.89978051785828,-2.8661519738589));
#4521=CARTESIAN_POINT('',(3.46736333836954,3.17580489842289,-2.99686333929366));
#4522=CARTESIAN_POINT('',(3.59811617768534,3.30155104357033,-3.3171159040294));
#4523=CARTESIAN_POINT('',(3.66104594670598,3.29994360152968,-3.47124961181395));
#4524=CARTESIAN_POINT('',(3.52056021689354,2.775,-2.84509551479299));
#4525=CARTESIAN_POINT('',(3.51961468931032,2.89348210696891,-2.84277963671993));
#4526=CARTESIAN_POINT('',(3.57062765894642,3.15983718507641,-2.96772556100159));
#4527=CARTESIAN_POINT('',(3.6983957984159,3.2833469813769,-3.28066770872651));
#4528=CARTESIAN_POINT('',(3.75975290445115,3.28165266076434,-3.43094949744624));
#4529=CARTESIAN_POINT('',(3.61836060752381,2.775,-2.79886992845809));
#4530=CARTESIAN_POINT('',(3.6174158804812,2.89548913844078,-2.79655601114694));
#4531=CARTESIAN_POINT('',(3.6691789416258,3.16492540554713,-2.92333913246874));
#4532=CARTESIAN_POINT('',(3.79789817600332,3.28914782961941,-3.23861079429983));
#4533=CARTESIAN_POINT('',(3.85975642179617,3.28748119345474,-3.39012002323044));
#4534=CARTESIAN_POINT('',(3.72628603175612,2.775,-2.69878772283635));
#4535=CARTESIAN_POINT('',(3.7253484279334,2.91334772812969,-2.69649125240779));
#4536=CARTESIAN_POINT('',(3.78378581216007,3.21020045125838,-2.83962177464337));
#4537=CARTESIAN_POINT('',(3.92096790023769,3.34076384564212,-3.17562148044371));
#4538=CARTESIAN_POINT('',(3.98728529349939,3.33934354602102,-3.33805248683557));
#4539=CARTESIAN_POINT('',(3.79914093353423,2.775,-2.53342215535729));
#4540=CARTESIAN_POINT('',(3.79822057500918,2.956583329515,-2.53116792378824));
#4541=CARTESIAN_POINT('',(3.87281647887934,3.31981122473897,-2.71387546312911));
#4542=CARTESIAN_POINT('',(4.03048711479494,3.46572609253453,-3.10005771201728));
#4543=CARTESIAN_POINT('',(4.10760009302946,3.46490217307505,-3.28893031457992));
#4544=CARTESIAN_POINT('',(3.78505607789583,2.775,-2.32759395651771));
#4545=CARTESIAN_POINT('',(3.78416262343874,3.02403438660047,-2.32540562100729));
#4546=CARTESIAN_POINT('',(3.88396713308678,3.49081295253579,-2.56985652818644));
#4547=CARTESIAN_POINT('',(4.07360157118244,3.66067736830269,-3.03432762862418));
#4548=CARTESIAN_POINT('',(4.16755654062194,3.66078385043441,-3.26445127328178));
#4549=CARTESIAN_POINT('',(3.67011443718886,2.775,-2.15626955712437));
#4550=CARTESIAN_POINT('',(3.66924873546249,3.09361312191866,-2.1541491962999));
#4551=CARTESIAN_POINT('',(3.79505703192938,3.66720876412775,-2.46229110602373));
#4552=CARTESIAN_POINT('',(4.01766353937058,3.86177819314859,-3.00752060396783));
#4553=CARTESIAN_POINT('',(4.12899176430699,3.8628444254881,-3.28019651486922));
#4554=CARTESIAN_POINT('',(3.51123558976791,2.775,-2.07018169814902));
#4555=CARTESIAN_POINT('',(3.51038908327051,3.14173738650717,-2.06810835214534));
#4556=CARTESIAN_POINT('',(3.65418294833753,3.78921326263633,-2.42030226488923));
#4557=CARTESIAN_POINT('',(3.89959465023875,4.00086996105143,-3.02138846203269));
#4558=CARTESIAN_POINT('',(4.02293912037527,4.00260000644716,-3.32349572879577));
#4559=CARTESIAN_POINT('',(3.36462294529359,2.775,-2.05717871548799));
#4560=CARTESIAN_POINT('',(3.36378570383506,3.16496572011383,-2.05512806231818));
#4561=CARTESIAN_POINT('',(3.51626073610787,3.84810166783279,-2.42858473369206));
#4562=CARTESIAN_POINT('',(3.77267991353962,4.0680059477395,-3.0566315099584));
#4563=CARTESIAN_POINT('',(3.9018243133913,4.07005639847033,-3.37294452839992));
#4564=CARTESIAN_POINT('',(3.25900219596852,2.775,-2.08054489941794));
#4565=CARTESIAN_POINT('',(3.25816746674452,3.1712641310032,-2.07850039945715));
#4566=CARTESIAN_POINT('',(3.41299641553099,3.86406938117926,-2.45772251198412));
#4567=CARTESIAN_POINT('',(3.67240029280906,4.08621000993293,-3.0930797052613));
#4568=CARTESIAN_POINT('',(3.80311735564614,4.08834733923566,-3.41324464276763));
#4569=CARTESIAN_POINT('',(3.16120180533826,2.775,-2.12677048575284));
#4570=CARTESIAN_POINT('',(3.16036627557363,3.16925709953133,-2.12472402503014));
#4571=CARTESIAN_POINT('',(3.31444513285162,3.85898116070855,-2.50210894051698));
#4572=CARTESIAN_POINT('',(3.57289791522164,4.08040916169042,-3.13513661968797));
#4573=CARTESIAN_POINT('',(3.70311383830112,4.08251880654526,-3.45407411698343));
#4574=CARTESIAN_POINT('',(3.38978120643103,2.775,-2.46282020710546));
#4575=CARTESIAN_POINT('',(3.26030558908432,2.775,-2.08435479981876));
#4576=CARTESIAN_POINT('',(3.38978120643103,-2.775,-2.46282020710546));
#4577=CARTESIAN_POINT('',(3.38978120643103,-2.775,-2.46282020710546));
#4578=CARTESIAN_POINT('',(3.26030558908432,-2.775,-2.08435479981876));
#4579=CARTESIAN_POINT('',(4.12598667131223,-2.775,-2.99770478669161));
#4580=CARTESIAN_POINT('',(4.12598667131223,-3.685,-2.99770478669161));
#4581=CARTESIAN_POINT('',(4.2612249415937,-4.01220435969666,-2.81156527652041));
#4582=CARTESIAN_POINT('',(6.75529190303081,-3.685,-4.90800685664215));
#4583=CARTESIAN_POINT('',(6.75529190303081,-3.685,-4.90800685664215));
#4584=CARTESIAN_POINT('',(6.89053017331228,-4.01220435969666,-4.72186734647095));
#4585=CARTESIAN_POINT('',(6.75529190303081,-2.775,-4.90800685664215));
#4586=CARTESIAN_POINT('',(7.49149736791201,-2.775,-5.4428914362283));
#4587=CARTESIAN_POINT('',(7.89144952582165,-2.775,-5.4490778231726));
#4588=CARTESIAN_POINT('',(7.49149736791201,2.775,-5.4428914362283));
#4589=CARTESIAN_POINT('',(7.49149736791201,2.775,-5.4428914362283));
#4590=CARTESIAN_POINT('',(7.89144952582165,2.775,-5.4490778231726));
#4591=CARTESIAN_POINT('',(7.16412112802716,3.86162016485026,-4.48863140094678));
#4592=CARTESIAN_POINT('',(7.34886574978934,3.86321273264366,-4.70717571406009));
#4593=CARTESIAN_POINT('',(7.72030586877767,3.63777574851877,-5.14657213541599));
#4594=CARTESIAN_POINT('',(7.88660892420976,3.06646643144049,-5.34330093147728));
#4595=CARTESIAN_POINT('',(7.8850596820349,2.775,-5.34146824988832));
#4596=CARTESIAN_POINT('',(7.11711113275357,3.95057269698182,-4.52837091039518));
#4597=CARTESIAN_POINT('',(7.31602988610316,3.95226191053429,-4.76368256332169));
#4598=CARTESIAN_POINT('',(7.71670532025771,3.70970064506946,-5.23766300563968));
#4599=CARTESIAN_POINT('',(7.89718040197459,3.09099000580342,-5.45115665103888));
#4600=CARTESIAN_POINT('',(7.89547572704743,2.775,-5.44914009971794));
#4601=CARTESIAN_POINT('',(7.05619626082324,4.02364444103737,-4.5798647919524));
#4602=CARTESIAN_POINT('',(7.26675862330622,4.02541304608104,-4.8289502940765));
#4603=CARTESIAN_POINT('',(7.69144996140436,3.76878471503391,-5.33134043612529));
#4604=CARTESIAN_POINT('',(7.88356692281385,3.11113536092974,-5.55860588487393));
#4605=CARTESIAN_POINT('',(7.88173456470532,2.775,-5.5564382902755));
#4606=CARTESIAN_POINT('',(6.95428018276614,4.08573277921852,-4.66601870290947));
#4607=CARTESIAN_POINT('',(7.17473600476439,4.08756884242701,-4.92680770846146));
#4608=CARTESIAN_POINT('',(7.61983341890528,3.81898786489005,-5.453337291375));
#4609=CARTESIAN_POINT('',(7.82184237034132,3.12825266992555,-5.69230450521456));
#4610=CARTESIAN_POINT('',(7.81990152109648,2.775,-5.69000857063721));
#4611=CARTESIAN_POINT('',(6.81633031534754,4.09067603347085,-4.78263347872006));
#4612=CARTESIAN_POINT('',(7.03757381965863,4.09251746746023,-5.04435427588997));
#4613=CARTESIAN_POINT('',(7.48429589352028,3.82298486241448,-5.57280575584887));
#4614=CARTESIAN_POINT('',(7.68709241027366,3.12961548962666,-5.81270462290611));
#4615=CARTESIAN_POINT('',(7.68514292334763,2.775,-5.8103984703528));
#4616=CARTESIAN_POINT('',(6.67486872989316,3.99983514917917,-4.90221685623441));
#4617=CARTESIAN_POINT('',(6.88163720334663,4.00157788573963,-5.14681436371989));
#4618=CARTESIAN_POINT('',(7.29850333248578,3.74953308933185,-5.63994764675652));
#4619=CARTESIAN_POINT('',(7.48682696837717,3.10457131013296,-5.86272576747435));
#4620=CARTESIAN_POINT('',(7.48503621384837,2.775,-5.86060738797984));
#4621=CARTESIAN_POINT('',(6.58691660337471,3.82866216369643,-4.97656645662141));
#4622=CARTESIAN_POINT('',(6.76640953601665,3.83021892305399,-5.18889826524869));
#4623=CARTESIAN_POINT('',(7.12701761315194,3.6111266946166,-5.61548088383293));
#4624=CARTESIAN_POINT('',(7.2880697595042,3.05738014718548,-5.80599809815977));
#4625=CARTESIAN_POINT('',(7.28657810706518,2.775,-5.80423354255545));
#4626=CARTESIAN_POINT('',(6.57191282756914,3.64903024060807,-4.98924977400779));
#4627=CARTESIAN_POINT('',(6.72278233090398,3.65039183223802,-5.16772139424528));
#4628=CARTESIAN_POINT('',(7.02435222486943,3.4658806046433,-5.5244645822402));
#4629=CARTESIAN_POINT('',(7.15678519339068,3.00785691588164,-5.68112663747611));
#4630=CARTESIAN_POINT('',(7.15560742391301,2.775,-5.67973339084703));
#4631=CARTESIAN_POINT('',(6.60504164833396,3.50837983514974,-4.96124460025409));
#4632=CARTESIAN_POINT('',(6.73349922806171,3.50958861195953,-5.11320395505433));
#4633=CARTESIAN_POINT('',(6.98884268155046,3.35215404037367,-5.41526340944285));
#4634=CARTESIAN_POINT('',(7.09886705533746,2.96908060907194,-5.54541713714362));
#4635=CARTESIAN_POINT('',(7.09793505378914,2.775,-5.54431462256828));
#4636=CARTESIAN_POINT('',(6.65205164360755,3.41942730301818,-4.92150509080568));
#4637=CARTESIAN_POINT('',(6.76633509174787,3.42053943406889,-5.05669710579272));
#4638=CARTESIAN_POINT('',(6.99244323007041,3.28022914382297,-5.32417253921916));
#4639=CARTESIAN_POINT('',(7.08829557757264,2.944557034709,-5.43756141758201));
#4640=CARTESIAN_POINT('',(7.0875190087766,2.775,-5.43664277273865));
#4641=CARTESIAN_POINT('',(6.71296651553789,3.34635555896263,-4.87001120924847));
#4642=CARTESIAN_POINT('',(6.81560635454482,3.34738829852214,-4.99142937503792));
#4643=CARTESIAN_POINT('',(7.01769858892377,3.22114507385854,-5.23049510873355));
#4644=CARTESIAN_POINT('',(7.10190905673338,2.92441167958268,-5.33011218374698));
#4645=CARTESIAN_POINT('',(7.10126017111872,2.775,-5.3293445821811));
#4646=CARTESIAN_POINT('',(6.81488259359499,3.28426722078148,-4.78385729829139));
#4647=CARTESIAN_POINT('',(6.90762897308664,3.28523250217617,-4.89357196065294));
#4648=CARTESIAN_POINT('',(7.08931513142284,3.17094192400239,-5.10849825348386));
#4649=CARTESIAN_POINT('',(7.1636336092059,2.90729437058687,-5.19641356340634));
#4650=CARTESIAN_POINT('',(7.16309321472755,2.775,-5.19577430181939));
#4651=CARTESIAN_POINT('',(6.95283246101359,3.27932396652915,-4.6672425224808));
#4652=CARTESIAN_POINT('',(7.04479115819241,3.28028387714296,-4.77602539322444));
#4653=CARTESIAN_POINT('',(7.22485265680785,3.16694492647795,-4.98902978900997));
#4654=CARTESIAN_POINT('',(7.29838356927356,2.90593155088576,-5.07601344571478));
#4655=CARTESIAN_POINT('',(7.2978518124764,2.775,-5.0753844021038));
#4656=CARTESIAN_POINT('',(7.09429404646797,3.37016485082083,-4.54765914496646));
#4657=CARTESIAN_POINT('',(7.2007277745044,3.37122345886356,-4.67356530539452));
#4658=CARTESIAN_POINT('',(7.41064521784235,3.24039669956059,-4.92188789810232));
#4659=CARTESIAN_POINT('',(7.49864901117006,2.93097573037946,-5.02599230114655));
#4660=CARTESIAN_POINT('',(7.49795852197566,2.775,-5.02517548447676));
#4661=CARTESIAN_POINT('',(7.18224617298641,3.54133783630357,-4.47330954457946));
#4662=CARTESIAN_POINT('',(7.31595544183439,3.54258242154919,-4.63148140386572));
#4663=CARTESIAN_POINT('',(7.58213093717617,3.37880309427584,-4.94635466102591));
#4664=CARTESIAN_POINT('',(7.69740622004303,2.97816689332693,-5.08271997046112));
#4665=CARTESIAN_POINT('',(7.69641662875885,2.775,-5.08154932990115));
#4666=CARTESIAN_POINT('',(7.19724994879199,3.72096975939193,-4.46062622719307));
#4667=CARTESIAN_POINT('',(7.35958264694705,3.72240951236516,-4.65265827486913));
#4668=CARTESIAN_POINT('',(7.68479632545869,3.52404918424915,-5.03737096261864));
#4669=CARTESIAN_POINT('',(7.82869078615655,3.02769012463077,-5.2075914311448));
#4670=CARTESIAN_POINT('',(7.82738731191103,2.775,-5.20604948160957));
#4671=CARTESIAN_POINT('',(7.16412112802716,3.86162016485026,-4.48863140094678));
#4672=CARTESIAN_POINT('',(7.34886574978934,3.86321273264366,-4.70717571406009));
#4673=CARTESIAN_POINT('',(7.72030586877767,3.63777574851877,-5.14657213541599));
#4674=CARTESIAN_POINT('',(7.88660892420976,3.06646643144049,-5.34330093147728));
#4675=CARTESIAN_POINT('',(7.8850596820349,2.775,-5.34146824988832));
#4676=CARTESIAN_POINT('',(7.11711113275357,3.95057269698182,-4.52837091039518));
#4677=CARTESIAN_POINT('',(7.31602988610316,3.95226191053429,-4.76368256332169));
#4678=CARTESIAN_POINT('',(7.71670532025771,3.70970064506946,-5.23766300563968));
#4679=CARTESIAN_POINT('',(7.89718040197459,3.09099000580342,-5.45115665103888));
#4680=CARTESIAN_POINT('',(7.89547572704743,2.775,-5.44914009971794));
#4681=CARTESIAN_POINT('',(7.05619626082324,4.02364444103737,-4.5798647919524));
#4682=CARTESIAN_POINT('',(7.26675862330622,4.02541304608104,-4.8289502940765));
#4683=CARTESIAN_POINT('',(7.69144996140436,3.76878471503391,-5.33134043612529));
#4684=CARTESIAN_POINT('',(7.88356692281385,3.11113536092974,-5.55860588487393));
#4685=CARTESIAN_POINT('',(7.88173456470532,2.775,-5.5564382902755));
#4686=CARTESIAN_POINT('',(6.88458138818056,3.685,-4.72493800060043));
#4687=CARTESIAN_POINT('',(7.11479365331078,3.94792589896915,-4.53032997241331));
#4688=CARTESIAN_POINT('',(4.65384467244391,3.685,-2.08607999960826));
#4689=CARTESIAN_POINT('',(4.65384467244391,3.68500000000001,-2.08607999960826));
#4690=CARTESIAN_POINT('',(4.88405693757413,3.94792589896916,-1.89147197142114));
#4691=CARTESIAN_POINT('',(4.15044396884702,2.775,-0.923591193463715));
#4692=CARTESIAN_POINT('',(4.14945589635745,3.09520472783789,-0.92242234956731));
#4693=CARTESIAN_POINT('',(4.36303997319801,3.6645472492166,-1.17508239953163));
#4694=CARTESIAN_POINT('',(4.74324967438966,3.86078782376318,-1.62485282961714));
#4695=CARTESIAN_POINT('',(4.93338441229047,3.86162016485026,-1.84977339995456));
#4696=CARTESIAN_POINT('',(4.0460079332873,2.775,-0.895398362530879));
#4697=CARTESIAN_POINT('',(4.0450835915754,3.12601361026346,-0.894304909186563));
#4698=CARTESIAN_POINT('',(4.27813274895176,3.74206684857117,-1.16999124600466));
#4699=CARTESIAN_POINT('',(4.68316701125273,3.94933873634475,-1.6491279797164));
#4700=CARTESIAN_POINT('',(4.88637441701688,3.95057269698182,-1.88951290940296));
#4701=CARTESIAN_POINT('',(3.93791935176874,2.775,-0.891087935087751));
#4702=CARTESIAN_POINT('',(3.93704736291249,3.15132215086701,-0.890056412741849));
#4703=CARTESIAN_POINT('',(4.18608647975202,3.80574679322912,-1.18465812947336));
#4704=CARTESIAN_POINT('',(4.61151334844886,4.02208056240629,-1.68791837008269));
#4705=CARTESIAN_POINT('',(4.82545954508654,4.02364444103737,-1.94100679096017));
#4706=CARTESIAN_POINT('',(3.79592023926338,2.775,-0.929825476640199));
#4707=CARTESIAN_POINT('',(3.79509273411075,3.17282656749444,-0.928846576451099));
#4708=CARTESIAN_POINT('',(4.05771836135161,3.85985501235521,-1.23952050440554));
#4709=CARTESIAN_POINT('',(4.50047262600245,4.0838885725311,-1.76327825022337));
#4710=CARTESIAN_POINT('',(4.72354346702944,4.08573277921851,-2.02716070191724));
#4711=CARTESIAN_POINT('',(3.65477910217503,2.775,-1.04266512854579));
#4712=CARTESIAN_POINT('',(3.65395513865781,3.17453867321431,-1.041690417947));
#4713=CARTESIAN_POINT('',(3.9176624758829,3.86416291770613,-1.3536439586081));
#4714=CARTESIAN_POINT('',(4.36179628661665,4.08880950805342,-1.87903364341403));
#4715=CARTESIAN_POINT('',(4.58559359961084,4.09067603347085,-2.14377547772783));
#4716=CARTESIAN_POINT('',(3.57196264076553,2.775,-1.23162296594744));
#4717=CARTESIAN_POINT('',(3.5710735935451,3.14307575634716,-1.23057126434845));
#4718=CARTESIAN_POINT('',(3.81490263066671,3.78499767320372,-1.51900969858564));
#4719=CARTESIAN_POINT('',(4.23368488558423,3.99837876919768,-2.01440966948617));
#4720=CARTESIAN_POINT('',(4.44413201415646,3.99983514917916,-2.26335885524218));
#4721=CARTESIAN_POINT('',(3.59451649451182,2.775,-1.43669601214583));
#4722=CARTESIAN_POINT('',(3.5935048089896,3.0837896600686,-1.43549923512776));
#4723=CARTESIAN_POINT('',(3.79987683540977,3.63582528949552,-1.6796277641729));
#4724=CARTESIAN_POINT('',(4.1708887330754,3.82797862756491,-2.11851761957879));
#4725=CARTESIAN_POINT('',(4.35617988763802,3.82866216369643,-2.33770845562919));
#4726=CARTESIAN_POINT('',(3.69547962605285,2.775,-1.58656279862702));
#4727=CARTESIAN_POINT('',(3.69433924175299,3.02157379430636,-1.58521377692821));
#4728=CARTESIAN_POINT('',(3.8614032263904,3.47928118248233,-1.78284271692277));
#4729=CARTESIAN_POINT('',(4.18228407612474,3.64915774032212,-2.16242986932549));
#4730=CARTESIAN_POINT('',(4.34117611183245,3.64903024060807,-2.35039177301558));
#4731=CARTESIAN_POINT('',(3.81940963770637,2.775,-1.66597121939835));
#4732=CARTESIAN_POINT('',(3.81816848325973,2.97285925295449,-1.66450299129288));
#4733=CARTESIAN_POINT('',(3.95445457541861,3.35670835831516,-1.82572311295955));
#4734=CARTESIAN_POINT('',(4.23608320262837,3.50914236965359,-2.15887670790341));
#4735=CARTESIAN_POINT('',(4.37430493259728,3.50837983514974,-2.32238659926187));
#4736=CARTESIAN_POINT('',(3.92384567326608,2.775,-1.69416405033118));
#4737=CARTESIAN_POINT('',(3.92254078804177,2.94205037052892,-1.69262043167363));
#4738=CARTESIAN_POINT('',(4.03936179966489,3.27918875896062,-1.83081426648653));
#4739=CARTESIAN_POINT('',(4.29616586576529,3.42059145707202,-2.13460155780415));
#4740=CARTESIAN_POINT('',(4.42131492787087,3.41942730301818,-2.28264708981348));
#4741=CARTESIAN_POINT('',(4.03193425478465,2.775,-1.69847447777431));
#4742=CARTESIAN_POINT('',(4.03057701670469,2.91674182992538,-1.69686892811834));
#4743=CARTESIAN_POINT('',(4.13140806886461,3.21550881430263,-1.81614738301783));
#4744=CARTESIAN_POINT('',(4.36781952856917,3.34784963101049,-2.09581116743786));
#4745=CARTESIAN_POINT('',(4.48222979980121,3.34635555896263,-2.23115320825627));
#4746=CARTESIAN_POINT('',(4.17393336729001,2.775,-1.65973693622186));
#4747=CARTESIAN_POINT('',(4.17253164550642,2.89523741329794,-1.65807876440909));
#4748=CARTESIAN_POINT('',(4.25977618726504,3.16140059517659,-1.76128500808565));
#4749=CARTESIAN_POINT('',(4.47886025101557,3.28604162088567,-2.02045128729718));
#4750=CARTESIAN_POINT('',(4.58414587785831,3.28426722078148,-2.14499929729919));
#4751=CARTESIAN_POINT('',(4.31507450437836,2.775,-1.54689728431627));
#4752=CARTESIAN_POINT('',(4.31366924095938,2.89352530757808,-1.54523492291319));
#4753=CARTESIAN_POINT('',(4.39983207273372,3.15709268982564,-1.64716155388308));
#4754=CARTESIAN_POINT('',(4.61753659040138,3.28112068536335,-1.90469589410652));
#4755=CARTESIAN_POINT('',(4.72209574527692,3.27932396652915,-2.0283845214886));
#4756=CARTESIAN_POINT('',(4.39789096578786,2.775,-1.35793944691462));
#4757=CARTESIAN_POINT('',(4.39655078607207,2.92498822444523,-1.35635407651174));
#4758=CARTESIAN_POINT('',(4.50259191794995,3.23625793432807,-1.48179581390555));
#4759=CARTESIAN_POINT('',(4.74564799143379,3.37155142421909,-1.76931986803437));
#4760=CARTESIAN_POINT('',(4.86355733073129,3.37016485082083,-1.90880114397425));
#4761=CARTESIAN_POINT('',(4.37533711204157,2.775,-1.15286640071623));
#4762=CARTESIAN_POINT('',(4.37411957062759,2.98427432072379,-1.15142610573243));
#4763=CARTESIAN_POINT('',(4.51761771320685,3.38543031803625,-1.32117774831828));
#4764=CARTESIAN_POINT('',(4.80844414394263,3.54195156585186,-1.66521191794176));
#4765=CARTESIAN_POINT('',(4.95150945724973,3.54133783630357,-1.83445154358725));
#4766=CARTESIAN_POINT('',(4.27437398050054,2.775,-1.00299961423504));
#4767=CARTESIAN_POINT('',(4.27328513786419,3.04649018648603,-1.00171156393197));
#4768=CARTESIAN_POINT('',(4.45609132222626,3.54197442504947,-1.21796279556842));
#4769=CARTESIAN_POINT('',(4.79704880089328,3.72077245309464,-1.62129966819506));
#4770=CARTESIAN_POINT('',(4.9665132330553,3.72096975939193,-1.82176822620086));
#4771=CARTESIAN_POINT('',(4.15044396884702,2.775,-0.923591193463715));
#4772=CARTESIAN_POINT('',(4.14945589635745,3.09520472783789,-0.92242234956731));
#4773=CARTESIAN_POINT('',(4.36303997319801,3.6645472492166,-1.17508239953163));
#4774=CARTESIAN_POINT('',(4.74324967438966,3.86078782376318,-1.62485282961714));
#4775=CARTESIAN_POINT('',(4.93338441229047,3.86162016485026,-1.84977339995456));
#4776=CARTESIAN_POINT('',(4.0460079332873,2.775,-0.895398362530879));
#4777=CARTESIAN_POINT('',(4.0450835915754,3.12601361026346,-0.894304909186563));
#4778=CARTESIAN_POINT('',(4.27813274895176,3.74206684857117,-1.16999124600466));
#4779=CARTESIAN_POINT('',(4.68316701125273,3.94933873634475,-1.6491279797164));
#4780=CARTESIAN_POINT('',(4.88637441701688,3.95057269698182,-1.88951290940296));
#4781=CARTESIAN_POINT('',(3.93791935176874,2.775,-0.891087935087751));
#4782=CARTESIAN_POINT('',(3.93704736291249,3.15132215086701,-0.890056412741849));
#4783=CARTESIAN_POINT('',(4.18608647975202,3.80574679322912,-1.18465812947336));
#4784=CARTESIAN_POINT('',(4.61151334844886,4.02208056240629,-1.68791837008269));
#4785=CARTESIAN_POINT('',(4.82545954508654,4.02364444103737,-1.94100679096017));
#4786=CARTESIAN_POINT('',(3.98492680327669,2.775,-1.29478120643103));
#4787=CARTESIAN_POINT('',(4.0453991756275,2.775,-0.899378763112497));
#4788=CARTESIAN_POINT('',(3.98492680327669,-2.775,-1.29478120643103));
#4789=CARTESIAN_POINT('',(3.98492680327669,-2.775,-1.29478120643103));
#4790=CARTESIAN_POINT('',(4.0453991756275,-2.775,-0.899378763112496));
#4791=CARTESIAN_POINT('',(4.85038823310528,-2.775,-1.57598667131223));
#4792=CARTESIAN_POINT('',(4.85038823310528,-3.685,-1.57598667131223));
#4793=CARTESIAN_POINT('',(4.97236869327122,-3.74967343082274,-1.20056941720246));
#4794=CARTESIAN_POINT('',(7.94132191106453,-3.685,-2.58029190303081));
#4795=CARTESIAN_POINT('',(7.94132191106453,-3.685,-2.58029190303081));
#4796=CARTESIAN_POINT('',(8.06330237123047,-3.74967343082274,-2.20487464892104));
#4797=CARTESIAN_POINT('',(7.94132191106453,-2.775,-2.58029190303081));
#4798=CARTESIAN_POINT('',(8.80678334089312,-2.775,-2.86149736791201));
#4799=CARTESIAN_POINT('',(8.9902718888742,-2.775,-2.506065303011));
#4800=CARTESIAN_POINT('',(8.80678334089312,2.775,-2.86149736791201));
#4801=CARTESIAN_POINT('',(8.80678334089312,2.775,-2.86149736791201));
#4802=CARTESIAN_POINT('',(8.9902718888742,2.775,-2.506065303011));
#4803=CARTESIAN_POINT('',(8.20913477331865,3.54717421431065,-2.04125207381782));
#4804=CARTESIAN_POINT('',(8.3864020800033,3.54842514070442,-2.15112292848887));
#4805=CARTESIAN_POINT('',(8.73937672090946,3.3835222503734,-2.36989776181194));
#4806=CARTESIAN_POINT('',(8.8923734887449,2.97977594083382,-2.4647256573691));
#4807=CARTESIAN_POINT('',(8.8910571565064,2.77500000000004,-2.46390979035571));
#4808=CARTESIAN_POINT('',(8.21990890370039,3.65339787269059,-2.02386892812045));
#4809=CARTESIAN_POINT('',(8.41946139883412,3.6547642096955,-2.14755221525408));
#4810=CARTESIAN_POINT('',(8.81840107850325,3.46941216780617,-2.3948163294735));
#4811=CARTESIAN_POINT('',(8.99367972473908,3.00906104068381,-2.50345460591425));
#4812=CARTESIAN_POINT('',(8.99211901434205,2.77500000000005,-2.5024872725214));
#4813=CARTESIAN_POINT('',(8.21799403397037,3.76151128364019,-2.02695840804403));
#4814=CARTESIAN_POINT('',(8.44022817812307,3.76299508444762,-2.16469985519413));
#4815=CARTESIAN_POINT('',(8.88595062917183,3.55683009410865,-2.44096008365194));
#4816=CARTESIAN_POINT('',(9.0839075554911,3.03886713174741,-2.56365443203195));
#4817=CARTESIAN_POINT('',(9.0820981193706,2.77500000000006,-2.56253293762471));
#4818=CARTESIAN_POINT('',(8.19215060400758,3.90028408557725,-2.06865459070061));
#4819=CARTESIAN_POINT('',(8.44349858296824,3.90191866121325,-2.22444088759164));
#4820=CARTESIAN_POINT('',(8.94927071897018,3.66903847293946,-2.53792010657807));
#4821=CARTESIAN_POINT('',(9.17633715578077,3.07712579674888,-2.67865662447347));
#4822=CARTESIAN_POINT('',(9.174208458939,2.77500000000006,-2.67733725123022));
#4823=CARTESIAN_POINT('',(8.12740725957506,4.03276221572977,-2.17311248654269));
#4824=CARTESIAN_POINT('',(8.40654848291139,4.03454072711603,-2.34612512691885));
#4825=CARTESIAN_POINT('',(8.96964647720681,3.77615713025165,-2.69513509978911));
#4826=CARTESIAN_POINT('',(9.22450203022552,3.11364906593981,-2.85309540251791));
#4827=CARTESIAN_POINT('',(9.22206855418496,2.77500000000007,-2.85158712613352));
#4828=CARTESIAN_POINT('',(8.02492687605885,4.10148600311638,-2.3384558947497));
#4829=CARTESIAN_POINT('',(8.31848600380745,4.10333918199596,-2.52040479929081));
#4830=CARTESIAN_POINT('',(8.91132211482137,3.83172554612367,-2.88784655386561));
#4831=CARTESIAN_POINT('',(9.18059343074179,3.13259572063407,-3.05474179344416));
#4832=CARTESIAN_POINT('',(9.17800184874947,2.77500000000007,-3.05313552247534));
#4833=CARTESIAN_POINT('',(7.91805404568283,4.06394085631875,-2.5108861434744));
#4834=CARTESIAN_POINT('',(8.20373639075896,4.06575324288893,-2.68795299243252));
#4835=CARTESIAN_POINT('',(8.78032598800904,3.80136743562709,-3.04532510480402));
#4836=CARTESIAN_POINT('',(9.041721691206,3.12224479326421,-3.20733901393777));
#4837=CARTESIAN_POINT('',(9.03921648558197,2.77500000000007,-3.20578627932365));
#4838=CARTESIAN_POINT('',(7.84321838888589,3.95225000443244,-2.63162712946279));
#4839=CARTESIAN_POINT('',(8.10546855585515,3.95394104035746,-2.79417063802861));
#4840=CARTESIAN_POINT('',(8.63372735359478,3.71105687588154,-3.12158716327884));
#4841=CARTESIAN_POINT('',(8.87169435909746,3.09145242742306,-3.26907988919136));
#4842=CARTESIAN_POINT('',(8.86944610945785,2.77500000000007,-3.26768641673421));
#4843=CARTESIAN_POINT('',(7.8062894881753,3.82282578568935,-2.69120877909492));
#4844=CARTESIAN_POINT('',(8.04138710599916,3.8243762038988,-2.83692304916835));
#4845=CARTESIAN_POINT('',(8.51364153218801,3.60640753851938,-3.12962788232664));
#4846=CARTESIAN_POINT('',(8.72446002154955,3.05577109967834,-3.26029386941598));
#4847=CARTESIAN_POINT('',(8.72250952527985,2.77500000000006,-3.25908494546832));
#4848=CARTESIAN_POINT('',(7.79551535779354,3.71660212730941,-2.70859192479229));
#4849=CARTESIAN_POINT('',(8.00832778716834,3.7180371349077,-2.84049376240315));
#4850=CARTESIAN_POINT('',(8.43461717459419,3.5205176210866,-3.1047093146651));
#4851=CARTESIAN_POINT('',(8.62315378555537,3.02648599982835,-3.22156492087082));
#4852=CARTESIAN_POINT('',(8.6214476674442,2.77500000000005,-3.22050746330263));
#4853=CARTESIAN_POINT('',(7.79743022752357,3.60848871635981,-2.70550244486871));
#4854=CARTESIAN_POINT('',(7.98756100787941,3.60980626015559,-2.8233461224631));
#4855=CARTESIAN_POINT('',(8.36706762392562,3.43309969478412,-3.05856556048665));
#4856=CARTESIAN_POINT('',(8.53292595480335,2.99667990876475,-3.16136509475312));
#4857=CARTESIAN_POINT('',(8.53146856241565,2.77500000000005,-3.16046179819931));
#4858=CARTESIAN_POINT('',(7.82327365748636,3.46971591442275,-2.66380626221213));
#4859=CARTESIAN_POINT('',(7.98429060303423,3.47088268338995,-2.76360509006558));
#4860=CARTESIAN_POINT('',(8.3037475341273,3.32089131595333,-2.96160553756051));
#4861=CARTESIAN_POINT('',(8.44049635451367,2.95842124376327,-3.0463629023116));
#4862=CARTESIAN_POINT('',(8.43935822284725,2.77500000000004,-3.04565748459381));
#4863=CARTESIAN_POINT('',(7.88801700191888,3.33723778427023,-2.55934836637005));
#4864=CARTESIAN_POINT('',(8.02124070309108,3.33826061748718,-2.64192085073837));
#4865=CARTESIAN_POINT('',(8.28337177589062,3.21377265864112,-2.80439054434948));
#4866=CARTESIAN_POINT('',(8.39233148006893,2.92189797457235,-2.87192412426715));
#4867=CARTESIAN_POINT('',(8.39149812760129,2.77500000000003,-2.87140760969051));
#4868=CARTESIAN_POINT('',(7.99049738543509,3.26851399688362,-2.39400495816304));
#4869=CARTESIAN_POINT('',(8.10930318219502,3.26946216260725,-2.46764117836641));
#4870=CARTESIAN_POINT('',(8.34169613827608,3.15820424276911,-2.61167909027297));
#4871=CARTESIAN_POINT('',(8.43624007955265,2.90295131987809,-2.67027773334091));
#4872=CARTESIAN_POINT('',(8.43556483303678,2.77500000000003,-2.66985921334868));
#4873=CARTESIAN_POINT('',(8.09737021581111,3.30605914368125,-2.22157470943835));
#4874=CARTESIAN_POINT('',(8.22405279524351,3.30704810171427,-2.3000929852247));
#4875=CARTESIAN_POINT('',(8.47269226508841,3.18856235326569,-2.45420053933457));
#4876=CARTESIAN_POINT('',(8.57511181908846,2.91330224724794,-2.51768051284729));
#4877=CARTESIAN_POINT('',(8.57435019620429,2.77500000000003,-2.51720845650037));
#4878=CARTESIAN_POINT('',(8.17220587260805,3.41774999556756,-2.10083372344995));
#4879=CARTESIAN_POINT('',(8.32232063014733,3.41886030424574,-2.19387533962861));
#4880=CARTESIAN_POINT('',(8.61929089950266,3.27887291301122,-2.37793848085976));
#4881=CARTESIAN_POINT('',(8.745139151197,2.9440946130891,-2.4559396375937));
#4882=CARTESIAN_POINT('',(8.74412057232839,2.77500000000004,-2.45530831908982));
#4883=CARTESIAN_POINT('',(8.20913477331865,3.54717421431065,-2.04125207381782));
#4884=CARTESIAN_POINT('',(8.3864020800033,3.54842514070442,-2.15112292848887));
#4885=CARTESIAN_POINT('',(8.73937672090946,3.3835222503734,-2.36989776181194));
#4886=CARTESIAN_POINT('',(8.8923734887449,2.97977594083382,-2.4647256573691));
#4887=CARTESIAN_POINT('',(8.8910571565064,2.77500000000004,-2.46390979035571));
#4888=CARTESIAN_POINT('',(8.21990890370039,3.65339787269059,-2.02386892812045));
#4889=CARTESIAN_POINT('',(8.41946139883412,3.6547642096955,-2.14755221525408));
#4890=CARTESIAN_POINT('',(8.81840107850325,3.46941216780617,-2.3948163294735));
#4891=CARTESIAN_POINT('',(8.99367972473908,3.00906104068381,-2.50345460591425));
#4892=CARTESIAN_POINT('',(8.99211901434205,2.77500000000005,-2.5024872725214));
#4893=CARTESIAN_POINT('',(8.21799403397037,3.76151128364019,-2.02695840804403));
#4894=CARTESIAN_POINT('',(8.44022817812307,3.76299508444762,-2.16469985519413));
#4895=CARTESIAN_POINT('',(8.88595062917183,3.55683009410865,-2.44096008365194));
#4896=CARTESIAN_POINT('',(9.0839075554911,3.03886713174741,-2.56365443203195));
#4897=CARTESIAN_POINT('',(9.0820981193706,2.77500000000006,-2.56253293762471));
#4898=CARTESIAN_POINT('',(8.00771213074697,3.685,-2.36623042645637));
#4899=CARTESIAN_POINT('',(8.21779407034843,3.6537128314522,-2.02728103239061));
#4900=CARTESIAN_POINT('',(5.07070347305789,3.685,-0.545862884173939));
#4901=CARTESIAN_POINT('',(5.07070347305789,3.685,-0.545862884173938));
#4902=CARTESIAN_POINT('',(5.28078541265935,3.6537128314522,-0.206913490108174));
#4903=CARTESIAN_POINT('',(4.50857146953008,2.775,0.252369127720795));
#4904=CARTESIAN_POINT('',(4.50673205645422,2.98542031928731,0.253509201942698));
#4905=CARTESIAN_POINT('',(4.69770443908489,3.39135631421809,0.135143896514305));
#4906=CARTESIAN_POINT('',(5.08355464208293,3.54784388155991,-0.104007317385547));
#4907=CARTESIAN_POINT('',(5.27212611562957,3.54717421431065,-0.220884531535389));
#4908=CARTESIAN_POINT('',(4.42905787245793,2.775,0.325712901281229));
#4909=CARTESIAN_POINT('',(4.42728000474454,3.02207719917036,0.326814829486796));
#4910=CARTESIAN_POINT('',(4.6489214059751,3.4840458267759,0.189440766332505));
#4911=CARTESIAN_POINT('',(5.07387027608598,3.65359069811414,-0.073943928926822));
#4912=CARTESIAN_POINT('',(5.28290024601131,3.65339787269059,-0.203501385838017));
#4913=CARTESIAN_POINT('',(4.33524902796934,2.775,0.379579606537382));
#4914=CARTESIAN_POINT('',(4.33353380052995,3.05938621657164,0.380642710096886));
#4915=CARTESIAN_POINT('',(4.58638983192744,3.57838431515704,0.223921717388438));
#4916=CARTESIAN_POINT('',(5.0511329468386,3.76121878407073,-0.0641275805489951));
#4917=CARTESIAN_POINT('',(5.2809853762813,3.76151128364019,-0.206590865761597));
#4918=CARTESIAN_POINT('',(4.19145182847534,2.775,0.410991554829724));
#4919=CARTESIAN_POINT('',(4.18981700518064,3.10727552870063,0.412004823638191));
#4920=CARTESIAN_POINT('',(4.48273968188744,3.69947582682216,0.230450393527968));
#4921=CARTESIAN_POINT('',(4.99856211067279,3.89936862990514,-0.0892580296950515));
#4922=CARTESIAN_POINT('',(5.25514194631849,3.90028408557725,-0.248287048418179));
#4923=CARTESIAN_POINT('',(4.01410504436435,2.775,0.376325638048865));
#4924=CARTESIAN_POINT('',(4.01254697811856,3.15299260320357,0.377291332588155));
#4925=CARTESIAN_POINT('',(4.34371889515174,3.81507468206478,0.172029898610277));
#4926=CARTESIAN_POINT('',(4.90830370314306,4.03125206096319,-0.177901606236474));
#4927=CARTESIAN_POINT('',(5.19039860188598,4.03276221572977,-0.352744944260258));
#4928=CARTESIAN_POINT('',(3.85321098276742,2.775,0.247187217976667));
#4929=CARTESIAN_POINT('',(3.85169273467956,3.1767085969639,0.248128233091842));
#4930=CARTESIAN_POINT('',(4.20270666380083,3.87504224909403,0.0305686553260139));
#4931=CARTESIAN_POINT('',(4.79258723477699,4.09966734479469,-0.335041245896698));
#4932=CARTESIAN_POINT('',(5.08791821836977,4.10148600311638,-0.518088352467269));
#4933=CARTESIAN_POINT('',(3.77825068518288,2.775,0.0549774773755832));
#4934=CARTESIAN_POINT('',(3.77671068365795,3.1637520865467,0.0559319753419904));
#4935=CARTESIAN_POINT('',(4.11688453418432,3.84228079643218,-0.154908886366194));
#4936=CARTESIAN_POINT('',(4.69294553597291,4.06229073951239,-0.511953373547099));
#4937=CARTESIAN_POINT('',(4.98104538799374,4.06394085631875,-0.690518601191966));
#4938=CARTESIAN_POINT('',(3.79834974771312,2.775,-0.124604357190649));
#4939=CARTESIAN_POINT('',(3.79674503316596,3.12520852474443,-0.123609749882069));
#4940=CARTESIAN_POINT('',(4.10467137060366,3.74482067524639,-0.314463497833432));
#4941=CARTESIAN_POINT('',(4.63962134774803,3.95110127188022,-0.646027237895555));
#4942=CARTESIAN_POINT('',(4.90620973119681,3.95225000443244,-0.811259587180361));
#4943=CARTESIAN_POINT('',(3.87142853046992,2.775,-0.252369127720796));
#4944=CARTESIAN_POINT('',(3.86974882829216,3.0805453290611,-0.251328042834266));
#4945=CARTESIAN_POINT('',(4.14030765426916,3.63188662711219,-0.41902128534388));
#4946=CARTESIAN_POINT('',(4.62761933197866,3.82225804311336,-0.72105865208946));
#4947=CARTESIAN_POINT('',(4.86928083048621,3.82282578568935,-0.87084123681249));
#4948=CARTESIAN_POINT('',(3.95094212754208,2.775,-0.32571290128123));
#4949=CARTESIAN_POINT('',(3.94920088000184,3.04388844917806,-0.324633670378364));
#4950=CARTESIAN_POINT('',(4.18909068737898,3.5391971145544,-0.47331815516208));
#4951=CARTESIAN_POINT('',(4.63730369797561,3.71651122655912,-0.751122040548185));
#4952=CARTESIAN_POINT('',(4.85850670010446,3.71660212730941,-0.888224382509861));
#4953=CARTESIAN_POINT('',(4.04475097203067,2.775,-0.379579606537383));
#4954=CARTESIAN_POINT('',(4.04294708421643,3.00657943177678,-0.378461550988453));
#4955=CARTESIAN_POINT('',(4.25162226142662,3.44485862617324,-0.507799106218014));
#4956=CARTESIAN_POINT('',(4.66004102722298,3.60888314060254,-0.760938388926011));
#4957=CARTESIAN_POINT('',(4.86042156983448,3.60848871635981,-0.885134902586282));
#4958=CARTESIAN_POINT('',(4.18854817152466,2.775,-0.410991554829725));
#4959=CARTESIAN_POINT('',(4.18666387956574,2.95869011964779,-0.409823664529758));
#4960=CARTESIAN_POINT('',(4.35527241146664,3.32376711450813,-0.514327782357543));
#4961=CARTESIAN_POINT('',(4.71261186338879,3.47073329476813,-0.735807939779956));
#4962=CARTESIAN_POINT('',(4.88626499979728,3.46971591442275,-0.8434387199297));
#4963=CARTESIAN_POINT('',(4.36589495563565,2.775,-0.376325638048866));
#4964=CARTESIAN_POINT('',(4.36393390662783,2.91297304514485,-0.375110173479722));
#4965=CARTESIAN_POINT('',(4.49429319820232,3.2081682592655,-0.455907287439852));
#4966=CARTESIAN_POINT('',(4.80287027091853,3.33884986371008,-0.647164363238532));
#4967=CARTESIAN_POINT('',(4.9510083442298,3.33723778427023,-0.73898082408762));
#4968=CARTESIAN_POINT('',(4.52678901723258,2.775,-0.247187217976668));
#4969=CARTESIAN_POINT('',(4.52478815006682,2.88925705138452,-0.245947073983409));
#4970=CARTESIAN_POINT('',(4.63530542955325,3.14820069223626,-0.314446044155591));
#4971=CARTESIAN_POINT('',(4.91858673928459,3.27043457987858,-0.490024723578308));
#4972=CARTESIAN_POINT('',(5.053488727746,3.26851399688362,-0.57363741588061));
#4973=CARTESIAN_POINT('',(4.60174931481713,2.775,-0.0549774773755842));
#4974=CARTESIAN_POINT('',(4.59977020108844,2.90221356180171,-0.0537508162335579));
#4975=CARTESIAN_POINT('',(4.72112755916973,3.18096214489811,-0.128968502463382));
#4976=CARTESIAN_POINT('',(5.01822843808868,3.30781118516088,-0.313112595927907));
#4977=CARTESIAN_POINT('',(5.16036155812203,3.30605914368125,-0.401207167155912));
#4978=CARTESIAN_POINT('',(4.58165025228689,2.775,0.124604357190648));
#4979=CARTESIAN_POINT('',(4.57973585158042,2.94075712360399,0.125790908990502));
#4980=CARTESIAN_POINT('',(4.73334072275043,3.2784222660839,0.0305861090038554));
#4981=CARTESIAN_POINT('',(5.07155262631355,3.41900065279305,-0.179038731579452));
#4982=CARTESIAN_POINT('',(5.23519721491896,3.41774999556756,-0.280466181167517));
#4983=CARTESIAN_POINT('',(4.50857146953008,2.775,0.252369127720795));
#4984=CARTESIAN_POINT('',(4.50673205645422,2.98542031928731,0.253509201942698));
#4985=CARTESIAN_POINT('',(4.69770443908489,3.39135631421809,0.135143896514305));
#4986=CARTESIAN_POINT('',(5.08355464208293,3.54784388155991,-0.104007317385547));
#4987=CARTESIAN_POINT('',(5.27212611562957,3.54717421431065,-0.220884531535389));
#4988=CARTESIAN_POINT('',(4.42905787245793,2.775,0.325712901281229));
#4989=CARTESIAN_POINT('',(4.42728000474454,3.02207719917036,0.326814829486796));
#4990=CARTESIAN_POINT('',(4.6489214059751,3.4840458267759,0.189440766332505));
#4991=CARTESIAN_POINT('',(5.07387027608598,3.65359069811414,-0.073943928926822));
#4992=CARTESIAN_POINT('',(5.28290024601131,3.65339787269059,-0.203501385838017));
#4993=CARTESIAN_POINT('',(4.33524902796934,2.775,0.379579606537382));
#4994=CARTESIAN_POINT('',(4.33353380052995,3.05938621657164,0.380642710096886));
#4995=CARTESIAN_POINT('',(4.58638983192744,3.57838431515704,0.223921717388438));
#4996=CARTESIAN_POINT('',(5.0511329468386,3.76121878407073,-0.0641275805489951));
#4997=CARTESIAN_POINT('',(5.2809853762813,3.76151128364019,-0.206590865761597));
#4998=CARTESIAN_POINT('',(4.19,2.775,-4.33680868994202E-16));
#4999=CARTESIAN_POINT('',(4.42667533122185,2.775,0.322466723230515));
#5000=CARTESIAN_POINT('',(4.19,-2.775,-4.33680868994202E-16));
#5001=CARTESIAN_POINT('',(4.19,-2.775,-4.33680868994202E-16));
#5002=CARTESIAN_POINT('',(4.42667533122185,-2.775,0.322466723230515));
#5003=CARTESIAN_POINT('',(5.1,-2.775,-4.33680868994202E-16));
#5004=CARTESIAN_POINT('',(5.1,-3.685,-4.33680868994202E-16));
#5005=CARTESIAN_POINT('',(5.1,-3.44832466877815,0.322466723230515));
#5006=CARTESIAN_POINT('',(8.35,-3.685,-4.33680868994202E-16));
#5007=CARTESIAN_POINT('',(8.35,-3.685,-4.33680868994202E-16));
#5008=CARTESIAN_POINT('',(8.35,-3.44832466877815,0.322466723230515));
#5009=CARTESIAN_POINT('',(8.35,-2.775,-4.33680868994202E-16));
#5010=CARTESIAN_POINT('',(9.26,-2.775,-4.33680868994202E-16));
#5011=CARTESIAN_POINT('',(9.02332466877815,-2.775,0.322466723230515));
#5012=CARTESIAN_POINT('',(9.26,2.775,-4.33680868994202E-16));
#5013=CARTESIAN_POINT('',(9.26,2.775,0.));
#5014=CARTESIAN_POINT('',(9.02332466877815,2.775,0.322466723230516));
#5015=CARTESIAN_POINT('',(8.38731461542396,3.3154530904494,0.388377910285003));
#5016=CARTESIAN_POINT('',(8.5343122017751,3.31645225488234,0.352296948921971));
#5017=CARTESIAN_POINT('',(8.82304879108382,3.19615807463877,0.281425759934824));
#5018=CARTESIAN_POINT('',(8.94232344355868,2.91589209091638,0.252149468844902));
#5019=CARTESIAN_POINT('',(8.94142853046992,2.775,0.252369127720795));
#5020=CARTESIAN_POINT('',(8.40881233183491,3.37519105566493,0.475961841119718));
#5021=CARTESIAN_POINT('',(8.5701296366022,3.37625512461329,0.436366065536071));
#5022=CARTESIAN_POINT('',(8.88840182591614,3.24446076895582,0.358245282395198));
#5023=CARTESIAN_POINT('',(9.02199406988035,2.93236141896301,0.325454699144695));
#5024=CARTESIAN_POINT('',(9.02094212754207,2.775,0.325712901281229));
#5025=CARTESIAN_POINT('',(8.42661331226899,3.453455060059,0.548484885396885));
#5026=CARTESIAN_POINT('',(8.60669119083554,3.4546041618213,0.50428427544009));
#5027=CARTESIAN_POINT('',(8.9636586105654,3.30774317682886,0.416665641700266));
#5028=CARTESIAN_POINT('',(9.11600864179585,2.95393824298033,0.37927090803879));
#5029=CARTESIAN_POINT('',(9.11475097203067,2.775,0.379579606537382));
#5030=CARTESIAN_POINT('',(8.44205641695714,3.58561908762171,0.611401698839973));
#5031=CARTESIAN_POINT('',(8.65381518141618,3.58691178386591,0.559424928415458));
#5032=CARTESIAN_POINT('',(9.07612704063422,3.41460785827622,0.455767322506182));
#5033=CARTESIAN_POINT('',(9.26015325215302,2.99037491634274,0.41059758338045));
#5034=CARTESIAN_POINT('',(9.25854817152466,2.775,0.410991554829724));
#5035=CARTESIAN_POINT('',(8.44410855776936,3.76611699930562,0.619762333780191));
#5036=CARTESIAN_POINT('',(8.69913426747319,3.76760580416266,0.557165572793749));
#5037=CARTESIAN_POINT('',(9.21068776895414,3.56055416597983,0.431603360649855));
#5038=CARTESIAN_POINT('',(9.43797449922081,3.04013689448389,0.375815208363526));
#5039=CARTESIAN_POINT('',(9.43589495563566,2.775,0.376325638048865));
#5040=CARTESIAN_POINT('',(8.42335491625695,3.9531565485834,0.535209841411029));
#5041=CARTESIAN_POINT('',(8.72321565957267,3.95484856945672,0.46160819826553));
#5042=CARTESIAN_POINT('',(9.32724511487453,3.71178988586695,0.313347509230637));
#5043=CARTESIAN_POINT('',(9.59936021934585,3.09170235513583,0.246556109355047));
#5044=CARTESIAN_POINT('',(9.59678901723259,2.775,0.247187217976667));
#5045=CARTESIAN_POINT('',(8.38311686804992,4.07177432522236,0.37127585122712));
#5046=CARTESIAN_POINT('',(8.71141134114688,4.07359522275369,0.29069507100114));
#5047=CARTESIAN_POINT('',(9.37408770870428,3.80770139180606,0.128039336253737));
#5048=CARTESIAN_POINT('',(9.67463231965714,3.12440442439078,0.0542698359181865));
#5049=CARTESIAN_POINT('',(9.67174931481713,2.775,0.0549774773755832));
#5050=CARTESIAN_POINT('',(8.34040063149223,4.09506284450237,0.197245464153884));
#5051=CARTESIAN_POINT('',(8.67427756855856,4.09690904470434,0.115294452811945));
#5052=CARTESIAN_POINT('',(9.34846822837027,3.82653193321838,-0.0501874965983153));
#5053=CARTESIAN_POINT('',(9.65459447412167,3.13082490192728,-0.125327024527571));
#5054=CARTESIAN_POINT('',(9.65165025228689,2.775,-0.124604357190649));
#5055=CARTESIAN_POINT('',(8.30666981846554,4.0545469095506,0.0598226263670753));
#5056=CARTESIAN_POINT('',(8.63083472771534,4.05634908972082,-0.0197445410689632));
#5057=CARTESIAN_POINT('',(9.28499352932335,3.79377171425404,-0.180309615856873));
#5058=CARTESIAN_POINT('',(9.58140918979866,3.11965494959581,-0.253065653955734));
#5059=CARTESIAN_POINT('',(9.57857146953009,2.775,-0.252369127720796));
#5060=CARTESIAN_POINT('',(8.2851721020546,3.99480894433506,-0.0277613044676392));
#5061=CARTESIAN_POINT('',(8.59501729288823,3.99654621998986,-0.103813657683064));
#5062=CARTESIAN_POINT('',(9.21964049449101,3.745469019937,-0.257129138317246));
#5063=CARTESIAN_POINT('',(9.50173856347698,3.10318562154919,-0.326370884255528));
#5064=CARTESIAN_POINT('',(9.49905787245793,2.775,-0.32571290128123));
#5065=CARTESIAN_POINT('',(8.26737112162051,3.916544939941,-0.100284348744807));
#5066=CARTESIAN_POINT('',(8.55845573865489,3.91819718278187,-0.171731867587083));
#5067=CARTESIAN_POINT('',(9.14438370984177,3.68218661206396,-0.315549497622314));
#5068=CARTESIAN_POINT('',(9.40772399156149,3.08160879753187,-0.380187093149623));
#5069=CARTESIAN_POINT('',(9.40524902796934,2.775,-0.379579606537383));
#5070=CARTESIAN_POINT('',(8.25192801693236,3.78438091237829,-0.163201162187895));
#5071=CARTESIAN_POINT('',(8.51133174807426,3.78588956073726,-0.226872520562452));
#5072=CARTESIAN_POINT('',(9.03191527977294,3.5753219306166,-0.354651178428229));
#5073=CARTESIAN_POINT('',(9.2635793812043,3.04517212416946,-0.411513768491284));
#5074=CARTESIAN_POINT('',(9.26145182847534,2.775,-0.410991554829725));
#5075=CARTESIAN_POINT('',(8.24987587612015,3.60388300069438,-0.171561797128113));
#5076=CARTESIAN_POINT('',(8.46601266201721,3.6051955404405,-0.224613164940743));
#5077=CARTESIAN_POINT('',(8.89735455145304,3.42937562291299,-0.330487216571902));
#5078=CARTESIAN_POINT('',(9.08575813413652,2.9954101460283,-0.37673139347436));
#5079=CARTESIAN_POINT('',(9.08410504436435,2.775,-0.376325638048866));
#5080=CARTESIAN_POINT('',(8.27062951763255,3.4168434514166,-0.0870093047589502));
#5081=CARTESIAN_POINT('',(8.44193126991776,3.41795277514645,-0.129055790412523));
#5082=CARTESIAN_POINT('',(8.78079720553264,3.27813990302587,-0.212231365152685));
#5083=CARTESIAN_POINT('',(8.92437241401147,2.94384468537636,-0.24747229446588));
#5084=CARTESIAN_POINT('',(8.92321098276742,2.775,-0.247187217976668));
#5085=CARTESIAN_POINT('',(8.31086756583958,3.29822567477764,0.0769246854249584));
#5086=CARTESIAN_POINT('',(8.45373558834355,3.29920612184948,0.0418573368518671));
#5087=CARTESIAN_POINT('',(8.73395461170288,3.18222839708676,-0.0269231921757848));
#5088=CARTESIAN_POINT('',(8.84910031370019,2.91114261612142,-0.0551860210290195));
#5089=CARTESIAN_POINT('',(8.84825068518288,2.775,-0.0549774773755842));
#5090=CARTESIAN_POINT('',(8.35358380239727,3.27493715549763,0.250955072498194));
#5091=CARTESIAN_POINT('',(8.49086936093188,3.27589229989883,0.217257955041063));
#5092=CARTESIAN_POINT('',(8.7595740920369,3.16339785567444,0.151303640676267));
#5093=CARTESIAN_POINT('',(8.86913815923565,2.90472213858492,0.124410839416739));
#5094=CARTESIAN_POINT('',(8.86834974771312,2.775,0.124604357190648));
#5095=CARTESIAN_POINT('',(8.38731461542396,3.3154530904494,0.388377910285003));
#5096=CARTESIAN_POINT('',(8.5343122017751,3.31645225488234,0.352296948921971));
#5097=CARTESIAN_POINT('',(8.82304879108382,3.19615807463877,0.281425759934824));
#5098=CARTESIAN_POINT('',(8.94232344355868,2.91589209091638,0.252149468844902));
#5099=CARTESIAN_POINT('',(8.94142853046992,2.775,0.252369127720795));
#5100=CARTESIAN_POINT('',(8.40881233183491,3.37519105566493,0.475961841119718));
#5101=CARTESIAN_POINT('',(8.5701296366022,3.37625512461329,0.436366065536071));
#5102=CARTESIAN_POINT('',(8.88840182591614,3.24446076895582,0.358245282395198));
#5103=CARTESIAN_POINT('',(9.02199406988035,2.93236141896301,0.325454699144695));
#5104=CARTESIAN_POINT('',(9.02094212754207,2.775,0.325712901281229));
#5105=CARTESIAN_POINT('',(8.42661331226899,3.453455060059,0.548484885396885));
#5106=CARTESIAN_POINT('',(8.60669119083554,3.4546041618213,0.50428427544009));
#5107=CARTESIAN_POINT('',(8.9636586105654,3.30774317682886,0.416665641700266));
#5108=CARTESIAN_POINT('',(9.11600864179585,2.95393824298033,0.37927090803879));
#5109=CARTESIAN_POINT('',(9.11475097203067,2.775,0.379579606537382));
#5110=CARTESIAN_POINT('',(8.34699221694475,3.685,0.224100268326039));
#5111=CARTESIAN_POINT('',(8.4081962091721,3.37827872886136,0.473451693360127));
#5112=CARTESIAN_POINT('',(4.99120648806106,3.685,1.04778709361351));
#5113=CARTESIAN_POINT('',(4.99120648806106,3.68500000000002,1.04778709361351));
#5114=CARTESIAN_POINT('',(5.05241048028824,3.37827872886138,1.29713851864764));
#5115=CARTESIAN_POINT('',(4.3841430697652,2.77500000000002,1.37096736262816));
#5116=CARTESIAN_POINT('',(4.38213250232772,2.90618776717156,1.37146086192858));
#5117=CARTESIAN_POINT('',(4.52346109797293,3.1884022581773,1.33677136990669));
#5118=CARTESIAN_POINT('',(4.86620674004958,3.31710722499288,1.25264351055819));
#5119=CARTESIAN_POINT('',(5.03152888654027,3.3154530904494,1.21206473557248));
#5120=CARTESIAN_POINT('',(4.34762490551493,2.77500000000004,1.47279145073716));
#5121=CARTESIAN_POINT('',(4.34568643546139,2.92689704116703,1.47326725353664));
#5122=CARTESIAN_POINT('',(4.50666002721924,3.24044307394366,1.43375584325533));
#5123=CARTESIAN_POINT('',(4.87449487316792,3.3765781919009,1.34346976989797));
#5124=CARTESIAN_POINT('',(5.05302660295122,3.37519105566493,1.29964866640719));
#5125=CARTESIAN_POINT('',(4.28941802189451,2.77499999999999,1.56397083403534));
#5126=CARTESIAN_POINT('',(4.28757400818801,2.95402871036827,1.56442345226498));
#5127=CARTESIAN_POINT('',(4.47428493560056,3.30862287583536,1.51859474224838));
#5128=CARTESIAN_POINT('',(4.87498969191529,3.45449239601909,1.42024065910008));
#5129=CARTESIAN_POINT('',(5.07082758338531,3.453455060059,1.37217171068436));
#5130=CARTESIAN_POINT('',(4.17650703177681,2.77499999999998,1.65839251262917));
#5131=CARTESIAN_POINT('',(4.17482252602481,2.99984582263964,1.65880597919322));
#5132=CARTESIAN_POINT('',(4.40499596171552,3.42375776174107,1.60230927713096));
#5133=CARTESIAN_POINT('',(4.86120796907416,3.58606571762879,1.490330786739));
#5134=CARTESIAN_POINT('',(5.08627068807345,3.58561908762171,1.43508852412745));
#5135=CARTESIAN_POINT('',(4.00326452929025,2.77500000000009,1.70977969929047));
#5136=CARTESIAN_POINT('',(4.00179786536116,3.06241877260846,1.71013969598069));
#5137=CARTESIAN_POINT('',(4.29132854163707,3.580998781489,1.63907359616616));
#5138=CARTESIAN_POINT('',(4.82334743140922,3.7657568954918,1.50848809824906));
#5139=CARTESIAN_POINT('',(5.08832282888567,3.76611699930562,1.44344915906766));
#5140=CARTESIAN_POINT('',(3.80086318466852,2.77499999999999,1.66981313462434));
#5141=CARTESIAN_POINT('',(3.79962225762461,3.12725950262017,1.67011772357601));
#5142=CARTESIAN_POINT('',(4.15066141021397,3.74393855839412,1.58395419929042));
#5143=CARTESIAN_POINT('',(4.76123458898866,3.95196047315731,1.43408733535394));
#5144=CARTESIAN_POINT('',(5.06756918737326,3.9531565485834,1.3588966666985));
#5145=CARTESIAN_POINT('',(3.64542679066991,2.775,1.53415489485761));
#5146=CARTESIAN_POINT('',(3.64432902269333,3.16838055567727,1.53442434502295));
#5147=CARTESIAN_POINT('',(4.03437596124516,3.84727260799577,1.43868625252092));
#5148=CARTESIAN_POINT('',(4.69476713382342,4.07004808869202,1.27659142515846));
#5149=CARTESIAN_POINT('',(5.02733113916623,4.07177432522236,1.19496267651459));
#5150=CARTESIAN_POINT('',(3.58009338008477,2.7750000000001,1.36567595527737));
#5151=CARTESIAN_POINT('',(3.57902371887932,3.1764539529712,1.36593850655853));
#5152=CARTESIAN_POINT('',(3.97672915180863,3.86756043562684,1.26832061557415));
#5153=CARTESIAN_POINT('',(4.64690121340757,4.09323252014094,1.10382504213407));
#5154=CARTESIAN_POINT('',(4.98461490260854,4.09506284450237,1.02093228944136));
#5155=CARTESIAN_POINT('',(3.58571053678819,2.77500000000009,1.2185950502339));
#5156=CARTESIAN_POINT('',(3.58459197714927,3.16240835240425,1.21886960376988));
#5157=CARTESIAN_POINT('',(3.96897363211334,3.83226491963766,1.12452207068665));
#5158=CARTESIAN_POINT('',(4.62212950395081,4.05289767080232,0.964203167765929));
#5159=CARTESIAN_POINT('',(4.95088408958185,4.0545469095506,0.883509451654548));
#5160=CARTESIAN_POINT('',(3.62222870103846,2.77499999999999,1.1167709621249));
#5161=CARTESIAN_POINT('',(3.6210380440156,3.14169907840882,1.11706321216182));
#5162=CARTESIAN_POINT('',(3.98577470286701,3.78022410387126,1.02753759733801));
#5163=CARTESIAN_POINT('',(4.61384137083246,3.99342670389432,0.873376908426149));
#5164=CARTESIAN_POINT('',(4.92938637317091,3.99480894433507,0.795925520819833));
#5165=CARTESIAN_POINT('',(3.68043558465888,2.77500000000002,1.02559157882672));
#5166=CARTESIAN_POINT('',(3.67915047128898,3.1145674092076,1.02590701343348));
#5167=CARTESIAN_POINT('',(4.0181497944857,3.71204430197957,0.942698698344968));
#5168=CARTESIAN_POINT('',(4.61334655208509,3.91551249977612,0.796606019224036));
#5169=CARTESIAN_POINT('',(4.91158539273682,3.916544939941,0.723402476542666));
#5170=CARTESIAN_POINT('',(3.79334657477658,2.77499999999999,0.931169900232886));
#5171=CARTESIAN_POINT('',(3.79190195345218,3.06875029693626,0.931524486505233));
#5172=CARTESIAN_POINT('',(4.08743876837074,3.59690941607383,0.858984163462386));
#5173=CARTESIAN_POINT('',(4.62712827492622,3.78393917816643,0.726515891585116));
#5174=CARTESIAN_POINT('',(4.89614228804867,3.78438091237829,0.660485663099578));
#5175=CARTESIAN_POINT('',(3.96658907726314,2.77500000000006,0.879782713571589));
#5176=CARTESIAN_POINT('',(3.96492661411584,3.00617734696732,0.880190769717764));
#5177=CARTESIAN_POINT('',(4.20110618844918,3.43966839632597,0.822219844427179));
#5178=CARTESIAN_POINT('',(4.66498881259116,3.6042480003034,0.708358580075052));
#5179=CARTESIAN_POINT('',(4.89409014723645,3.60388300069438,0.652125028159359));
#5180=CARTESIAN_POINT('',(4.16899042188487,2.77500000000005,0.919749278237716));
#5181=CARTESIAN_POINT('',(4.16710222185238,2.94133661695568,0.920212742122446));
#5182=CARTESIAN_POINT('',(4.34177331987229,3.27672861942081,0.877339241302923));
#5183=CARTESIAN_POINT('',(4.72710165501172,3.41804442263791,0.782759342970176));
#5184=CARTESIAN_POINT('',(4.91484378874886,3.4168434514166,0.736677520528522));
#5185=CARTESIAN_POINT('',(4.32442681588348,2.77499999999996,1.05540751800445));
#5186=CARTESIAN_POINT('',(4.32239545678366,2.90021556389863,1.0559061206755));
#5187=CARTESIAN_POINT('',(4.45805876884109,3.17339456981914,1.02260718807242));
#5188=CARTESIAN_POINT('',(4.79356911017697,3.2999568071032,0.940255253165654));
#5189=CARTESIAN_POINT('',(4.9550818369559,3.29822567477764,0.900611510712431));
#5190=CARTESIAN_POINT('',(4.38976022646862,2.77500000000004,1.22388645758469));
#5191=CARTESIAN_POINT('',(4.38770076059767,2.8921421666046,1.22439195913992));
#5192=CARTESIAN_POINT('',(4.51570557827763,3.15310674218812,1.19297282501919));
#5193=CARTESIAN_POINT('',(4.84143503059281,3.27677237565426,1.11302163619004));
#5194=CARTESIAN_POINT('',(4.99779807351358,3.27493715549763,1.07464189778567));
#5195=CARTESIAN_POINT('',(4.3841430697652,2.77500000000002,1.37096736262816));
#5196=CARTESIAN_POINT('',(4.38213250232772,2.90618776717156,1.37146086192858));
#5197=CARTESIAN_POINT('',(4.52346109797293,3.1884022581773,1.33677136990669));
#5198=CARTESIAN_POINT('',(4.86620674004958,3.31710722499288,1.25264351055819));
#5199=CARTESIAN_POINT('',(5.03152888654027,3.3154530904494,1.21206473557248));
#5200=CARTESIAN_POINT('',(4.34762490551493,2.77500000000004,1.47279145073716));
#5201=CARTESIAN_POINT('',(4.34568643546139,2.92689704116703,1.47326725353664));
#5202=CARTESIAN_POINT('',(4.50666002721924,3.24044307394366,1.43375584325533));
#5203=CARTESIAN_POINT('',(4.87449487316792,3.3765781919009,1.34346976989797));
#5204=CARTESIAN_POINT('',(5.05302660295122,3.37519105566493,1.29964866640719));
#5205=CARTESIAN_POINT('',(4.28941802189451,2.77499999999999,1.56397083403534));
#5206=CARTESIAN_POINT('',(4.28757400818801,2.95402871036827,1.56442345226498));
#5207=CARTESIAN_POINT('',(4.47428493560056,3.30862287583536,1.51859474224838));
#5208=CARTESIAN_POINT('',(4.87498969191529,3.45449239601909,1.42024065910008));
#5209=CARTESIAN_POINT('',(5.07082758338531,3.453455060059,1.37217171068436));
#5210=CARTESIAN_POINT('',(3.98492680327669,2.775,1.29478120643103));
#5211=CARTESIAN_POINT('',(4.34401011895324,2.775,1.47101733326869));
#5212=CARTESIAN_POINT('',(3.98492680327669,-2.775,1.29478120643103));
#5213=CARTESIAN_POINT('',(3.98492680327669,-2.775,1.29478120643103));
#5214=CARTESIAN_POINT('',(4.34401011895324,-2.775,1.47101733326869));
#5215=CARTESIAN_POINT('',(4.85038823310528,-2.775,1.57598667131223));
#5216=CARTESIAN_POINT('',(4.85038823310528,-3.685,1.57598667131223));
#5217=CARTESIAN_POINT('',(4.83288314041598,-3.2890315145173,1.62986180689882));
#5218=CARTESIAN_POINT('',(7.94132191106453,-3.685,2.58029190303081));
#5219=CARTESIAN_POINT('',(7.94132191106453,-3.685,2.58029190303081));
#5220=CARTESIAN_POINT('',(7.92381681837523,-3.2890315145173,2.6341670386174));
#5221=CARTESIAN_POINT('',(7.94132191106453,-2.775,2.58029190303081));
#5222=CARTESIAN_POINT('',(8.80678334089312,-2.775,2.86149736791201));
#5223=CARTESIAN_POINT('',(8.41268983983797,-2.775,2.79301151224754));
#5224=CARTESIAN_POINT('',(8.80678334089312,2.775,2.86149736791201));
#5225=CARTESIAN_POINT('',(8.80678334089312,2.775,2.86149736791201));
#5226=CARTESIAN_POINT('',(8.41268983983797,2.775,2.79301151224754));
#5227=CARTESIAN_POINT('',(7.87989434986575,3.30553882144625,2.64732894752468));
#5228=CARTESIAN_POINT('',(8.02840651239854,3.30652721415598,2.65825905348262));
#5229=CARTESIAN_POINT('',(8.31987803755934,3.18814163311264,2.6797105938775));
#5230=CARTESIAN_POINT('',(8.43992172691048,2.91315879814412,2.68854549481639));
#5231=CARTESIAN_POINT('',(8.43902949783148,2.775,2.6884798290944));
#5232=CARTESIAN_POINT('',(7.87212973011884,3.28293559088691,2.7528302550422));
#5233=CARTESIAN_POINT('',(8.01507791875494,3.28389942548319,2.76335086710279));
#5234=CARTESIAN_POINT('',(8.29507328896115,3.16986519982025,2.78395779256849));
#5235=CARTESIAN_POINT('',(8.40955383084005,2.90692724978702,2.79238326043269));
#5236=CARTESIAN_POINT('',(8.40872261599472,2.775,2.7923220851984));
#5237=CARTESIAN_POINT('',(7.8641905483307,3.2843751167803,2.86070341387781));
#5238=CARTESIAN_POINT('',(8.00749308828293,3.28534051540258,2.87125010526663));
#5239=CARTESIAN_POINT('',(8.28821933729728,3.17102916613445,2.8919108214972));
#5240=CARTESIAN_POINT('',(8.40305417785996,2.90732411673895,2.90036236481602));
#5241=CARTESIAN_POINT('',(8.40221907721746,2.775,2.90030090359725));
#5242=CARTESIAN_POINT('',(7.8539337949647,3.33060380405388,3.0000664382465));
#5243=CARTESIAN_POINT('',(8.00861591221175,3.33161942953836,3.01145063670186));
#5244=CARTESIAN_POINT('',(8.31281347773156,3.20840858041476,3.03383878031616));
#5245=CARTESIAN_POINT('',(8.43902620536538,2.92006903386371,3.04312770630548));
#5246=CARTESIAN_POINT('',(8.43806631690022,2.775,3.04305706102999));
#5247=CARTESIAN_POINT('',(7.84402895786011,3.45078430633516,3.1346478214097));
#5248=CARTESIAN_POINT('',(8.02829450902485,3.45193050635856,3.14820928307235));
#5249=CARTESIAN_POINT('',(8.39351034638351,3.30558366904751,3.17508821158395));
#5250=CARTESIAN_POINT('',(8.5493021138682,2.95320193535672,3.18655407738876));
#5251=CARTESIAN_POINT('',(8.54801781508358,2.775,3.18645955636394));
#5252=CARTESIAN_POINT('',(7.83869593124094,3.64387605072221,3.20711000239084));
#5253=CARTESIAN_POINT('',(8.07049262723932,3.64523204239248,3.22416963174879));
#5254=CARTESIAN_POINT('',(8.53374537012935,3.46171304959505,3.25826381958305));
#5255=CARTESIAN_POINT('',(8.73706122258348,3.00643594274102,3.27322733349565));
#5256=CARTESIAN_POINT('',(8.73525569986245,2.775,3.27309445175508));
#5257=CARTESIAN_POINT('',(7.84114889449722,3.84746082062872,3.17378051050639));
#5258=CARTESIAN_POINT('',(8.12305968115811,3.84903800448041,3.19452840560354));
#5259=CARTESIAN_POINT('',(8.68967686833485,3.6263268403882,3.23622994565101));
#5260=CARTESIAN_POINT('',(8.94309936793879,3.06256280191326,3.25488117747979));
#5261=CARTESIAN_POINT('',(8.94074429683853,2.775,3.25470785041871));
#5262=CARTESIAN_POINT('',(7.84913354914955,3.99175063932746,3.06528949184245));
#5263=CARTESIAN_POINT('',(8.16656247923149,3.99348459217404,3.08865142921331));
#5264=CARTESIAN_POINT('',(8.80643876596128,3.74299614742803,3.13574464699841));
#5265=CARTESIAN_POINT('',(9.09537413342926,3.10234246881963,3.15700953283371));
#5266=CARTESIAN_POINT('',(9.09262957230952,2.775,3.15680754032793));
#5267=CARTESIAN_POINT('',(7.85852674620136,4.06446117855375,2.93765998736796));
#5268=CARTESIAN_POINT('',(8.19385398251007,4.06627413044723,2.96233919317118));
#5269=CARTESIAN_POINT('',(8.87064700168684,3.80178815577989,3.01214938571701));
#5270=CARTESIAN_POINT('',(9.17747801692236,3.12238824236824,3.03473134432905));
#5271=CARTESIAN_POINT('',(9.17453718395476,2.775,3.03451490672963));
#5272=CARTESIAN_POINT('',(7.86629136594819,4.08706440911309,2.83215867985044));
#5273=CARTESIAN_POINT('',(8.20718257615371,4.08890191912001,2.857247379551));
#5274=CARTESIAN_POINT('',(8.89545175028501,3.82006458907228,2.90790218702603));
#5275=CARTESIAN_POINT('',(9.20784591299277,3.12861979072534,2.93089357871273));
#5276=CARTESIAN_POINT('',(9.20484406579152,2.775,2.93067265062562));
#5277=CARTESIAN_POINT('',(7.87423054773629,4.0856248832197,2.72428552101482));
#5278=CARTESIAN_POINT('',(8.21476740662576,4.08746082920063,2.74934814138716));
#5279=CARTESIAN_POINT('',(8.90230570194888,3.81890062275808,2.79994915809733));
#5280=CARTESIAN_POINT('',(9.21434556597287,3.1282229237734,2.82291447432941));
#5281=CARTESIAN_POINT('',(9.2113476045688,2.775,2.82269383222678));
#5282=CARTESIAN_POINT('',(7.88448730110234,4.03939619594612,2.58492249664614));
#5283=CARTESIAN_POINT('',(8.21364458269689,4.04118191506484,2.60914760995193));
#5284=CARTESIAN_POINT('',(8.87771156151464,3.78152120847778,2.65802119927836));
#5285=CARTESIAN_POINT('',(9.17837353846744,3.11547800664864,2.68014913283995));
#5286=CARTESIAN_POINT('',(9.17550036488602,2.775,2.67993767479403));
#5287=CARTESIAN_POINT('',(7.89439213820702,3.91921569366484,2.45034111348295));
#5288=CARTESIAN_POINT('',(8.19396598588374,3.92087083824464,2.47238896358143));
#5289=CARTESIAN_POINT('',(8.79701469286267,3.68434611984501,2.51677176801058));
#5290=CARTESIAN_POINT('',(9.06809762996463,3.08234510515563,2.53672276175667));
#5291=CARTESIAN_POINT('',(9.06554886670266,2.775,2.53653517946008));
#5292=CARTESIAN_POINT('',(7.89972516482611,3.72612394927779,2.3778789325018));
#5293=CARTESIAN_POINT('',(8.15176786766932,3.72756930221072,2.396428614905));
#5294=CARTESIAN_POINT('',(8.65677966911684,3.52821673929748,2.43359616001148));
#5295=CARTESIAN_POINT('',(8.88033852124934,3.02911109777134,2.45004950564978));
#5296=CARTESIAN_POINT('',(8.87831098192379,2.775,2.44990028406894));
#5297=CARTESIAN_POINT('',(7.89727220156973,3.52253917937128,2.41120842438624));
#5298=CARTESIAN_POINT('',(8.09920081375058,3.52376334012279,2.42606984105025));
#5299=CARTESIAN_POINT('',(8.50084817091129,3.36360294850433,2.45563003394351));
#5300=CARTESIAN_POINT('',(8.67430037589406,2.9729842385991,2.46839566166565));
#5301=CARTESIAN_POINT('',(8.67282238494772,2.775,2.46828688540532));
#5302=CARTESIAN_POINT('',(7.88928754691759,3.37824936067255,2.51969944305019));
#5303=CARTESIAN_POINT('',(8.05569801567707,3.37931675242916,2.53194681744048));
#5304=CARTESIAN_POINT('',(8.38408627328496,3.24693364146451,2.55611533259612));
#5305=CARTESIAN_POINT('',(8.52202561040355,2.93320457169273,2.56626730631172));
#5306=CARTESIAN_POINT('',(8.52093710947673,2.775,2.56618719549609));
#5307=CARTESIAN_POINT('',(7.87989434986575,3.30553882144625,2.64732894752468));
#5308=CARTESIAN_POINT('',(8.02840651239854,3.30652721415598,2.65825905348262));
#5309=CARTESIAN_POINT('',(8.31987803755934,3.18814163311264,2.6797105938775));
#5310=CARTESIAN_POINT('',(8.43992172691048,2.91315879814412,2.68854549481639));
#5311=CARTESIAN_POINT('',(8.43902949783148,2.775,2.6884798290944));
#5312=CARTESIAN_POINT('',(7.87212973011884,3.28293559088691,2.7528302550422));
#5313=CARTESIAN_POINT('',(8.01507791875494,3.28389942548319,2.76335086710279));
#5314=CARTESIAN_POINT('',(8.29507328896115,3.16986519982025,2.78395779256849));
#5315=CARTESIAN_POINT('',(8.40955383084005,2.90692724978702,2.79238326043269));
#5316=CARTESIAN_POINT('',(8.40872261599472,2.775,2.7923220851984));
#5317=CARTESIAN_POINT('',(7.8641905483307,3.2843751167803,2.86070341387781));
#5318=CARTESIAN_POINT('',(8.00749308828293,3.28534051540258,2.87125010526663));
#5319=CARTESIAN_POINT('',(8.28821933729728,3.17102916613445,2.8919108214972));
#5320=CARTESIAN_POINT('',(8.40305417785996,2.90732411673895,2.90036236481602));
#5321=CARTESIAN_POINT('',(8.40221907721746,2.775,2.90030090359725));
#5322=CARTESIAN_POINT('',(7.8692105480335,3.685,2.79249446744632));
#5323=CARTESIAN_POINT('',(7.87210063644527,3.28694271696236,2.75322556359521));
#5324=CARTESIAN_POINT('',(4.42313543623118,3.685,2.53887237031641));
#5325=CARTESIAN_POINT('',(4.42313543623118,3.685,2.53887237031641));
#5326=CARTESIAN_POINT('',(4.42602552464295,3.28694271696237,2.4996034664653));
#5327=CARTESIAN_POINT('',(3.77890265315713,2.775,2.3455067060798));
#5328=CARTESIAN_POINT('',(3.77666223023436,2.90241177702911,2.34534181682413));
#5329=CARTESIAN_POINT('',(3.91894885777688,3.1801462372639,2.35581373972196));
#5330=CARTESIAN_POINT('',(4.26618684557743,3.30714846121954,2.38136954562056));
#5331=CARTESIAN_POINT('',(4.43381923806341,3.30553882144625,2.39370685039477));
#5332=CARTESIAN_POINT('',(3.79368029550001,2.775,2.45266706501082));
#5333=CARTESIAN_POINT('',(3.79141916860096,2.8945926479298,2.45250065199674));
#5334=CARTESIAN_POINT('',(3.92605268750349,3.16043940695477,2.46240932615511));
#5335=CARTESIAN_POINT('',(4.26355876749857,3.2846498560991,2.48724888914355));
#5336=CARTESIAN_POINT('',(4.42605461831647,3.28293559088691,2.49920815791228));
#5337=CARTESIAN_POINT('',(3.78430547070116,2.775,2.56043456428323));
#5338=CARTESIAN_POINT('',(3.7820456623707,2.89509062271145,2.56026824831235));
#5339=CARTESIAN_POINT('',(3.91716658275433,3.16169447058084,2.57021279394239));
#5340=CARTESIAN_POINT('',(4.25529245615643,3.28608271874017,2.5950979721013));
#5341=CARTESIAN_POINT('',(4.41811543652841,3.2843751167803,2.60708131674791));
#5342=CARTESIAN_POINT('',(3.72794472428622,2.775,2.69640445558784));
#5343=CARTESIAN_POINT('',(3.7257272602411,2.9110824993122,2.69624125604539));
#5344=CARTESIAN_POINT('',(3.87650050806794,3.2019993682866,2.70733777195534));
#5345=CARTESIAN_POINT('',(4.23453032048148,3.33209742347337,2.73368782786341));
#5346=CARTESIAN_POINT('',(4.40785868316232,3.33060380405388,2.74644434111659));
#5347=CARTESIAN_POINT('',(3.59818355189374,2.775,2.82216472658029));
#5348=CARTESIAN_POINT('',(3.59607617008932,2.95265650618211,2.82200962880227));
#5349=CARTESIAN_POINT('',(3.78754070042789,3.30677982250992,2.83610091646578));
#5350=CARTESIAN_POINT('',(4.19731469007958,3.45172163634433,2.86625920821309));
#5351=CARTESIAN_POINT('',(4.39795384605776,3.45078430633516,2.88102572427979));
#5352=CARTESIAN_POINT('',(3.40027961387644,2.775,2.88045419315143));
#5353=CARTESIAN_POINT('',(3.39834909913017,3.01945267823406,2.88031211232536));
#5354=CARTESIAN_POINT('',(3.65519154495748,3.47512860038653,2.89921504323354));
#5355=CARTESIAN_POINT('',(4.14810192741103,3.64391960103681,2.93549195561624));
#5356=CARTESIAN_POINT('',(4.39262081943855,3.64387605072221,2.95348790526093));
#5357=CARTESIAN_POINT('',(3.19969694341314,2.775,2.83218181071891));
#5358=CARTESIAN_POINT('',(3.19795290706579,3.08987869961058,2.8320534542143));
#5359=CARTESIAN_POINT('',(3.52372604655888,3.65262581714661,2.85602950353021));
#5360=CARTESIAN_POINT('',(4.10429063428754,3.84656202131546,2.89875753570656));
#5361=CARTESIAN_POINT('',(4.39507378269494,3.84746082062872,2.92015841337648));
#5362=CARTESIAN_POINT('',(3.06378097724657,2.775,2.7131000834818));
#5363=CARTESIAN_POINT('',(3.062169106652,3.13979283543104,2.71298145403023));
#5364=CARTESIAN_POINT('',(3.43679657496539,3.77842619621034,2.7405530539152));
#5365=CARTESIAN_POINT('',(4.07948569879334,3.99018395382104,2.78785328913924));
#5366=CARTESIAN_POINT('',(4.40305843734714,3.99175063932746,2.81166739471254));
#5367=CARTESIAN_POINT('',(3.00065975970493,2.775,2.58013370813112));
#5368=CARTESIAN_POINT('',(2.99911449008913,3.16494557152324,2.58001998033704));
#5369=CARTESIAN_POINT('',(3.39836063644993,3.84181953524901,2.60940345040836));
#5370=CARTESIAN_POINT('',(4.07235556244535,4.06255793177306,2.65900771062907));
#5371=CARTESIAN_POINT('',(4.41245163439895,4.06446117855375,2.68403789023805));
#5372=CARTESIAN_POINT('',(2.98588211736205,2.775,2.4729733492001));
#5373=CARTESIAN_POINT('',(2.98435755172253,3.17276470062254,2.47286114516443));
#5374=CARTESIAN_POINT('',(3.39125680672331,3.86152636555814,2.5028078639752));
#5375=CARTESIAN_POINT('',(4.07498364052422,4.08505653689349,2.55312836710609));
#5376=CARTESIAN_POINT('',(4.42021625414589,4.08706440911309,2.57853658272053));
#5377=CARTESIAN_POINT('',(2.99525694216091,2.775,2.36520584992769));
#5378=CARTESIAN_POINT('',(2.99373105795279,3.17226672584091,2.36509354884883));
#5379=CARTESIAN_POINT('',(3.40014291147249,3.86027130193207,2.39500439618793));
#5380=CARTESIAN_POINT('',(4.08324995186635,4.08362367425243,2.44527928414833));
#5381=CARTESIAN_POINT('',(4.42815543593395,4.0856248832197,2.47066342388491));
#5382=CARTESIAN_POINT('',(3.05161768857584,2.775,2.22923595862308));
#5383=CARTESIAN_POINT('',(3.05004946008239,3.15627484924015,2.22912054111578));
#5384=CARTESIAN_POINT('',(3.44080898615887,3.8199664042263,2.25787941817497));
#5385=CARTESIAN_POINT('',(4.10401208754131,4.03760896951923,2.30668942838622));
#5386=CARTESIAN_POINT('',(4.43841218930003,4.03939619594612,2.33130039951623));
#5387=CARTESIAN_POINT('',(3.18137886096833,2.775,2.10347568763063));
#5388=CARTESIAN_POINT('',(3.17970055023417,3.11470084237024,2.10335216835891));
#5389=CARTESIAN_POINT('',(3.52976879379891,3.71518595000297,2.12911627366452));
#5390=CARTESIAN_POINT('',(4.14122771794321,3.91798475664827,2.17411804803655));
#5391=CARTESIAN_POINT('',(4.4483170264046,3.91921569366484,2.19671901635303));
#5392=CARTESIAN_POINT('',(3.37928279898562,2.775,2.0451862210595));
#5393=CARTESIAN_POINT('',(3.37742762119331,3.04790467031828,2.04504968483581));
#5394=CARTESIAN_POINT('',(3.66211794926933,3.54683717212637,2.06600214689678));
#5395=CARTESIAN_POINT('',(4.19044048061176,3.72578679195579,2.1048853006334));
#5396=CARTESIAN_POINT('',(4.45365005302381,3.72612394927779,2.12425683537189));
#5397=CARTESIAN_POINT('',(3.57986546944892,2.775,2.09345860349201));
#5398=CARTESIAN_POINT('',(3.5778238132577,2.97747864894177,2.09330834294687));
#5399=CARTESIAN_POINT('',(3.79358344766792,3.36933995536629,2.1091876866001));
#5400=CARTESIAN_POINT('',(4.23425177373524,3.52314437167714,2.14161972054307));
#5401=CARTESIAN_POINT('',(4.45119708976742,3.52253917937128,2.15758632725634));
#5402=CARTESIAN_POINT('',(3.71578143561549,2.775,2.21254033072912));
#5403=CARTESIAN_POINT('',(3.71360761367149,2.9275645131213,2.21238034313094));
#5404=CARTESIAN_POINT('',(3.88051291926141,3.24353957630256,2.22466413621511));
#5405=CARTESIAN_POINT('',(4.25905670922945,3.37952243917156,2.2525239671104));
#5406=CARTESIAN_POINT('',(4.44321243511521,3.37824936067255,2.26607734592028));
#5407=CARTESIAN_POINT('',(3.77890265315713,2.775,2.3455067060798));
#5408=CARTESIAN_POINT('',(3.77666223023436,2.90241177702911,2.34534181682413));
#5409=CARTESIAN_POINT('',(3.91894885777688,3.1801462372639,2.35581373972196));
#5410=CARTESIAN_POINT('',(4.26618684557743,3.30714846121954,2.38136954562056));
#5411=CARTESIAN_POINT('',(4.43381923806341,3.30553882144625,2.39370685039477));
#5412=CARTESIAN_POINT('',(3.79368029550001,2.775,2.45266706501082));
#5413=CARTESIAN_POINT('',(3.79141916860096,2.8945926479298,2.45250065199674));
#5414=CARTESIAN_POINT('',(3.92605268750349,3.16043940695477,2.46240932615511));
#5415=CARTESIAN_POINT('',(4.26355876749857,3.2846498560991,2.48724888914355));
#5416=CARTESIAN_POINT('',(4.42605461831647,3.28293559088691,2.49920815791228));
#5417=CARTESIAN_POINT('',(3.78430547070116,2.775,2.56043456428323));
#5418=CARTESIAN_POINT('',(3.7820456623707,2.89509062271145,2.56026824831235));
#5419=CARTESIAN_POINT('',(3.91716658275433,3.16169447058084,2.57021279394239));
#5420=CARTESIAN_POINT('',(4.25529245615643,3.28608271874017,2.5950979721013));
#5421=CARTESIAN_POINT('',(4.41811543652841,3.2843751167803,2.60708131674791));
#5422=CARTESIAN_POINT('',(3.38978120643103,2.775,2.46282020710546));
#5423=CARTESIAN_POINT('',(3.78965488430972,2.775,2.45276825506772));
#5424=CARTESIAN_POINT('',(3.38978120643103,-2.775,2.46282020710546));
#5425=CARTESIAN_POINT('',(3.38978120643103,-2.775,2.46282020710546));
#5426=CARTESIAN_POINT('',(3.78965488430972,-2.775,2.45276825506772));
#5427=CARTESIAN_POINT('',(4.12598667131223,-2.775,2.99770478669161));
#5428=CARTESIAN_POINT('',(4.12598667131223,-3.685,2.99770478669161));
#5429=CARTESIAN_POINT('',(4.2689196164612,-3.36740378815746,2.80097446514887));
#5430=CARTESIAN_POINT('',(6.75529190303081,-3.685,4.90800685664215));
#5431=CARTESIAN_POINT('',(6.75529190303081,-3.685,4.90800685664215));
#5432=CARTESIAN_POINT('',(6.89822484817978,-3.36740378815746,4.71127653509941));
#5433=CARTESIAN_POINT('',(6.75529190303081,-2.775,4.90800685664215));
#5434=CARTESIAN_POINT('',(7.49149736791201,-2.775,5.4428914362283));
#5435=CARTESIAN_POINT('',(7.37748958033127,-2.775,5.05948274518056));
#5436=CARTESIAN_POINT('',(7.49149736791201,2.775,5.4428914362283));
#5437=CARTESIAN_POINT('',(7.49149736791201,2.775,5.4428914362283));
#5438=CARTESIAN_POINT('',(7.37748958033127,2.775,5.05948274518056));
#5439=CARTESIAN_POINT('',(6.76208979056796,3.5233820803253,4.74230144617601));
#5440=CARTESIAN_POINT('',(6.94973549581777,3.52460715687764,4.8189135063076));
#5441=CARTESIAN_POINT('',(7.32298751057623,3.3642844981181,4.97130498129937));
#5442=CARTESIAN_POINT('',(7.48419814899022,2.97321662033949,5.0371241222575));
#5443=CARTESIAN_POINT('',(7.48282399759773,2.775,5.03656308320269));
#5444=CARTESIAN_POINT('',(6.74020602731909,3.43200440654788,4.79590128647924));
#5445=CARTESIAN_POINT('',(6.9069708228797,3.43313020245656,4.86398808083627));
#5446=CARTESIAN_POINT('',(7.2371542396111,3.29039868985618,4.99879549219366));
#5447=CARTESIAN_POINT('',(7.37748706980521,2.94802445183913,5.05609063364629));
#5448=CARTESIAN_POINT('',(7.37634189732712,2.775,5.05562308219002));
#5449=CARTESIAN_POINT('',(6.71120206573728,3.35575543180254,4.86694060870491));
#5450=CARTESIAN_POINT('',(6.8605430433155,3.35679838420056,4.9279136000084));
#5451=CARTESIAN_POINT('',(7.15478839872917,3.22874558691195,5.04804820597962));
#5452=CARTESIAN_POINT('',(7.27769999892381,2.92700315702653,5.09823060100136));
#5453=CARTESIAN_POINT('',(7.2767458950814,2.775,5.09784105912056));
#5454=CARTESIAN_POINT('',(6.66175274370166,3.28830172025838,4.98805669527879));
#5455=CARTESIAN_POINT('',(6.79567972789692,3.28927138508382,5.04273645548302));
#5456=CARTESIAN_POINT('',(7.05813245095486,3.17420412408322,5.14989075338623));
#5457=CARTESIAN_POINT('',(7.1656323472275,2.90840665312193,5.19378085205069));
#5458=CARTESIAN_POINT('',(7.16484727239407,2.775,5.19346032139819));
#5459=CARTESIAN_POINT('',(6.59360645677477,3.27603091474049,5.15496720582498));
#5460=CARTESIAN_POINT('',(6.72472941268565,3.27698724749672,5.20850213629144));
#5461=CARTESIAN_POINT('',(6.98139859619315,3.16428224331921,5.31329512846042));
#5462=CARTESIAN_POINT('',(7.08609488066747,2.90502368015421,5.3560405674302));
#5463=CARTESIAN_POINT('',(7.08534055465495,2.775,5.35573259091803));
#5464=CARTESIAN_POINT('',(6.52225396978712,3.35927868134326,5.32973065323956));
#5465=CARTESIAN_POINT('',(6.67240005273114,3.36032546170567,5.39103235326898));
#5466=CARTESIAN_POINT('',(6.96830600434896,3.23159440248434,5.51184494809198));
#5467=CARTESIAN_POINT('',(7.09202259032603,2.92797449162533,5.56235600301607));
#5468=CARTESIAN_POINT('',(7.09105965774218,2.775,5.56196285653337));
#5469=CARTESIAN_POINT('',(6.47613176283332,3.52563622142157,5.44269764612112));
#5470=CARTESIAN_POINT('',(6.6642925667359,3.52686374706862,5.5195200109272));
#5471=CARTESIAN_POINT('',(7.03860701493965,3.36610714286217,5.67234525665136));
#5472=CARTESIAN_POINT('',(7.20033267549814,2.9738380708533,5.73837467104712));
#5473=CARTESIAN_POINT('',(7.19895287556198,2.775,5.73781132580277));
#5474=CARTESIAN_POINT('',(6.46595586809778,3.70432271629233,5.46762143672171));
#5475=CARTESIAN_POINT('',(6.69494870905971,3.70574438247163,5.56111472119695));
#5476=CARTESIAN_POINT('',(7.15348260061674,3.51058878212096,5.74832511338551));
#5477=CARTESIAN_POINT('',(7.35603423339775,3.02310065438643,5.83102297129653));
#5478=CARTESIAN_POINT('',(7.35420667157488,2.775,5.83027681365824));
#5479=CARTESIAN_POINT('',(6.48018165476582,3.8466179196747,5.43277825710386));
#5480=CARTESIAN_POINT('',(6.7416906801326,3.84819418772553,5.53954726175377));
#5481=CARTESIAN_POINT('',(7.26729188323648,3.62564529077439,5.75413992148875));
#5482=CARTESIAN_POINT('',(7.50235487075016,3.06233042017291,5.85011152771405));
#5483=CARTESIAN_POINT('',(7.5001707382263,2.775,5.84921978925391));
#5484=CARTESIAN_POINT('',(6.50206541801468,3.93799559345212,5.37917841680062));
#5485=CARTESIAN_POINT('',(6.78445535307067,3.93967114214662,5.49447268722509));
#5486=CARTESIAN_POINT('',(7.35312515420159,3.69953109903632,5.72664941059447));
#5487=CARTESIAN_POINT('',(7.60906594993517,3.08752258867327,5.83114501632525));
#5488=CARTESIAN_POINT('',(7.60665283849691,2.775,5.83015979026657));
#5489=CARTESIAN_POINT('',(6.53106937959651,4.01424456819747,5.30813909457496));
#5490=CARTESIAN_POINT('',(6.83088313263486,4.01600296040261,5.43054716805295));
#5491=CARTESIAN_POINT('',(7.43549099508352,3.76118420198054,5.67739669680852));
#5492=CARTESIAN_POINT('',(7.70885302081658,3.10854388348587,5.78900504897019));
#5493=CARTESIAN_POINT('',(7.70624884074264,2.775,5.78794181333604));
#5494=CARTESIAN_POINT('',(6.58051870163211,4.08169827974163,5.18702300800107));
#5495=CARTESIAN_POINT('',(6.89574644805344,4.08352995951936,5.31572431257834));
#5496=CARTESIAN_POINT('',(7.53214694285783,3.81572566480927,5.57555414940188));
#5497=CARTESIAN_POINT('',(7.82092067251289,3.12714038739047,5.69345479792086));
#5498=CARTESIAN_POINT('',(7.81814746342996,2.775,5.69232255105841));
#5499=CARTESIAN_POINT('',(6.64866498855901,4.09396908525951,5.02011249745489));
#5500=CARTESIAN_POINT('',(6.96669676326471,4.09581409710644,5.14995863176991));
#5501=CARTESIAN_POINT('',(7.60888079761954,3.82564754557329,5.41214977432771));
#5502=CARTESIAN_POINT('',(7.90045813907291,3.13052336035819,5.53119508254134));
#5503=CARTESIAN_POINT('',(7.89765418116908,2.775,5.53005028153858));
#5504=CARTESIAN_POINT('',(6.72001747554665,4.01072131865674,4.84534905004031));
#5505=CARTESIAN_POINT('',(7.01902612321923,4.0124758828975,4.96742841479239));
#5506=CARTESIAN_POINT('',(7.62197338946373,3.75833538640815,5.21359995469614));
#5507=CARTESIAN_POINT('',(7.89453042941436,3.10757254888706,5.32487964695547));
#5508=CARTESIAN_POINT('',(7.89193507808185,2.775,5.32382001592323));
#5509=CARTESIAN_POINT('',(6.76613968250046,3.84436377857843,4.73238205715874));
#5510=CARTESIAN_POINT('',(7.02713360921445,3.84593759753456,4.83894075713416));
#5511=CARTESIAN_POINT('',(7.55167237887305,3.62382264603032,5.05309964613676));
#5512=CARTESIAN_POINT('',(7.78622034424223,3.0617089696591,5.14886097892443));
#5513=CARTESIAN_POINT('',(7.78404186026205,2.775,5.14797154665384));
#5514=CARTESIAN_POINT('',(6.776315577236,3.66567728370767,4.70745826655816));
#5515=CARTESIAN_POINT('',(6.99647746689065,3.66705696213154,4.79734604686441));
#5516=CARTESIAN_POINT('',(7.43679679319595,3.47934100677153,4.97711978940261));
#5517=CARTESIAN_POINT('',(7.63051878634263,3.01244638612597,5.05621267867501));
#5518=CARTESIAN_POINT('',(7.62878806424915,2.775,5.05550605879835));
#5519=CARTESIAN_POINT('',(6.76208979056796,3.5233820803253,4.74230144617601));
#5520=CARTESIAN_POINT('',(6.94973549581777,3.52460715687764,4.8189135063076));
#5521=CARTESIAN_POINT('',(7.32298751057623,3.3642844981181,4.97130498129937));
#5522=CARTESIAN_POINT('',(7.48419814899022,2.97321662033949,5.0371241222575));
#5523=CARTESIAN_POINT('',(7.48282399759773,2.775,5.03656308320269));
#5524=CARTESIAN_POINT('',(6.74020602731909,3.43200440654788,4.79590128647924));
#5525=CARTESIAN_POINT('',(6.9069708228797,3.43313020245656,4.86398808083627));
#5526=CARTESIAN_POINT('',(7.2371542396111,3.29039868985618,4.99879549219366));
#5527=CARTESIAN_POINT('',(7.37748706980521,2.94802445183913,5.05609063364629));
#5528=CARTESIAN_POINT('',(7.37634189732712,2.775,5.05562308219002));
#5529=CARTESIAN_POINT('',(6.71120206573728,3.35575543180254,4.86694060870491));
#5530=CARTESIAN_POINT('',(6.8605430433155,3.35679838420056,4.9279136000084));
#5531=CARTESIAN_POINT('',(7.15478839872917,3.22874558691195,5.04804820597962));
#5532=CARTESIAN_POINT('',(7.27769999892381,2.92700315702653,5.09823060100136));
#5533=CARTESIAN_POINT('',(7.2767458950814,2.775,5.09784105912056));
#5534=CARTESIAN_POINT('',(6.62113572266689,3.685,5.08753985163993));
#5535=CARTESIAN_POINT('',(6.73901932759693,3.43452585638656,4.79880786679965));
#5536=CARTESIAN_POINT('',(3.42209707010689,3.685,3.78143513004862));
#5537=CARTESIAN_POINT('',(3.42209707010689,3.685,3.78143513004862));
#5538=CARTESIAN_POINT('',(3.53998067503693,3.43452585638656,3.49270314520834));
#5539=CARTESIAN_POINT('',(2.75340171322189,2.775,3.10563274852879));
#5540=CARTESIAN_POINT('',(2.7511671547302,2.97672064718281,3.10472042213527));
#5541=CARTESIAN_POINT('',(2.95230799765096,3.37086329513168,3.18684228222387));
#5542=CARTESIAN_POINT('',(3.36186315634403,3.52392823108537,3.35405561867203));
#5543=CARTESIAN_POINT('',(3.56305113800796,3.5233820803253,3.4361967245847));
#5544=CARTESIAN_POINT('',(2.81611628699476,2.775,3.19377243014793));
#5545=CARTESIAN_POINT('',(2.81385098837143,2.94525511771937,3.19284755316174));
#5546=CARTESIAN_POINT('',(2.98618890597369,3.29109197446177,3.26320974391216));
#5547=CARTESIAN_POINT('',(3.35922276653542,3.43298458428907,3.41551215082535));
#5548=CARTESIAN_POINT('',(3.54116737475909,3.43200440654788,3.48979656488793));
#5549=CARTESIAN_POINT('',(2.85770436607686,2.775,3.29363309766873));
#5550=CARTESIAN_POINT('',(2.85541341672918,2.91899909409536,3.29269774799502));
#5551=CARTESIAN_POINT('',(3.00371708795139,3.22452777815734,3.35324722746364));
#5552=CARTESIAN_POINT('',(3.34627620097614,3.35709777801394,3.49310739282546));
#5553=CARTESIAN_POINT('',(3.51216341317728,3.35575543180254,3.5608358871136));
#5554=CARTESIAN_POINT('',(2.87070434469295,2.775,3.44024600853887));
#5555=CARTESIAN_POINT('',(2.86839070341314,2.89577168350073,3.43930139419445));
#5556=CARTESIAN_POINT('',(2.99543246091236,3.16564171297832,3.49117005141623));
#5557=CARTESIAN_POINT('',(3.31103206613251,3.2899644590731,3.62002317864577));
#5558=CARTESIAN_POINT('',(3.46271409114167,3.28830172025838,3.68195197368749));
#5559=CARTESIAN_POINT('',(2.81391848857828,2.775,3.6117947601114));
#5560=CARTESIAN_POINT('',(2.81160071930788,2.89154628164268,3.61084846038941));
#5561=CARTESIAN_POINT('',(2.93477462725131,3.15492948622336,3.66113795051885));
#5562=CARTESIAN_POINT('',(3.24546990816438,3.27775193760267,3.78798873834915));
#5563=CARTESIAN_POINT('',(3.39456780421477,3.27603091474049,3.84886248423367));
#5564=CARTESIAN_POINT('',(2.66549441151577,2.775,3.75509138932521));
#5565=CARTESIAN_POINT('',(2.66320464741555,2.92021231071216,3.75415652356478));
#5566=CARTESIAN_POINT('',(2.81261887320983,3.22760352146854,3.81515942067781));
#5567=CARTESIAN_POINT('',(3.1565861381556,3.36060429277362,3.95559450684316));
#5568=CARTESIAN_POINT('',(3.32321531722713,3.35927868134326,4.02362593164825));
#5569=CARTESIAN_POINT('',(2.46535677978836,2.775,3.80517690581895));
#5570=CARTESIAN_POINT('',(2.46312297960658,2.97749685148028,3.80426488902849));
#5571=CARTESIAN_POINT('',(2.66497434463814,3.37283112605573,3.88667684135559));
#5572=CARTESIAN_POINT('',(3.07543042535738,3.52617166543001,4.05425800659228));
#5573=CARTESIAN_POINT('',(3.27709311027332,3.52563622142157,4.13659292452982));
#5574=CARTESIAN_POINT('',(2.28975119430438,2.775,3.76255899916463));
#5575=CARTESIAN_POINT('',(2.28757750559347,3.0390268175721,3.76167152470843));
#5576=CARTESIAN_POINT('',(2.5457521885038,3.52882172083096,3.86707918274802));
#5577=CARTESIAN_POINT('',(3.02762465006803,3.70400943263315,4.06381825520347));
#5578=CARTESIAN_POINT('',(3.26691721553779,3.70432271629233,4.1615167151304));
#5579=CARTESIAN_POINT('',(2.17223870098904,2.775,3.67392966433328));
#5580=CARTESIAN_POINT('',(2.17011288144687,3.08802559078929,3.67306173391955));
#5581=CARTESIAN_POINT('',(2.47314007533473,3.65304327112403,3.79678179225356));
#5582=CARTESIAN_POINT('',(3.01188425764384,3.84562876022443,4.0167404725529));
#5583=CARTESIAN_POINT('',(3.28114300220582,3.8466179196747,4.12667353551255));
#5584=CARTESIAN_POINT('',(2.10952412721616,2.775,3.58578998271413));
#5585=CARTESIAN_POINT('',(2.10742904780563,3.11949112025272,3.58493460289308));
#5586=CARTESIAN_POINT('',(2.439259167012,3.73281459179394,3.72041433056527));
#5587=CARTESIAN_POINT('',(3.01452464745245,3.93657240702071,3.95528394039958));
#5588=CARTESIAN_POINT('',(3.30302676545469,3.93799559345212,4.07307369520931));
#5589=CARTESIAN_POINT('',(2.06793604813407,2.775,3.48592931519334));
#5590=CARTESIAN_POINT('',(2.06586661944789,3.14574714387673,3.48508440805981));
#5591=CARTESIAN_POINT('',(2.42173098503431,3.79937878809837,3.63037684701379));
#5592=CARTESIAN_POINT('',(3.02747121301173,4.01245921329585,3.87768869839948));
#5593=CARTESIAN_POINT('',(3.33203072703651,4.01424456819746,4.00203437298364));
#5594=CARTESIAN_POINT('',(2.05493606951797,2.775,3.33931640432318));
#5595=CARTESIAN_POINT('',(2.05288933276393,3.16897455447136,3.33848076186037));
#5596=CARTESIAN_POINT('',(2.43001561207333,3.85826485327739,3.4924540230612));
#5597=CARTESIAN_POINT('',(3.06271534785537,4.07959253223669,3.75077291257917));
#5598=CARTESIAN_POINT('',(3.38148004907212,4.08169827974162,3.88091828640976));
#5599=CARTESIAN_POINT('',(2.11172192563264,2.775,3.16776765275066));
#5600=CARTESIAN_POINT('',(2.10967931686919,3.17319995632941,3.16693369566542));
#5601=CARTESIAN_POINT('',(2.49067344573438,3.86897708003235,3.32248612395857));
#5602=CARTESIAN_POINT('',(3.12827750582349,4.09180505370712,3.58280735287579));
#5603=CARTESIAN_POINT('',(3.44962633599901,4.09396908525951,3.71400777586357));
#5604=CARTESIAN_POINT('',(2.26014600269516,2.775,3.02447102353685));
#5605=CARTESIAN_POINT('',(2.25807538876152,3.14453392725994,3.02362563249004));
#5606=CARTESIAN_POINT('',(2.61282919977586,3.79630304478717,3.16846465379962));
#5607=CARTESIAN_POINT('',(3.21716127583227,4.00895269853618,3.41520158438177));
#5608=CARTESIAN_POINT('',(3.52097882298666,4.01072131865674,3.539244328449));
#5609=CARTESIAN_POINT('',(2.46028363442256,2.775,2.97438550704311));
#5610=CARTESIAN_POINT('',(2.45815705657049,3.08724938649181,2.97351726702633));
#5611=CARTESIAN_POINT('',(2.76047372834755,3.65107544019998,3.09694723312185));
#5612=CARTESIAN_POINT('',(3.29831698863049,3.84338532587978,3.31653808463265));
#5613=CARTESIAN_POINT('',(3.56710102994046,3.84436377857843,3.42627733556743));
#5614=CARTESIAN_POINT('',(2.63588921990654,2.775,3.01700341369743));
#5615=CARTESIAN_POINT('',(2.63370253058359,3.02571942039999,3.01611063134639));
#5616=CARTESIAN_POINT('',(2.87969588448189,3.49508484542474,3.11654489172941));
#5617=CARTESIAN_POINT('',(3.34612276391984,3.66554755867664,3.30697783602146));
#5618=CARTESIAN_POINT('',(3.577276924676,3.66567728370767,3.40135354496685));
#5619=CARTESIAN_POINT('',(2.75340171322189,2.775,3.10563274852879));
#5620=CARTESIAN_POINT('',(2.7511671547302,2.97672064718281,3.10472042213527));
#5621=CARTESIAN_POINT('',(2.95230799765096,3.37086329513168,3.18684228222387));
#5622=CARTESIAN_POINT('',(3.36186315634403,3.52392823108537,3.35405561867203));
#5623=CARTESIAN_POINT('',(3.56305113800796,3.5233820803253,3.4361967245847));
#5624=CARTESIAN_POINT('',(2.81611628699476,2.775,3.19377243014793));
#5625=CARTESIAN_POINT('',(2.81385098837143,2.94525511771937,3.19284755316174));
#5626=CARTESIAN_POINT('',(2.98618890597369,3.29109197446177,3.26320974391216));
#5627=CARTESIAN_POINT('',(3.35922276653542,3.43298458428907,3.41551215082535));
#5628=CARTESIAN_POINT('',(3.54116737475909,3.43200440654788,3.48979656488793));
#5629=CARTESIAN_POINT('',(2.85770436607686,2.775,3.29363309766873));
#5630=CARTESIAN_POINT('',(2.85541341672918,2.91899909409536,3.29269774799502));
#5631=CARTESIAN_POINT('',(3.00371708795139,3.22452777815734,3.35324722746364));
#5632=CARTESIAN_POINT('',(3.34627620097614,3.35709777801394,3.49310739282546));
#5633=CARTESIAN_POINT('',(3.51216341317728,3.35575543180254,3.5608358871136));
#5634=CARTESIAN_POINT('',(2.46282020710546,2.775,3.38978120643103));
#5635=CARTESIAN_POINT('',(2.8125952045463,2.775,3.1957259277982));
#5636=CARTESIAN_POINT('',(2.46282020710546,-2.775,3.38978120643103));
#5637=CARTESIAN_POINT('',(2.46282020710546,-2.775,3.38978120643103));
#5638=CARTESIAN_POINT('',(2.8125952045463,-2.775,3.19572592779821));
#5639=CARTESIAN_POINT('',(2.99770478669161,-2.775,4.12598667131223));
#5640=CARTESIAN_POINT('',(2.99770478669162,-3.685,4.12598667131224));
#5641=CARTESIAN_POINT('',(3.31891426325298,-3.63640143314576,3.89261432619207));
#5642=CARTESIAN_POINT('',(4.90800685664215,-3.685,6.75529190303082));
#5643=CARTESIAN_POINT('',(4.90800685664215,-3.685,6.75529190303081));
#5644=CARTESIAN_POINT('',(5.22921633320352,-3.63640143314576,6.52191955791064));
#5645=CARTESIAN_POINT('',(4.90800685664215,-2.775,6.75529190303081));
#5646=CARTESIAN_POINT('',(5.4428914362283,-2.775,7.49149736791201));
#5647=CARTESIAN_POINT('',(5.73553539191019,-2.775,7.2188079563045));
#5648=CARTESIAN_POINT('',(5.4428914362283,2.775,7.49149736791201));
#5649=CARTESIAN_POINT('',(5.4428914362283,2.775,7.49149736791201));
#5650=CARTESIAN_POINT('',(5.73553539191019,2.775,7.2188079563045));
#5651=CARTESIAN_POINT('',(4.96795294370858,3.83823051371751,6.59710598937725));
#5652=CARTESIAN_POINT('',(5.18208836345758,3.83979766896185,6.77812358971581));
#5653=CARTESIAN_POINT('',(5.61239107870203,3.61886343430162,7.14187641969605));
#5654=CARTESIAN_POINT('',(5.80471163625775,3.06001807257841,7.30445300728402));
#5655=CARTESIAN_POINT('',(5.80292730235249,2.775,7.30294463542236));
#5656=CARTESIAN_POINT('',(4.98392838626885,3.73292446335389,6.5782077822862));
#5657=CARTESIAN_POINT('',(5.17821386708388,3.73437720495615,6.74244540144787));
#5658=CARTESIAN_POINT('',(5.56757444649545,3.53371547283196,7.07158813661105));
#5659=CARTESIAN_POINT('',(5.74004801345504,3.03098595066939,7.21738723537506));
#5660=CARTESIAN_POINT('',(5.73848135289523,2.775,7.21606287186988));
#5661=CARTESIAN_POINT('',(4.98441665158816,3.62475261294821,6.57763018707502));
#5662=CARTESIAN_POINT('',(5.15831199700721,3.62608782725426,6.72463117446283));
#5663=CARTESIAN_POINT('',(5.50561624083967,3.44625029377872,7.01822193529831));
#5664=CARTESIAN_POINT('',(5.65770270097725,3.00116374826737,7.14678696246833));
#5665=CARTESIAN_POINT('',(5.65635963752777,2.775,7.14565161492511));
#5666=CARTESIAN_POINT('',(4.95640961735543,3.4841030963568,6.61076120870016));
#5667=CARTESIAN_POINT('',(5.10379286488655,3.48528549680842,6.73535041411727));
#5668=CARTESIAN_POINT('',(5.39641372069683,3.3325244482257,6.98271502661282));
#5669=CARTESIAN_POINT('',(5.52199202082367,2.96238768651188,7.08887160066397));
#5670=CARTESIAN_POINT('',(5.5209396875906,2.775,7.08798201949691));
#5671=CARTESIAN_POINT('',(4.88060772431307,3.34674607988715,6.7004313300256));
#5672=CARTESIAN_POINT('',(5.00209950236391,3.34777924374254,6.80313339654692));
#5673=CARTESIAN_POINT('',(5.24131706741852,3.22146083976674,7.00535398030538));
#5674=CARTESIAN_POINT('',(5.34100774375955,2.92451934339735,7.08962666638663));
#5675=CARTESIAN_POINT('',(5.34023933496568,2.775,7.08897709838845));
#5676=CARTESIAN_POINT('',(4.75692921851103,3.27018347795276,6.8467372621798));
#5677=CARTESIAN_POINT('',(4.86398912899323,3.27113345754567,6.93723946919755));
#5678=CARTESIAN_POINT('',(5.07343977716803,3.1595541453554,7.11429683675675));
#5679=CARTESIAN_POINT('',(5.15870072952491,2.90341158382081,7.18637147539579));
#5680=CARTESIAN_POINT('',(5.15809057980202,2.775,7.18585569039013));
#5681=CARTESIAN_POINT('',(4.6250879590866,3.29946383196437,7.00269935301676));
#5682=CARTESIAN_POINT('',(4.73766714635383,3.30044562427775,7.09786723486963));
#5683=CARTESIAN_POINT('',(4.95850175800499,3.18322954146598,7.28454794149737));
#5684=CARTESIAN_POINT('',(5.04928116736137,2.91148396716696,7.36128756197264));
#5685=CARTESIAN_POINT('',(5.04861049355092,2.775,7.36072061343175));
#5686=CARTESIAN_POINT('',(4.53053090247819,3.40529704797142,7.11455596236967));
#5687=CARTESIAN_POINT('',(4.66305939814388,3.40639382668544,7.22658782655173));
#5688=CARTESIAN_POINT('',(4.92504110334218,3.26880375650548,7.44805188729968));
#5689=CARTESIAN_POINT('',(5.03576685799966,2.94066142485842,7.54165298527439));
#5690=CARTESIAN_POINT('',(5.03487742116366,2.775,7.54090110722499));
#5691=CARTESIAN_POINT('',(4.48192305749229,3.5317694862825,7.17205678698388));
#5692=CARTESIAN_POINT('',(4.63829130565688,3.53300367564139,7.30424138813527));
#5693=CARTESIAN_POINT('',(4.94944446615684,3.37106635459078,7.56727213063205));
#5694=CARTESIAN_POINT('',(5.08400643236305,2.97552896793405,7.68102297226323));
#5695=CARTESIAN_POINT('',(5.08285557010411,2.775,7.68005010040167));
#5696=CARTESIAN_POINT('',(4.46594761493201,3.63707553664611,7.19095499407491));
#5697=CARTESIAN_POINT('',(4.64216580203059,3.63842413964708,7.3399195764032));
#5698=CARTESIAN_POINT('',(4.99426109836342,3.45621431606043,7.63756041371704));
#5699=CARTESIAN_POINT('',(5.14867005516576,3.00456108984307,7.76808874417218));
#5700=CARTESIAN_POINT('',(5.14730151956138,2.775,7.76693186395415));
#5701=CARTESIAN_POINT('',(4.46545934961272,3.74524738705179,7.19153258928611));
#5702=CARTESIAN_POINT('',(4.66206767210725,3.74671351734898,7.35773380338826));
#5703=CARTESIAN_POINT('',(5.05621930401921,3.54367949511367,7.69092661502979));
#5704=CARTESIAN_POINT('',(5.23101536764354,3.0343832922451,7.83868901707891));
#5705=CARTESIAN_POINT('',(5.22942323492884,2.775,7.83734312089893));
#5706=CARTESIAN_POINT('',(4.49346638384544,3.8858969036432,7.15840156766095));
#5707=CARTESIAN_POINT('',(4.71658680422792,3.88751584779481,7.3470145637338));
#5708=CARTESIAN_POINT('',(5.16542182416205,3.6574053406667,7.72643352371529));
#5709=CARTESIAN_POINT('',(5.36672604779712,3.07315935400058,7.89660437888327));
#5710=CARTESIAN_POINT('',(5.36484318486601,2.775,7.89501271632712));
#5711=CARTESIAN_POINT('',(4.56926827688781,4.02325392011285,7.06873144633552));
#5712=CARTESIAN_POINT('',(4.81828016675055,4.0250221008607,7.27923158130415));
#5713=CARTESIAN_POINT('',(5.32051847744035,3.76846894912566,7.7037945700227));
#5714=CARTESIAN_POINT('',(5.54771032486124,3.11102769711511,7.89584931316061));
#5715=CARTESIAN_POINT('',(5.54554353749092,2.775,7.89401763743559));
#5716=CARTESIAN_POINT('',(4.69294678268984,4.09981652204724,6.92242551418132));
#5717=CARTESIAN_POINT('',(4.95639054012124,4.10166788705757,7.14512550865353));
#5718=CARTESIAN_POINT('',(5.48839576769085,3.83037564353699,7.59485171357136));
#5719=CARTESIAN_POINT('',(5.73001733909589,3.13213545669166,7.79910450415146));
#5720=CARTESIAN_POINT('',(5.72769229265458,2.775,7.7971390454339));
#5721=CARTESIAN_POINT('',(4.82478804211427,4.07053616803563,6.76646342334436));
#5722=CARTESIAN_POINT('',(5.08271252276063,4.07235572032548,6.98449774298145));
#5723=CARTESIAN_POINT('',(5.60333378685389,3.80670024742643,7.42460060883073));
#5724=CARTESIAN_POINT('',(5.83943690125942,3.1240630733455,7.62418841757459));
#5725=CARTESIAN_POINT('',(5.83717237890568,2.775,7.62227412239228));
#5726=CARTESIAN_POINT('',(4.91934509872267,3.96470295202858,6.65460681399145));
#5727=CARTESIAN_POINT('',(5.15732027097058,3.96640751791781,6.85577715129935));
#5728=CARTESIAN_POINT('',(5.63679444151671,3.72112603238692,7.26109666302841));
#5729=CARTESIAN_POINT('',(5.85295121062113,3.09488561565404,7.44382299427285));
#5730=CARTESIAN_POINT('',(5.85090545129295,2.775,7.44209362859904));
#5731=CARTESIAN_POINT('',(4.96795294370858,3.83823051371751,6.59710598937725));
#5732=CARTESIAN_POINT('',(5.18208836345758,3.83979766896185,6.77812358971581));
#5733=CARTESIAN_POINT('',(5.61239107870203,3.61886343430162,7.14187641969605));
#5734=CARTESIAN_POINT('',(5.80471163625775,3.06001807257841,7.30445300728402));
#5735=CARTESIAN_POINT('',(5.80292730235249,2.775,7.30294463542236));
#5736=CARTESIAN_POINT('',(4.98392838626885,3.73292446335389,6.5782077822862));
#5737=CARTESIAN_POINT('',(5.17821386708388,3.73437720495615,6.74244540144787));
#5738=CARTESIAN_POINT('',(5.56757444649545,3.53371547283196,7.07158813661105));
#5739=CARTESIAN_POINT('',(5.74004801345504,3.03098595066939,7.21738723537506));
#5740=CARTESIAN_POINT('',(5.73848135289523,2.775,7.21606287186988));
#5741=CARTESIAN_POINT('',(4.98441665158816,3.62475261294821,6.57763018707502));
#5742=CARTESIAN_POINT('',(5.15831199700721,3.62608782725426,6.72463117446283));
#5743=CARTESIAN_POINT('',(5.50561624083967,3.44625029377872,7.01822193529831));
#5744=CARTESIAN_POINT('',(5.65770270097725,3.00116374826737,7.14678696246833));
#5745=CARTESIAN_POINT('',(5.65635963752777,2.775,7.14565161492511));
#5746=CARTESIAN_POINT('',(4.72493800060043,3.685,6.88458138818056));
#5747=CARTESIAN_POINT('',(4.98134719006203,3.73244683001354,6.58126121759951));
#5748=CARTESIAN_POINT('',(2.08607999960826,3.685,4.65384467244391));
#5749=CARTESIAN_POINT('',(2.08607999960825,3.68500000000001,4.65384467244391));
#5750=CARTESIAN_POINT('',(2.34248918906985,3.73244683001355,4.35052450186286));
#5751=CARTESIAN_POINT('',(1.42077522652313,2.775,3.59852873815972));
#5752=CARTESIAN_POINT('',(1.41958655903464,3.08710367669911,3.59752390796107));
#5753=CARTESIAN_POINT('',(1.66619195486508,3.64416383413661,3.80598973316684));
#5754=CARTESIAN_POINT('',(2.10824065314125,3.83750377660751,4.17967193244302));
#5755=CARTESIAN_POINT('',(2.3290949427164,3.83823051371751,4.3663692736406));
#5756=CARTESIAN_POINT('',(1.51717206110095,2.775,3.64761408753012));
#5757=CARTESIAN_POINT('',(1.51589414285046,3.05063072144297,3.64653380994035));
#5758=CARTESIAN_POINT('',(1.73523997377582,3.55239260921268,3.83195598813446));
#5759=CARTESIAN_POINT('',(2.14252350714265,3.73267318172046,4.17624974371161));
#5760=CARTESIAN_POINT('',(2.34507038527668,3.73292446335389,4.34747106654955));
#5761=CARTESIAN_POINT('',(1.60027030710701,2.775,3.71687015405252));
#5762=CARTESIAN_POINT('',(1.59890070922326,3.01316519077121,3.71571237584547));
#5763=CARTESIAN_POINT('',(1.79024513313685,3.45812392113884,3.87746379695831));
#5764=CARTESIAN_POINT('',(2.16181740200446,3.62498972584207,4.19156933139819));
#5765=CARTESIAN_POINT('',(2.34555865059598,3.62475261294821,4.34689347133837));
#5766=CARTESIAN_POINT('',(1.67967618857873,2.775,3.84080179273101));
#5767=CARTESIAN_POINT('',(1.67818738504167,2.96445095728014,3.83954324501401));
#5768=CARTESIAN_POINT('',(1.83312322071981,3.33555187159389,3.97051696815507));
#5769=CARTESIAN_POINT('',(2.15826222557424,3.48497524002724,4.24537052813223));
#5770=CARTESIAN_POINT('',(2.31755161636325,3.4841030963568,4.38002449296351));
#5771=CARTESIAN_POINT('',(1.70877275511891,2.775,4.01914695649033));
#5772=CARTESIAN_POINT('',(1.70716753644383,2.91687708760678,4.01778999820235));
#5773=CARTESIAN_POINT('',(1.82654708174082,3.21584914217057,4.11870650629099));
#5774=CARTESIAN_POINT('',(2.10633979060812,3.34823838873804,4.35522695120734));
#5775=CARTESIAN_POINT('',(2.24174972332089,3.34674607988715,4.46969461428895));
#5776=CARTESIAN_POINT('',(1.64356449867849,2.775,4.21488022879706));
#5777=CARTESIAN_POINT('',(1.64189439037419,2.89035948159075,4.21346841659941));
#5778=CARTESIAN_POINT('',(1.74145491093779,3.14912701425275,4.29763107657413));
#5779=CARTESIAN_POINT('',(1.99597166013377,3.27202146597655,4.5127846987046));
#5780=CARTESIAN_POINT('',(2.11807121751885,3.27018347795276,4.61600054644315));
#5781=CARTESIAN_POINT('',(1.48936206608073,2.775,4.35193948742935));
#5782=CARTESIAN_POINT('',(1.48771677395648,2.90050078912305,4.3505486533836));
#5783=CARTESIAN_POINT('',(1.59485681827838,3.17464400918869,4.4411186008778));
#5784=CARTESIAN_POINT('',(1.85904002379195,3.3011696195626,4.66444368165083));
#5785=CARTESIAN_POINT('',(1.98622995809442,3.29946383196437,4.77196263728011));
#5786=CARTESIAN_POINT('',(1.31398102525119,2.775,4.39547221234194));
#5787=CARTESIAN_POINT('',(1.31242543068128,2.93715632922458,4.39415720337951));
#5788=CARTESIAN_POINT('',(1.44696150221049,3.26687464396293,4.50788615516028));
#5789=CARTESIAN_POINT('',(1.74608390822267,3.4065249999469,4.76074679917371));
#5790=CARTESIAN_POINT('',(1.89167290148602,3.40529704797142,4.88381924663302));
#5791=CARTESIAN_POINT('',(1.16878718633893,2.775,4.37132486839367));
#5792=CARTESIAN_POINT('',(1.16733878182555,2.98096030409333,4.37010047165615));
#5793=CARTESIAN_POINT('',(1.33461355762616,3.37709177339516,4.51150481544982));
#5794=CARTESIAN_POINT('',(1.67548888437925,3.53242641680932,4.79966094457499));
#5795=CARTESIAN_POINT('',(1.84306505650011,3.5317694862825,4.94132007124723));
#5796=CARTESIAN_POINT('',(1.07239035176111,2.775,4.32223951902327));
#5797=CARTESIAN_POINT('',(1.07103119800974,3.01743325934946,4.32109056967687));
#5798=CARTESIAN_POINT('',(1.26556553871541,3.46886299831909,4.4855385604822));
#5799=CARTESIAN_POINT('',(1.64120603037786,3.63725701169636,4.8030831333064));
#5800=CARTESIAN_POINT('',(1.82708961393983,3.63707553664611,4.96021827833826));
#5801=CARTESIAN_POINT('',(0.989292105755051,2.775,4.25298345250087));
#5802=CARTESIAN_POINT('',(0.988024631636937,3.05489879002123,4.25191200377175));
#5803=CARTESIAN_POINT('',(1.21056037935439,3.56313168639293,4.44003075165835));
#5804=CARTESIAN_POINT('',(1.62191213551604,3.74494046757476,4.78776354561982));
#5805=CARTESIAN_POINT('',(1.82660134862054,3.74524738705179,4.96079587354945));
#5806=CARTESIAN_POINT('',(0.909886224283324,2.775,4.12905181382238));
#5807=CARTESIAN_POINT('',(0.908737955818527,3.1036130235123,4.12808113460321));
#5808=CARTESIAN_POINT('',(1.16768229177143,3.68570373593788,4.34697758046159));
#5809=CARTESIAN_POINT('',(1.62546731194627,3.8849549533896,4.73396234888578));
#5810=CARTESIAN_POINT('',(1.85460838285326,3.8858969036432,4.92766485192431));
#5811=CARTESIAN_POINT('',(0.880789657743147,2.775,3.95070665006306));
#5812=CARTESIAN_POINT('',(0.879757804416368,3.15118689318566,3.94983438141487));
#5813=CARTESIAN_POINT('',(1.17425843075041,3.80540646536121,4.19878804232567));
#5814=CARTESIAN_POINT('',(1.67738974691238,4.02169180467879,4.62410592581067));
#5815=CARTESIAN_POINT('',(1.93041027589563,4.02325392011285,4.83799473059887));
#5816=CARTESIAN_POINT('',(0.945997914183563,2.775,3.75497337775633));
#5817=CARTESIAN_POINT('',(0.945030950486014,3.17770449920169,3.7541559630178));
#5818=CARTESIAN_POINT('',(1.25935060155344,3.87212859327902,4.01986347204253));
#5819=CARTESIAN_POINT('',(1.78775787738674,4.09790872744029,4.46654817831342));
#5820=CARTESIAN_POINT('',(2.05408878169766,4.09981652204724,4.69168879844467));
#5821=CARTESIAN_POINT('',(1.10020034678132,2.775,3.61791411912404));
#5822=CARTESIAN_POINT('',(1.09920856690371,3.16756319166939,3.61707572623361));
#5823=CARTESIAN_POINT('',(1.40594869421285,3.84661159834308,3.87637594773886));
#5824=CARTESIAN_POINT('',(1.92468951372856,4.06876057385422,4.31488919536718));
#5825=CARTESIAN_POINT('',(2.1859300411221,4.07053616803563,4.53572670760772));
#5826=CARTESIAN_POINT('',(1.27558138761086,2.775,3.57438139421145));
#5827=CARTESIAN_POINT('',(1.27449991017892,3.13090765156786,3.5734671762377));
#5828=CARTESIAN_POINT('',(1.55384401028075,3.75438096356884,3.80960839345638));
#5829=CARTESIAN_POINT('',(2.03764562929784,3.96340519346993,4.2185860778443));
#5830=CARTESIAN_POINT('',(2.2804870977305,3.96470295202858,4.4238700982548));
#5831=CARTESIAN_POINT('',(1.42077522652313,2.775,3.59852873815972));
#5832=CARTESIAN_POINT('',(1.41958655903464,3.08710367669911,3.59752390796107));
#5833=CARTESIAN_POINT('',(1.66619195486508,3.64416383413661,3.80598973316684));
#5834=CARTESIAN_POINT('',(2.10824065314125,3.83750377660751,4.17967193244302));
#5835=CARTESIAN_POINT('',(2.3290949427164,3.83823051371751,4.3663692736406));
#5836=CARTESIAN_POINT('',(1.51717206110095,2.775,3.64761408753012));
#5837=CARTESIAN_POINT('',(1.51589414285046,3.05063072144297,3.64653380994035));
#5838=CARTESIAN_POINT('',(1.73523997377582,3.55239260921268,3.83195598813446));
#5839=CARTESIAN_POINT('',(2.14252350714265,3.73267318172046,4.17624974371161));
#5840=CARTESIAN_POINT('',(2.34507038527668,3.73292446335389,4.34747106654955));
#5841=CARTESIAN_POINT('',(1.60027030710701,2.775,3.71687015405252));
#5842=CARTESIAN_POINT('',(1.59890070922326,3.01316519077121,3.71571237584547));
#5843=CARTESIAN_POINT('',(1.79024513313685,3.45812392113884,3.87746379695831));
#5844=CARTESIAN_POINT('',(2.16181740200446,3.62498972584207,4.19156933139819));
#5845=CARTESIAN_POINT('',(2.34555865059598,3.62475261294821,4.34689347133837));
#5846=CARTESIAN_POINT('',(1.29478120643103,2.775,3.98492680327669));
#5847=CARTESIAN_POINT('',(1.51495562967232,2.775,3.65097587372212));
#5848=CARTESIAN_POINT('',(1.29478120643103,-2.775,3.98492680327669));
#5849=CARTESIAN_POINT('',(1.29478120643103,-2.775,3.98492680327669));
#5850=CARTESIAN_POINT('',(1.51495562967232,-2.775,3.65097587372212));
#5851=CARTESIAN_POINT('',(1.57598667131223,-2.775,4.85038823310528));
#5852=CARTESIAN_POINT('',(1.57598667131223,-3.685,4.85038823310528));
#5853=CARTESIAN_POINT('',(1.8732820236881,-3.93456856916744,4.75379111751986));
#5854=CARTESIAN_POINT('',(2.58029190303081,-3.685,7.94132191106453));
#5855=CARTESIAN_POINT('',(2.58029190303081,-3.685,7.94132191106453));
#5856=CARTESIAN_POINT('',(2.87758725540668,-3.93456856916744,7.84472479547911));
#5857=CARTESIAN_POINT('',(2.58029190303081,-2.775,7.94132191106453));
#5858=CARTESIAN_POINT('',(2.86149736791201,-2.775,8.80678334089312));
#5859=CARTESIAN_POINT('',(3.23591364942246,-2.775,8.94754003927685));
#5860=CARTESIAN_POINT('',(2.86149736791201,2.775,8.80678334089312));
#5861=CARTESIAN_POINT('',(2.86149736791201,2.775,8.80678334089312));
#5862=CARTESIAN_POINT('',(3.23591364942246,2.775,8.94754003927685));
#5863=CARTESIAN_POINT('',(2.49714002050264,4.0611080025893,7.92657393752057));
#5864=CARTESIAN_POINT('',(2.67383850895234,4.06291731130103,8.21166196415422));
#5865=CARTESIAN_POINT('',(3.0304508474009,3.79907685764609,8.78702573061046));
#5866=CARTESIAN_POINT('',(3.1920964507391,3.12146379583322,9.04782720363961));
#5867=CARTESIAN_POINT('',(3.19054775554625,2.775,9.04532851527918));
#5868=CARTESIAN_POINT('',(2.57579185492092,4.00507963480281,7.87782527410033));
#5869=CARTESIAN_POINT('',(2.74520488495351,4.00682806942805,8.15115883140333));
#5870=CARTESIAN_POINT('',(3.08679036467421,3.75377365536076,8.70227803561787));
#5871=CARTESIAN_POINT('',(3.24115159171415,3.10601717716009,8.95132678522337));
#5872=CARTESIAN_POINT('',(3.23968278846011,2.775,8.94895699573117));
#5873=CARTESIAN_POINT('',(2.64191227827107,3.92991105830694,7.83684362011934));
#5874=CARTESIAN_POINT('',(2.80155101788671,3.93157782326005,8.09440718871918));
#5875=CARTESIAN_POINT('',(3.12297621765631,3.6929941366807,8.6129994908755));
#5876=CARTESIAN_POINT('',(3.26756460606766,3.08529374038681,8.84628059411526));
#5877=CARTESIAN_POINT('',(3.2662029871481,2.775,8.84408373745726));
#5878=CARTESIAN_POINT('',(2.70149167387143,3.80048540330921,7.79991611646498));
#5879=CARTESIAN_POINT('',(2.84430098823617,3.80201154898627,8.03032683460043));
#5880=CARTESIAN_POINT('',(3.13101411070907,3.58834363799731,8.4929141437107));
#5881=CARTESIAN_POINT('',(3.25877557356646,3.04961201667697,8.69904642953512));
#5882=CARTESIAN_POINT('',(3.2575985052044,2.775,8.69714732955126));
#5883=CARTESIAN_POINT('',(2.71502990520251,3.62048564119204,7.79152507654397));
#5884=CARTESIAN_POINT('',(2.83443356215116,3.62181621948921,7.98417275129768));
#5885=CARTESIAN_POINT('',(3.07287058622526,3.44280012215583,8.36887066957701));
#5886=CARTESIAN_POINT('',(3.17722986814002,2.99998737479424,8.53724552101481));
#5887=CARTESIAN_POINT('',(3.17630946493794,2.775,8.53576052850072));
#5888=CARTESIAN_POINT('',(2.64754256340365,3.43006653881121,7.83335395103638));
#5889=CARTESIAN_POINT('',(2.74218571943061,3.431190229252,7.98605265730621));
#5890=CARTESIAN_POINT('',(2.92955216865826,3.28883177620966,8.28835253398505));
#5891=CARTESIAN_POINT('',(3.00915462736151,2.94749019561948,8.41678435061245));
#5892=CARTESIAN_POINT('',(3.00850574645925,2.775,8.41573743630335));
#5893=CARTESIAN_POINT('',(2.50827672066408,3.30469525797953,7.91967137444881));
#5894=CARTESIAN_POINT('',(2.58661764820781,3.30568273416861,8.04606781753125));
#5895=CARTESIAN_POINT('',(2.7403594069435,3.18745954780685,8.29411710756034));
#5896=CARTESIAN_POINT('',(2.80366205855523,2.91292623375379,8.39625056771055));
#5897=CARTESIAN_POINT('',(2.8031919469995,2.775,8.39549208258198));
#5898=CARTESIAN_POINT('',(2.35689296758363,3.27415272429341,8.0134995182015));
#5899=CARTESIAN_POINT('',(2.43126240054498,3.27510701642037,8.13348829156811));
#5900=CARTESIAN_POINT('',(2.57681262422398,3.16276358330612,8.36832123444614));
#5901=CARTESIAN_POINT('',(2.63614437114471,2.90450587653478,8.46404797662023));
#5902=CARTESIAN_POINT('',(2.63571781078151,2.775,8.46335975764755));
#5903=CARTESIAN_POINT('',(2.23532083241011,3.30889199741071,8.08885032397337));
#5904=CARTESIAN_POINT('',(2.31420746870498,3.30988403330213,8.21612722184831));
#5905=CARTESIAN_POINT('',(2.46907479673782,3.19085293124636,8.46599252248721));
#5906=CARTESIAN_POINT('',(2.53292307604585,2.91408324467924,8.56900630665478));
#5907=CARTESIAN_POINT('',(2.53244698027778,2.775,8.56823816650708));
#5908=CARTESIAN_POINT('',(2.15666899799183,3.36492036519719,8.13759898739361));
#5909=CARTESIAN_POINT('',(2.2428410927038,3.3659732751751,8.27663035459918));
#5910=CARTESIAN_POINT('',(2.41273527946451,3.23615613353168,8.55074021747978));
#5911=CARTESIAN_POINT('',(2.48386793507079,2.92952986335237,8.66550672507103));
#5912=CARTESIAN_POINT('',(2.48331194736392,2.775,8.66460968605508));
#5913=CARTESIAN_POINT('',(2.09054857464167,3.44008894169307,8.17858064137461));
#5914=CARTESIAN_POINT('',(2.18649495977061,3.44122352134312,8.33338199728336));
#5915=CARTESIAN_POINT('',(2.37654942648241,3.29693565221174,8.64001876222215));
#5916=CARTESIAN_POINT('',(2.45745492071729,2.95025330012566,8.77055291617916));
#5917=CARTESIAN_POINT('',(2.45679174867592,2.775,8.769482944329));
#5918=CARTESIAN_POINT('',(2.03096917904131,3.56951459669079,8.21550814502896));
#5919=CARTESIAN_POINT('',(2.14374498942115,3.57078979561689,8.39746235140208));
#5920=CARTESIAN_POINT('',(2.36851153342965,3.40158615089514,8.76010410938696));
#5921=CARTESIAN_POINT('',(2.46624395321848,2.98593502383549,8.91778708075929));
#5922=CARTESIAN_POINT('',(2.46539623061962,2.775,8.91641935223499));
#5923=CARTESIAN_POINT('',(2.01743094771023,3.74951435880796,8.22389918494997));
#5924=CARTESIAN_POINT('',(2.15361241550615,3.75098512511395,8.44361643470484));
#5925=CARTESIAN_POINT('',(2.42665505791346,3.54712966673662,8.88414758352063));
#5926=CARTESIAN_POINT('',(2.54778965864492,3.03555966571822,9.0795879892796));
#5927=CARTESIAN_POINT('',(2.54668527088608,2.775,9.07780615328554));
#5928=CARTESIAN_POINT('',(2.0849182895091,3.93993346118879,8.18207031045757));
#5929=CARTESIAN_POINT('',(2.2458602582267,3.94161111535116,8.44173652869632));
#5930=CARTESIAN_POINT('',(2.56997347548046,3.70109801268278,8.96466571911261));
#5931=CARTESIAN_POINT('',(2.71586489942343,3.08805684489298,9.20004915968194));
#5932=CARTESIAN_POINT('',(2.71448898936478,2.775,9.19782924548291));
#5933=CARTESIAN_POINT('',(2.22418413224866,4.06530474202047,8.09575288704514));
#5934=CARTESIAN_POINT('',(2.40142832944951,4.06711861043455,8.38172136847127));
#5935=CARTESIAN_POINT('',(2.75916623719522,3.80247024108559,8.95890114553732));
#5936=CARTESIAN_POINT('',(2.92135746822972,3.12262080675867,9.22058294258385));
#5937=CARTESIAN_POINT('',(2.91980278882452,2.775,9.21807459920428));
#5938=CARTESIAN_POINT('',(2.37556788532912,4.09584727570659,8.00192474329245));
#5939=CARTESIAN_POINT('',(2.55678357711233,4.09769432818279,8.29430089443442));
#5940=CARTESIAN_POINT('',(2.92271301991474,3.82716620558632,8.88469701865151));
#5941=CARTESIAN_POINT('',(3.08887515564023,3.13104116397769,9.15278553367416));
#5942=CARTESIAN_POINT('',(3.08727692504251,2.775,9.15020692413871));
#5943=CARTESIAN_POINT('',(2.49714002050264,4.0611080025893,7.92657393752057));
#5944=CARTESIAN_POINT('',(2.67383850895234,4.06291731130103,8.21166196415422));
#5945=CARTESIAN_POINT('',(3.0304508474009,3.79907685764609,8.78702573061046));
#5946=CARTESIAN_POINT('',(3.1920964507391,3.12146379583322,9.04782720363961));
#5947=CARTESIAN_POINT('',(3.19054775554625,2.775,9.04532851527918));
#5948=CARTESIAN_POINT('',(2.57579185492092,4.00507963480281,7.87782527410033));
#5949=CARTESIAN_POINT('',(2.74520488495351,4.00682806942805,8.15115883140333));
#5950=CARTESIAN_POINT('',(3.08679036467421,3.75377365536076,8.70227803561787));
#5951=CARTESIAN_POINT('',(3.24115159171415,3.10601717716009,8.95132678522337));
#5952=CARTESIAN_POINT('',(3.23968278846011,2.775,8.94895699573117));
#5953=CARTESIAN_POINT('',(2.64191227827107,3.92991105830694,7.83684362011934));
#5954=CARTESIAN_POINT('',(2.80155101788671,3.93157782326005,8.09440718871918));
#5955=CARTESIAN_POINT('',(3.12297621765631,3.6929941366807,8.6129994908755));
#5956=CARTESIAN_POINT('',(3.26756460606766,3.08529374038681,8.84628059411526));
#5957=CARTESIAN_POINT('',(3.2662029871481,2.775,8.84408373745726));
#5958=CARTESIAN_POINT('',(2.36623042645637,3.685,8.00771213074697));
#5959=CARTESIAN_POINT('',(2.57370328640956,4.00188960001791,7.87911977567354));
#5960=CARTESIAN_POINT('',(0.545862884173938,3.685,5.07070347305789));
#5961=CARTESIAN_POINT('',(0.545862884173938,3.685,5.07070347305789));
#5962=CARTESIAN_POINT('',(0.753335744127129,4.00188960001791,4.94211111798446));
#5963=CARTESIAN_POINT('',(-0.0672311995417059,2.775,3.78917843916115));
#5964=CARTESIAN_POINT('',(-0.0681867148151856,3.16277449285015,3.78763679629746));
#5965=CARTESIAN_POINT('',(0.142147206809596,3.83980888165006,4.12699274198924));
#5966=CARTESIAN_POINT('',(0.498545416983414,4.05947060256531,4.7020110306326));
#5967=CARTESIAN_POINT('',(0.676772478220203,4.0611080025893,4.98956527983149));
#5968=CARTESIAN_POINT('',(0.040937436380995,2.775,3.78805263186868));
#5969=CARTESIAN_POINT('',(0.0399618007401155,3.14343958027685,3.78647852649845));
#5970=CARTESIAN_POINT('',(0.240269427984973,3.79091918816047,4.1096578964634));
#5971=CARTESIAN_POINT('',(0.583885528908701,4.00369374813841,4.66405333578702));
#5972=CARTESIAN_POINT('',(0.755424312638483,4.00507963480281,4.94081661641125));
#5973=CARTESIAN_POINT('',(0.146658084393305,2.775,3.8109625821806));
#5974=CARTESIAN_POINT('',(0.14565545493776,3.11749954468012,3.80934492457955));
#5975=CARTESIAN_POINT('',(0.33251164131717,3.7253279741002,4.11082153542441));
#5976=CARTESIAN_POINT('',(0.658979054979374,3.92886260608792,4.63754902210373));
#5977=CARTESIAN_POINT('',(0.821544735988638,3.92991105830694,4.89983496243026));
#5978=CARTESIAN_POINT('',(0.274421357537733,2.775,3.88404398277788));
#5979=CARTESIAN_POINT('',(0.273372249988458,3.07283585335753,3.88235133671406));
#5980=CARTESIAN_POINT('',(0.437067673907913,3.61239267270716,4.14646002142115));
#5981=CARTESIAN_POINT('',(0.734008386591611,3.80001794751382,4.62554868001078));
#5982=CARTESIAN_POINT('',(0.881124131588999,3.80048540330921,4.8629074587759));
#5983=CARTESIAN_POINT('',(0.382786860466352,2.775,4.0286487039864));
#5984=CARTESIAN_POINT('',(0.381673113137465,3.01071946836815,4.0268517671198));
#5985=CARTESIAN_POINT('',(0.513157521912222,3.45532700140934,4.23899071046669));
#5986=CARTESIAN_POINT('',(0.769033739675423,3.6208262108074,4.6518252888754));
#5987=CARTESIAN_POINT('',(0.894662362920082,3.62048564119204,4.85451641885489));
#5988=CARTESIAN_POINT('',(0.415615895347315,2.775,4.23232954516859));
#5989=CARTESIAN_POINT('',(0.414433766545771,2.94500745778716,4.23042228059478));
#5990=CARTESIAN_POINT('',(0.511842615894867,3.28916953657944,4.3875831985022));
#5991=CARTESIAN_POINT('',(0.724277308122088,3.43126190663078,4.73032855941015));
#5992=CARTESIAN_POINT('',(0.827175021121214,3.43006653881121,4.89634529334729));
#5993=CARTESIAN_POINT('',(0.342398009327925,2.775,4.42520974571481));
#5994=CARTESIAN_POINT('',(0.341170858400423,2.90174289646133,4.42322984175875));
#5995=CARTESIAN_POINT('',(0.416144476846541,3.17977203430676,4.5441934171687));
#5996=CARTESIAN_POINT('',(0.599977418358463,3.30645342199116,4.84079227879849));
#5997=CARTESIAN_POINT('',(0.687909178381647,3.30469525797953,4.98266271675972));
#5998=CARTESIAN_POINT('',(0.207104639385006,2.775,4.54499835815463));
#5999=CARTESIAN_POINT('',(0.205866520317195,2.89120292819314,4.54300075803431));
#6000=CARTESIAN_POINT('',(0.275374542567246,3.1531209793269,4.65514605747831));
#6001=CARTESIAN_POINT('',(0.452239620873901,3.27604799483806,4.94050286271889));
#6002=CARTESIAN_POINT('',(0.536525425301192,3.27415272429341,5.07649086051242));
#6003=CARTESIAN_POINT('',(0.0672311995417041,2.775,4.59082156083886));
#6004=CARTESIAN_POINT('',(0.0660055557068134,2.90319115549869,4.58884408844891));
#6005=CARTESIAN_POINT('',(0.141730182019756,3.18343405967983,4.71101935136462));
#6006=CARTESIAN_POINT('',(0.326520552491733,3.31063132210798,5.00916294342906));
#6007=CARTESIAN_POINT('',(0.414953290127674,3.30889199741071,5.15184166628429));
#6008=CARTESIAN_POINT('',(-0.0409374363809967,2.775,4.59194736813132));
#6009=CARTESIAN_POINT('',(-0.0421429598484886,2.922526068072,4.59000235824792));
#6010=CARTESIAN_POINT('',(0.0436079608443805,3.2323237531694,4.72835419689044));
#6011=CARTESIAN_POINT('',(0.241180440566446,3.36640817653488,5.04712063827463));
#6012=CARTESIAN_POINT('',(0.336301455709394,3.36492036519719,5.20059032970453));
#6013=CARTESIAN_POINT('',(-0.146658084393307,2.775,4.5690374178194));
#6014=CARTESIAN_POINT('',(-0.147836614046134,2.94846610366872,4.56713596016682));
#6015=CARTESIAN_POINT('',(-0.0486342524878159,3.29791496722968,4.72719055792945));
#6016=CARTESIAN_POINT('',(0.166086914495773,3.44123931858537,5.07362495195792));
#6017=CARTESIAN_POINT('',(0.270181032359239,3.44008894169307,5.24157198368552));
#6018=CARTESIAN_POINT('',(-0.274421357537735,2.775,4.49595601722212));
#6019=CARTESIAN_POINT('',(-0.275553409096833,2.99312979499131,4.49412954803231));
#6020=CARTESIAN_POINT('',(-0.15319028507856,3.41085026862272,4.69155207193269));
#6021=CARTESIAN_POINT('',(0.0910575828835367,3.57008397715948,5.08562529405088));
#6022=CARTESIAN_POINT('',(0.210601636758877,3.56951459669079,5.27849948733988));
#6023=CARTESIAN_POINT('',(-0.382786860466354,2.775,4.35135129601359));
#6024=CARTESIAN_POINT('',(-0.38385427224584,3.05524617998069,4.34962911762658));
#6025=CARTESIAN_POINT('',(-0.22928013308287,3.56791593992054,4.59902138288716));
#6026=CARTESIAN_POINT('',(0.0560322297997237,3.74927571386589,5.05934868518626));
#6027=CARTESIAN_POINT('',(0.197063405427795,3.74951435880796,5.28689052726089));
#6028=CARTESIAN_POINT('',(-0.415615895347317,2.775,4.14767045483141));
#6029=CARTESIAN_POINT('',(-0.416614925654145,3.12095819056169,4.1460586041516));
#6030=CARTESIAN_POINT('',(-0.227965227065515,3.73407340475043,4.45042889485164));
#6031=CARTESIAN_POINT('',(0.100788661353059,3.93884001804251,4.98084541465151));
#6032=CARTESIAN_POINT('',(0.264550747226663,3.93993346118879,5.24506165276849));
#6033=CARTESIAN_POINT('',(-0.342398009327927,2.775,3.95479025428519));
#6034=CARTESIAN_POINT('',(-0.343352017508795,3.16422275188751,3.95325104298763));
#6035=CARTESIAN_POINT('',(-0.132267088017191,3.84347090702312,4.29381867618515));
#6036=CARTESIAN_POINT('',(0.225088551116685,4.06364850268213,4.87038169526316));
#6037=CARTESIAN_POINT('',(0.40381658996623,4.06530474202047,5.15874422935606));
#6038=CARTESIAN_POINT('',(-0.207104639385008,2.775,3.83500164184537));
#6039=CARTESIAN_POINT('',(-0.208047679425567,3.17476272015571,3.83348012671207));
#6040=CARTESIAN_POINT('',(0.00850284626210584,3.87012196200298,4.18286603587553));
#6041=CARTESIAN_POINT('',(0.372826348601246,4.09405392983524,4.77067111134277));
#6042=CARTESIAN_POINT('',(0.555200343046685,4.09584727570659,5.06491608560336));
#6043=CARTESIAN_POINT('',(-0.0672311995417059,2.775,3.78917843916115));
#6044=CARTESIAN_POINT('',(-0.0681867148151856,3.16277449285015,3.78763679629746));
#6045=CARTESIAN_POINT('',(0.142147206809596,3.83980888165006,4.12699274198924));
#6046=CARTESIAN_POINT('',(0.498545416983414,4.05947060256531,4.7020110306326));
#6047=CARTESIAN_POINT('',(0.676772478220203,4.0611080025893,4.98956527983149));
#6048=CARTESIAN_POINT('',(0.040937436380995,2.775,3.78805263186868));
#6049=CARTESIAN_POINT('',(0.0399618007401155,3.14343958027685,3.78647852649845));
#6050=CARTESIAN_POINT('',(0.240269427984973,3.79091918816047,4.1096578964634));
#6051=CARTESIAN_POINT('',(0.583885528908701,4.00369374813841,4.66405333578702));
#6052=CARTESIAN_POINT('',(0.755424312638483,4.00507963480281,4.94081661641125));
#6053=CARTESIAN_POINT('',(0.146658084393305,2.775,3.8109625821806));
#6054=CARTESIAN_POINT('',(0.14565545493776,3.11749954468012,3.80934492457955));
#6055=CARTESIAN_POINT('',(0.33251164131717,3.7253279741002,4.11082153542441));
#6056=CARTESIAN_POINT('',(0.658979054979374,3.92886260608792,4.63754902210373));
#6057=CARTESIAN_POINT('',(0.821544735988638,3.92991105830694,4.89983496243026));
#6058=CARTESIAN_POINT('',(-8.67361737988404E-16,2.775,4.19));
#6059=CARTESIAN_POINT('',(0.0405294383959303,2.775,3.79205859146941));
#6060=CARTESIAN_POINT('',(-8.67361737988404E-16,-2.775,4.19));
#6061=CARTESIAN_POINT('',(-8.67361737988404E-16,-2.775,4.19));
#6062=CARTESIAN_POINT('',(0.0405294383959303,-2.775,3.79205859146941));
#6063=CARTESIAN_POINT('',(-8.67361737988404E-16,-2.775,5.1));
#6064=CARTESIAN_POINT('',(-8.67361737988404E-16,-3.685,5.1));
#6065=CARTESIAN_POINT('',(0.0405294383959303,-4.08294140853059,5.1));
#6066=CARTESIAN_POINT('',(-8.67361737988404E-16,-3.685,8.35));
#6067=CARTESIAN_POINT('',(-8.67361737988404E-16,-3.685,8.35));
#6068=CARTESIAN_POINT('',(0.0405294383959303,-4.08294140853059,8.35));
#6069=CARTESIAN_POINT('',(-8.67361737988404E-16,-2.775,8.35));
#6070=CARTESIAN_POINT('',(-1.73472347597681E-15,-2.775,9.26));
#6071=CARTESIAN_POINT('',(0.0405294383959294,-2.775,9.65794140853059));
#6072=CARTESIAN_POINT('',(-1.73472347597681E-15,2.775,9.26));
#6073=CARTESIAN_POINT('',(-8.67361737988404E-16,2.775,9.26));
#6074=CARTESIAN_POINT('',(0.0405294383959303,2.775,9.65794140853059));
#6075=CARTESIAN_POINT('',(-0.38030344052856,4.05824058334444,8.38533271464218));
#6076=CARTESIAN_POINT('',(-0.300518947692747,4.06004677664296,8.71038303015642));
#6077=CARTESIAN_POINT('',(-0.139505621347306,3.79675833081347,9.36636805519506));
#6078=CARTESIAN_POINT('',(-0.0665322901283245,3.12067326893799,9.66366899042392));
#6079=CARTESIAN_POINT('',(-0.0672311995417068,2.775,9.66082156083886));
#6080=CARTESIAN_POINT('',(-0.278541965850925,4.08511885218767,8.36035508115016));
#6081=CARTESIAN_POINT('',(-0.197176031109369,4.08695424837264,8.69184835534168));
#6082=CARTESIAN_POINT('',(-0.0329008504311728,3.81849145813077,9.36112251392419));
#6083=CARTESIAN_POINT('',(0.0416536877998818,3.128083414652,9.66486545084909));
#6084=CARTESIAN_POINT('',(0.0409374363809942,2.775,9.66194736813133));
#6085=CARTESIAN_POINT('',(-0.173524971796803,4.08807070551825,8.33457837148449));
#6086=CARTESIAN_POINT('',(-0.0919853582895555,4.08990930885313,8.66677923101721));
#6087=CARTESIAN_POINT('',(0.0726480491640362,3.82087825635165,9.33751284271183));
#6088=CARTESIAN_POINT('',(0.147376240364045,3.12889721941873,9.64196325987936));
#6089=CARTESIAN_POINT('',(0.146658084393304,2.775,9.6390374178194));
#6090=CARTESIAN_POINT('',(-0.036102940265087,4.04755187124897,8.30084775635532));
#6091=CARTESIAN_POINT('',(0.04305265874856,4.04934645140203,8.62333589307947));
#6092=CARTESIAN_POINT('',(0.202768839728582,3.78811569306832,9.27403621309201));
#6093=CARTESIAN_POINT('',(0.275113370535836,3.11772646776622,9.56877535009461));
#6094=CARTESIAN_POINT('',(0.274421357537732,2.775,9.56595601722213));
#6095=CARTESIAN_POINT('',(0.0995815955574925,3.93294755857828,8.26754361432076));
#6096=CARTESIAN_POINT('',(0.171994198446905,3.93461762264925,8.56256008406063));
#6097=CARTESIAN_POINT('',(0.317802393908289,3.69544937839938,9.15659782566582));
#6098=CARTESIAN_POINT('',(0.383404930137497,3.0861308817076,9.42386937608741));
#6099=CARTESIAN_POINT('',(0.382786860466351,2.775,9.4213512960136));
#6100=CARTESIAN_POINT('',(0.177698348413489,3.74296397419964,8.24836964275043));
#6101=CARTESIAN_POINT('',(0.238932850380865,3.74442762359881,8.4978453676361));
#6102=CARTESIAN_POINT('',(0.361685290969313,3.54183318192559,8.99795156779136));
#6103=CARTESIAN_POINT('',(0.416111386574692,3.03375377171864,9.21968913758622));
#6104=CARTESIAN_POINT('',(0.415615895347314,2.775,9.21767045483141));
#6105=CARTESIAN_POINT('',(0.153293742957043,3.53819052962598,8.25435982019764));
#6106=CARTESIAN_POINT('',(0.202479950135772,3.53943169536427,8.45474953998053));
#6107=CARTESIAN_POINT('',(0.300381789247163,3.37625825713867,8.85361180708906));
#6108=CARTESIAN_POINT('',(0.342761379613151,2.97729920347617,9.02627066259087));
#6109=CARTESIAN_POINT('',(0.342398009327924,2.775,9.02479025428519));
#6110=CARTESIAN_POINT('',(0.0534199202758322,3.38960427165736,8.27887412432186));
#6111=CARTESIAN_POINT('',(0.0938637290382267,3.39068400037585,8.44364640439217));
#6112=CARTESIAN_POINT('',(0.17373365053729,3.25611495174698,8.76904476515892));
#6113=CARTESIAN_POINT('',(0.207372141007013,2.9363350391147,8.90609147125386));
#6114=CARTESIAN_POINT('',(0.207104639385005,2.775,8.90500164184537));
#6115=CARTESIAN_POINT('',(-0.0678970961235229,3.31175941665557,8.30865171924733));
#6116=CARTESIAN_POINT('',(-0.0320334601603617,3.31275456796043,8.45476389933348));
#6117=CARTESIAN_POINT('',(0.0383894772694745,3.19317145807862,8.74167426521279));
#6118=CARTESIAN_POINT('',(0.0674484752391236,2.91487377157499,8.8600636429331));
#6119=CARTESIAN_POINT('',(0.0672311995417032,2.775,8.85917843916115));
#6120=CARTESIAN_POINT('',(-0.169658570801157,3.28488114781233,8.33362935273934));
#6121=CARTESIAN_POINT('',(-0.135376376743739,3.28584709623074,8.47329857414823));
#6122=CARTESIAN_POINT('',(-0.0682152936466581,3.17143833076132,8.74691980648366));
#6123=CARTESIAN_POINT('',(-0.0407375026890834,2.90746362586097,8.8588671825079));
#6124=CARTESIAN_POINT('',(-0.0409374363809976,2.775,8.85805263186868));
#6125=CARTESIAN_POINT('',(-0.274675564855279,3.28192929448175,8.35940606240503));
#6126=CARTESIAN_POINT('',(-0.240567049563553,3.28289203575025,8.49836769847271));
#6127=CARTESIAN_POINT('',(-0.173764193241867,3.16905153254043,8.770529477696));
#6128=CARTESIAN_POINT('',(-0.146460055253247,2.90664982109426,8.88176937347767));
#6129=CARTESIAN_POINT('',(-0.146658084393308,2.775,8.88096258218061));
#6130=CARTESIAN_POINT('',(-0.412097596386996,3.32244812875103,8.39313667753419));
#6131=CARTESIAN_POINT('',(-0.375605066601669,3.32345489320135,8.54181103641045));
#6132=CARTESIAN_POINT('',(-0.303884983806413,3.20181409582377,8.83400610731583));
#6133=CARTESIAN_POINT('',(-0.274197185425039,2.91782057274675,8.9549572832624));
#6134=CARTESIAN_POINT('',(-0.274421357537736,2.775,8.95404398277788));
#6135=CARTESIAN_POINT('',(-0.547782132209576,3.43705244142172,8.42644081956875));
#6136=CARTESIAN_POINT('',(-0.504546606300014,3.43818372195413,8.60258684542927));
#6137=CARTESIAN_POINT('',(-0.41891853798612,3.2944804104927,8.95144449474203));
#6138=CARTESIAN_POINT('',(-0.3824887450267,2.94941615880538,9.09986325726959));
#6139=CARTESIAN_POINT('',(-0.382786860466354,2.775,9.09864870398641));
#6140=CARTESIAN_POINT('',(-0.625898885065571,3.62703602580036,8.44561479113908));
#6141=CARTESIAN_POINT('',(-0.571485258233974,3.62837372100458,8.66730156185383));
#6142=CARTESIAN_POINT('',(-0.462801435047145,3.44809660696649,9.11009075261648));
#6143=CARTESIAN_POINT('',(-0.415195201463894,3.00179326879433,9.30404349577079));
#6144=CARTESIAN_POINT('',(-0.415615895347318,2.775,9.3023295451686));
#6145=CARTESIAN_POINT('',(-0.601494279609126,3.83180947037403,8.43962461369187));
#6146=CARTESIAN_POINT('',(-0.535032357988881,3.83336964923911,8.71039738950937));
#6147=CARTESIAN_POINT('',(-0.401497933324994,3.61367153175342,9.25443051331878));
#6148=CARTESIAN_POINT('',(-0.341845194502352,3.0582478370368,9.49746197076614));
#6149=CARTESIAN_POINT('',(-0.342398009327928,2.775,9.49520974571482));
#6150=CARTESIAN_POINT('',(-0.501620456927915,3.98039572834264,8.41511030956764));
#6151=CARTESIAN_POINT('',(-0.426416136891335,3.98211734422754,8.72150052509774));
#6152=CARTESIAN_POINT('',(-0.274849794615122,3.7338148371451,9.33899755524892));
#6153=CARTESIAN_POINT('',(-0.206455955896214,3.09921200139828,9.61764116210315));
#6154=CARTESIAN_POINT('',(-0.207104639385009,2.775,9.61499835815463));
#6155=CARTESIAN_POINT('',(-0.38030344052856,4.05824058334444,8.38533271464218));
#6156=CARTESIAN_POINT('',(-0.300518947692747,4.06004677664296,8.71038303015642));
#6157=CARTESIAN_POINT('',(-0.139505621347306,3.79675833081347,9.36636805519506));
#6158=CARTESIAN_POINT('',(-0.0665322901283245,3.12067326893799,9.66366899042392));
#6159=CARTESIAN_POINT('',(-0.0672311995417068,2.775,9.66082156083886));
#6160=CARTESIAN_POINT('',(-0.278541965850925,4.08511885218767,8.36035508115016));
#6161=CARTESIAN_POINT('',(-0.197176031109369,4.08695424837264,8.69184835534168));
#6162=CARTESIAN_POINT('',(-0.0329008504311728,3.81849145813077,9.36112251392419));
#6163=CARTESIAN_POINT('',(0.0416536877998818,3.128083414652,9.66486545084909));
#6164=CARTESIAN_POINT('',(0.0409374363809942,2.775,9.66194736813133));
#6165=CARTESIAN_POINT('',(-0.173524971796803,4.08807070551825,8.33457837148449));
#6166=CARTESIAN_POINT('',(-0.0919853582895555,4.08990930885313,8.66677923101721));
#6167=CARTESIAN_POINT('',(0.0726480491640362,3.82087825635165,9.33751284271183));
#6168=CARTESIAN_POINT('',(0.147376240364045,3.12889721941873,9.64196325987936));
#6169=CARTESIAN_POINT('',(0.146658084393304,2.775,9.6390374178194));
#6170=CARTESIAN_POINT('',(-0.224100268326041,3.685,8.34699221694475));
#6171=CARTESIAN_POINT('',(-0.277999379288177,4.0811311162689,8.36022190178788));
#6172=CARTESIAN_POINT('',(-1.04778709361351,3.685,4.99120648806106));
#6173=CARTESIAN_POINT('',(-1.04778709361351,3.68500000000003,4.99120648806106));
#6174=CARTESIAN_POINT('',(-1.1016862045756,4.08113111626892,5.00443617290441));
#6175=CARTESIAN_POINT('',(-1.53995635129436,2.77500000000005,3.6607862378327));
#6176=CARTESIAN_POINT('',(-1.54022981063344,3.16368883295517,3.65967213606575));
#6177=CARTESIAN_POINT('',(-1.44558413225751,3.83548266896582,4.04526846593726));
#6178=CARTESIAN_POINT('',(-1.28488445919163,4.05657483575363,4.69997563491817));
#6179=CARTESIAN_POINT('',(-1.20399026581602,4.05824058334444,5.02954698575852));
#6180=CARTESIAN_POINT('',(-1.44460203786179,2.77500000000003,3.6097051635562));
#6181=CARTESIAN_POINT('',(-1.44486753490574,3.17300668353797,3.60862350100711));
#6182=CARTESIAN_POINT('',(-1.34805230129221,3.85889771217901,4.00305882439029));
#6183=CARTESIAN_POINT('',(-1.18458182525158,4.08333297241184,4.6690545326494));
#6184=CARTESIAN_POINT('',(-1.10222879113839,4.08511885218767,5.0045693522665));
#6185=CARTESIAN_POINT('',(-1.34028869776586,2.77500000000005,3.58106169453676));
#6186=CARTESIAN_POINT('',(-1.34055332036631,3.17402999826247,3.57998359456136));
#6187=CARTESIAN_POINT('',(-1.24349981959014,3.86146922352513,3.97538964312736));
#6188=CARTESIAN_POINT('',(-1.07972504552953,4.08627163246005,4.64262509314436));
#6189=CARTESIAN_POINT('',(-0.997211797084267,4.08807070551825,4.97879264260083));
#6190=CARTESIAN_POINT('',(-1.19320790784686,2.775,3.58668186487571));
#6191=CARTESIAN_POINT('',(-1.193484533561,3.15998339259337,3.58555486296767));
#6192=CARTESIAN_POINT('',(-1.09970162471258,3.82617118179122,3.96763618011976));
#6193=CARTESIAN_POINT('',(-0.940103820053571,4.0459338967624,4.61785422269799));
#6194=CARTESIAN_POINT('',(-0.859789765552551,4.04755187124897,4.94506202747166));
#6195=CARTESIAN_POINT('',(-1.03020433913032,2.77500000000001,3.66467830201511));
#6196=CARTESIAN_POINT('',(-1.0305149147006,3.12025368128507,3.66341298486482));
#6197=CARTESIAN_POINT('',(-0.945982616010783,3.72633346719532,4.00780635484985));
#6198=CARTESIAN_POINT('',(-0.798199038388412,3.93184180705424,4.60989200867274));
#6199=CARTESIAN_POINT('',(-0.724105229729972,3.93294755857828,4.91175788543709));
#6200=CARTESIAN_POINT('',(-0.906799868299286,2.77499999999999,3.83001120005664));
#6201=CARTESIAN_POINT('',(-0.907166723735579,3.05439234688341,3.82851659288329));
#6202=CARTESIAN_POINT('',(-0.83796948560904,3.56082898980622,4.11043333241857));
#6203=CARTESIAN_POINT('',(-0.709770766067309,3.74270735262677,4.63272823904056));
#6204=CARTESIAN_POINT('',(-0.645988476873977,3.74296397419964,4.89258391386676));
#6205=CARTESIAN_POINT('',(-0.882391193192786,2.77500000000004,4.03487175549727));
#6206=CARTESIAN_POINT('',(-0.882818709775456,2.98340383304016,4.03313000850926));
#6207=CARTESIAN_POINT('',(-0.830150337469406,3.38244030407753,4.24770643090929));
#6208=CARTESIAN_POINT('',(-0.723061119907941,3.53884914115368,4.68399903263281));
#6209=CARTESIAN_POINT('',(-0.670393082330423,3.53819052962598,4.89857409131396));
#6210=CARTESIAN_POINT('',(-0.94684546861229,2.77499999999998,4.20368897618556));
#6211=CARTESIAN_POINT('',(-0.947317001706784,2.93189364990741,4.20176790135388));
#6212=CARTESIAN_POINT('',(-0.906642188066722,3.25299916813556,4.3674813193034));
#6213=CARTESIAN_POINT('',(-0.814870297971031,3.39092698815175,4.74136953705936));
#6214=CARTESIAN_POINT('',(-0.770266905011635,3.38960427165736,4.92308839543819));
#6215=CARTESIAN_POINT('',(-1.0496060615677,2.775,4.3090673687207));
#6216=CARTESIAN_POINT('',(-1.05010065506513,2.9049072866198,4.30705234341083));
#6217=CARTESIAN_POINT('',(-1.01570930833563,3.1851845088499,4.44716626414976));
#6218=CARTESIAN_POINT('',(-0.931962219132634,3.31343006004133,4.78836060908162));
#6219=CARTESIAN_POINT('',(-0.891583921410991,3.31175941665556,4.95286599036365));
#6220=CARTESIAN_POINT('',(-1.14496037500026,2.77499999999999,4.3601484429972));
#6221=CARTESIAN_POINT('',(-1.14546293079283,2.89558943603702,4.35810097846948));
#6222=CARTESIAN_POINT('',(-1.11324113930094,3.16176946563671,4.48937590569671));
#6223=CARTESIAN_POINT('',(-1.03226485307268,3.28667192338312,4.8192817113504));
#6224=CARTESIAN_POINT('',(-0.993345396088625,3.28488114781233,4.97784362385566));
#6225=CARTESIAN_POINT('',(-1.2492737150962,2.77500000000002,4.38879191201663));
#6226=CARTESIAN_POINT('',(-1.24977714533226,2.89456612131249,4.38674088491523));
#6227=CARTESIAN_POINT('',(-1.21779362100301,3.1591979542906,4.51704508695967));
#6228=CARTESIAN_POINT('',(-1.13712163279473,3.28373326333491,4.84571115085543));
#6229=CARTESIAN_POINT('',(-1.09836239014275,3.28192929448175,5.00362033352135));
#6230=CARTESIAN_POINT('',(-1.3963545050152,2.77500000000001,4.38317174167768));
#6231=CARTESIAN_POINT('',(-1.39684593213758,2.90861272698163,4.38116961650892));
#6232=CARTESIAN_POINT('',(-1.36159181588057,3.19449599602449,4.52479854996725));
#6233=CARTESIAN_POINT('',(-1.27674285827069,3.32407099903257,4.87048202130182));
#6234=CARTESIAN_POINT('',(-1.23578442167446,3.32244812875103,5.03735094865051));
#6235=CARTESIAN_POINT('',(-1.55935807373174,2.77500000000002,4.30517530453828));
#6236=CARTESIAN_POINT('',(-1.55981555099797,2.94834243828992,4.30331149461177));
#6237=CARTESIAN_POINT('',(-1.51531082458237,3.29433371062039,4.48462837523717));
#6238=CARTESIAN_POINT('',(-1.41864763993585,3.43816308874073,4.87844423532706));
#6239=CARTESIAN_POINT('',(-1.37146895749704,3.43705244142172,5.07065509068507));
#6240=CARTESIAN_POINT('',(-1.68276254456277,2.77500000000003,4.13984240649675));
#6241=CARTESIAN_POINT('',(-1.683163741963,3.01420377269158,4.1382078865933));
#6242=CARTESIAN_POINT('',(-1.62332395498411,3.4598381880095,4.38200139766847));
#6243=CARTESIAN_POINT('',(-1.50707591225695,3.6272975431682,4.85560800495923));
#6244=CARTESIAN_POINT('',(-1.44958571035304,3.62703602580036,5.08982906225541));
#6245=CARTESIAN_POINT('',(-1.70717121966927,2.775,3.93498185105612));
#6246=CARTESIAN_POINT('',(-1.70751175592312,3.08519228653483,3.93359447096733));
#6247=CARTESIAN_POINT('',(-1.63114310312374,3.63822687373819,4.24472829917773));
#6248=CARTESIAN_POINT('',(-1.49378555841632,3.83115575464128,4.80433721136698));
#6249=CARTESIAN_POINT('',(-1.42518110489659,3.83180947037403,5.0838388848082));
#6250=CARTESIAN_POINT('',(-1.64271694424977,2.775,3.76616463036784));
#6251=CARTESIAN_POINT('',(-1.64301346399179,3.1367024696676,3.76495657812271));
#6252=CARTESIAN_POINT('',(-1.55465125252643,3.76766800968015,4.12495341078362));
#6253=CARTESIAN_POINT('',(-1.40197638035323,3.97907790764322,4.74696670694044));
#6254=CARTESIAN_POINT('',(-1.32530728221538,3.98039572834264,5.05932458068398));
#6255=CARTESIAN_POINT('',(-1.53995635129436,2.77500000000005,3.6607862378327));
#6256=CARTESIAN_POINT('',(-1.54022981063344,3.16368883295517,3.65967213606575));
#6257=CARTESIAN_POINT('',(-1.44558413225751,3.83548266896582,4.04526846593726));
#6258=CARTESIAN_POINT('',(-1.28488445919163,4.05657483575363,4.69997563491817));
#6259=CARTESIAN_POINT('',(-1.20399026581602,4.05824058334444,5.02954698575852));
#6260=CARTESIAN_POINT('',(-1.44460203786179,2.77500000000003,3.6097051635562));
#6261=CARTESIAN_POINT('',(-1.44486753490574,3.17300668353797,3.60862350100711));
#6262=CARTESIAN_POINT('',(-1.34805230129221,3.85889771217901,4.00305882439029));
#6263=CARTESIAN_POINT('',(-1.18458182525158,4.08333297241184,4.6690545326494));
#6264=CARTESIAN_POINT('',(-1.10222879113839,4.08511885218767,5.0045693522665));
#6265=CARTESIAN_POINT('',(-1.34028869776586,2.77500000000005,3.58106169453676));
#6266=CARTESIAN_POINT('',(-1.34055332036631,3.17402999826247,3.57998359456136));
#6267=CARTESIAN_POINT('',(-1.24349981959014,3.86146922352513,3.97538964312736));
#6268=CARTESIAN_POINT('',(-1.07972504552953,4.08627163246005,4.64262509314436));
#6269=CARTESIAN_POINT('',(-0.997211797084267,4.08807070551825,4.97879264260083));
#6270=CARTESIAN_POINT('',(-1.29478120643103,2.775,3.98492680327669));
#6271=CARTESIAN_POINT('',(-1.44310886675123,2.775,3.61344476443237));
#6272=CARTESIAN_POINT('',(-1.29478120643103,-2.775,3.98492680327669));
#6273=CARTESIAN_POINT('',(-1.29478120643103,-2.775,3.98492680327669));
#6274=CARTESIAN_POINT('',(-1.44310886675123,-2.775,3.61344476443237));
#6275=CARTESIAN_POINT('',(-1.57598667131223,-2.775,4.85038823310528));
#6276=CARTESIAN_POINT('',(-1.57598667131223,-3.685,4.85038823310528));
#6277=CARTESIAN_POINT('',(-1.81932613240191,-3.99246464595468,4.77132244932655));
#6278=CARTESIAN_POINT('',(-2.58029190303081,-3.685,7.94132191106453));
#6279=CARTESIAN_POINT('',(-2.58029190303081,-3.685,7.94132191106453));
#6280=CARTESIAN_POINT('',(-2.82363136412049,-3.99246464595468,7.86225612728579));
#6281=CARTESIAN_POINT('',(-2.58029190303081,-2.775,7.94132191106453));
#6282=CARTESIAN_POINT('',(-2.86149736791201,-2.775,8.80678334089312));
#6283=CARTESIAN_POINT('',(-3.19984862977116,-2.775,9.02013381217997));
#6284=CARTESIAN_POINT('',(-2.86149736791201,2.775,8.80678334089312));
#6285=CARTESIAN_POINT('',(-2.86149736791201,2.775,8.80678334089312));
#6286=CARTESIAN_POINT('',(-3.19984862977116,2.775,9.02013381217997));
#6287=CARTESIAN_POINT('',(-3.17062849677866,3.83134931825628,7.84138087444717));
#6288=CARTESIAN_POINT('',(-3.19108450608176,3.83290899717216,8.11932568029787));
#6289=CARTESIAN_POINT('',(-3.232184007611,3.61329946372265,8.67776270502939));
#6290=CARTESIAN_POINT('',(-3.25054339699992,3.05812097640217,8.92721981289559));
#6291=CARTESIAN_POINT('',(-3.25037327074251,2.775,8.92490823252429));
#6292=CARTESIAN_POINT('',(-3.11663597247349,3.92500153766944,7.84535458273829));
#6293=CARTESIAN_POINT('',(-3.13878864244732,3.92666296849298,8.14635266421735));
#6294=CARTESIAN_POINT('',(-3.18338764651279,3.68902441535272,8.75233897085403));
#6295=CARTESIAN_POINT('',(-3.20344344456518,3.08394022080139,9.02484593021489));
#6296=CARTESIAN_POINT('',(-3.2032547128196,2.775,9.02228154888304));
#6297=CARTESIAN_POINT('',(-3.04326034664293,4.00430208011822,7.85075483650457));
#6298=CARTESIAN_POINT('',(-3.06684967356289,4.0060496699407,8.17127340851771));
#6299=CARTESIAN_POINT('',(-3.11441190104328,3.75314494318217,8.81752233649702));
#6300=CARTESIAN_POINT('',(-3.13590414265323,3.10580281091732,9.10954688698752));
#6301=CARTESIAN_POINT('',(-3.13569965660609,2.775,9.10676844502338));
#6302=CARTESIAN_POINT('',(-2.91562935640003,4.07700999717216,7.86014814290503));
#6303=CARTESIAN_POINT('',(-2.94053590424748,4.07883658319258,8.1985643756753));
#6304=CARTESIAN_POINT('',(-2.9908150085059,3.81193483130797,8.88172870476735));
#6305=CARTESIAN_POINT('',(-3.01362427539475,3.12584786155186,9.1916482576516));
#6306=CARTESIAN_POINT('',(-3.01340534477492,2.775,9.18867355091781));
#6307=CARTESIAN_POINT('',(-2.73647453093465,4.0965881309156,7.87333346854981));
#6308=CARTESIAN_POINT('',(-2.76173576818227,4.09843598832146,8.2165690223816));
#6309=CARTESIAN_POINT('',(-2.81274644857545,3.82776524344361,8.90967359855351));
#6310=CARTESIAN_POINT('',(-2.83591035218198,3.13124541243929,9.22441175667911));
#6311=CARTESIAN_POINT('',(-2.83568753205758,2.775,9.22138420153396));
#6312=CARTESIAN_POINT('',(-2.54500087270654,4.02107067942628,7.88742542800206));
#6313=CARTESIAN_POINT('',(-2.56889398978896,4.0228364881119,8.21207173072115));
#6314=CARTESIAN_POINT('',(-2.61708280952925,3.76670363276223,8.86683444364489));
#6315=CARTESIAN_POINT('',(-2.63887879617929,3.11042579333547,9.16298611174398));
#6316=CARTESIAN_POINT('',(-2.63867097878584,2.775,9.16016240531054));
#6317=CARTESIAN_POINT('',(-2.41667670889991,3.85980275218034,7.89686975016022));
#6318=CARTESIAN_POINT('',(-2.43764819794914,3.86139334537887,8.18181860630399));
#6319=CARTESIAN_POINT('',(-2.47981091896003,3.63630623196701,8.75470206230321));
#6320=CARTESIAN_POINT('',(-2.49868571153017,3.0659653838181,9.01116218014158));
#6321=CARTESIAN_POINT('',(-2.49850993255006,2.775,9.00877379373757));
#6322=CARTESIAN_POINT('',(-2.3826174175859,3.68235617182869,7.89937642474205));
#6323=CARTESIAN_POINT('',(-2.40037417626434,3.68375397164578,8.14064532378721));
#6324=CARTESIAN_POINT('',(-2.43590625080602,3.49282715802462,8.62343526651875));
#6325=CARTESIAN_POINT('',(-2.45156679049356,3.01704463581432,8.83622191510064));
#6326=CARTESIAN_POINT('',(-2.45142626407098,2.775,8.83431252071882));
#6327=CARTESIAN_POINT('',(-2.41436043811398,3.53865068174371,7.89704022161984));
#6328=CARTESIAN_POINT('',(-2.42951374057192,3.53989234743127,8.10293481461015));
#6329=CARTESIAN_POINT('',(-2.45967597198361,3.37663032516952,8.51276233421718));
#6330=CARTESIAN_POINT('',(-2.47273344214547,2.9774260641108,8.690179930937));
#6331=CARTESIAN_POINT('',(-2.47262146508151,2.775,8.68865844926196));
#6332=CARTESIAN_POINT('',(-2.46835296241914,3.44499846233055,7.89306651332871));
#6333=CARTESIAN_POINT('',(-2.48180960420635,3.44613837611045,8.07590783069065));
#6334=CARTESIAN_POINT('',(-2.50847233308181,3.30090537353946,8.43818606839253));
#6335=CARTESIAN_POINT('',(-2.51983339458021,2.95160681971157,8.59255381361769));
#6336=CARTESIAN_POINT('',(-2.51974002300443,2.775,8.59128513290321));
#6337=CARTESIAN_POINT('',(-2.54172858824971,3.36569791988178,7.88766625956244));
#6338=CARTESIAN_POINT('',(-2.55374857309079,3.36675167466274,8.0509870863903));
#6339=CARTESIAN_POINT('',(-2.57744807855132,3.23678484571,8.37300270274953));
#6340=CARTESIAN_POINT('',(-2.58737269649216,2.92974422959565,8.50785285684508));
#6341=CARTESIAN_POINT('',(-2.58729507921793,2.775,8.50679823676287));
#6342=CARTESIAN_POINT('',(-2.6693595784926,3.29299000282784,7.87827295316198));
#6343=CARTESIAN_POINT('',(-2.6800623424062,3.29396476141085,8.0236961192327));
#6344=CARTESIAN_POINT('',(-2.7010449710887,3.17799495758421,8.30879633447923));
#6345=CARTESIAN_POINT('',(-2.70965256375064,2.9096991789611,8.42575148618098));
#6346=CARTESIAN_POINT('',(-2.7095893910491,2.775,8.42489313086844));
#6347=CARTESIAN_POINT('',(-2.84851440395799,3.2734118690844,7.8650876275172));
#6348=CARTESIAN_POINT('',(-2.85886247847141,3.27436535628197,8.0056914725264));
#6349=CARTESIAN_POINT('',(-2.87911353101915,3.16216454544855,8.28085144069306));
#6350=CARTESIAN_POINT('',(-2.88736648696341,2.90430162807368,8.39298798715348));
#6351=CARTESIAN_POINT('',(-2.88730720376645,2.775,8.39218248025229));
#6352=CARTESIAN_POINT('',(-3.0399880621861,3.34892932057371,7.85099566806494));
#6353=CARTESIAN_POINT('',(-3.05170425686472,3.34996485649152,8.01018876418686));
#6354=CARTESIAN_POINT('',(-3.07477717006535,3.22322615612994,8.32369059560168));
#6355=CARTESIAN_POINT('',(-3.08439804296611,2.92512124717749,8.4544136320886));
#6356=CARTESIAN_POINT('',(-3.08432375703819,2.775,8.45340427647572));
#6357=CARTESIAN_POINT('',(-3.16831222599273,3.51019724781966,7.84155134590678));
#6358=CARTESIAN_POINT('',(-3.18295004870454,3.51140799922456,8.04044188860403));
#6359=CARTESIAN_POINT('',(-3.21204906063457,3.35362355692517,8.43582297694334));
#6360=CARTESIAN_POINT('',(-3.22459112761521,2.96958165669486,8.60623756369101));
#6361=CARTESIAN_POINT('',(-3.22448480327397,2.775,8.60479288804868));
#6362=CARTESIAN_POINT('',(-3.20237151730674,3.68764382817131,7.83904467132496));
#6363=CARTESIAN_POINT('',(-3.22022407038933,3.68904737295764,8.08161517112081));
#6364=CARTESIAN_POINT('',(-3.25595372878859,3.49710263086756,8.56708977272782));
#6365=CARTESIAN_POINT('',(-3.27171004865183,3.01850240469864,8.78117782873193));
#6366=CARTESIAN_POINT('',(-3.27156847175304,2.775,8.77925416106743));
#6367=CARTESIAN_POINT('',(-3.17062849677866,3.83134931825628,7.84138087444717));
#6368=CARTESIAN_POINT('',(-3.19108450608176,3.83290899717216,8.11932568029787));
#6369=CARTESIAN_POINT('',(-3.232184007611,3.61329946372265,8.67776270502939));
#6370=CARTESIAN_POINT('',(-3.25054339699992,3.05812097640217,8.92721981289559));
#6371=CARTESIAN_POINT('',(-3.25037327074251,2.775,8.92490823252429));
#6372=CARTESIAN_POINT('',(-3.11663597247349,3.92500153766944,7.84535458273829));
#6373=CARTESIAN_POINT('',(-3.13878864244732,3.92666296849298,8.14635266421735));
#6374=CARTESIAN_POINT('',(-3.18338764651279,3.68902441535272,8.75233897085403));
#6375=CARTESIAN_POINT('',(-3.20344344456518,3.08394022080139,9.02484593021489));
#6376=CARTESIAN_POINT('',(-3.2032547128196,2.775,9.02228154888304));
#6377=CARTESIAN_POINT('',(-3.04326034664293,4.00430208011822,7.85075483650457));
#6378=CARTESIAN_POINT('',(-3.06684967356289,4.0060496699407,8.17127340851771));
#6379=CARTESIAN_POINT('',(-3.11441190104328,3.75314494318217,8.81752233649702));
#6380=CARTESIAN_POINT('',(-3.13590414265323,3.10580281091732,9.10954688698752));
#6381=CARTESIAN_POINT('',(-3.13569965660609,2.775,9.10676844502338));
#6382=CARTESIAN_POINT('',(-2.79249446744632,3.685,7.8692105480335));
#6383=CARTESIAN_POINT('',(-3.11340545555259,3.92260959150871,7.84559234031748));
#6384=CARTESIAN_POINT('',(-2.53887237031641,3.685,4.42313543623117));
#6385=CARTESIAN_POINT('',(-2.53887237031641,3.685,4.42313543623117));
#6386=CARTESIAN_POINT('',(-2.85978335842268,3.92260959150872,4.39951722851516));
#6387=CARTESIAN_POINT('',(-2.83021236293964,2.775,3.2159969676272));
#6388=CARTESIAN_POINT('',(-2.83008292030551,3.0843052521913,3.2142381735593));
#6389=CARTESIAN_POINT('',(-2.85365748792256,3.63857885857308,3.53455620442512));
#6390=CARTESIAN_POINT('',(-2.89587498469934,3.83052509558401,4.1081839228745));
#6391=CARTESIAN_POINT('',(-2.91700639964875,3.83134931825628,4.39530576264484));
#6392=CARTESIAN_POINT('',(-2.76934587225223,2.775,3.1265710678507));
#6393=CARTESIAN_POINT('',(-2.7692227430234,3.11670233773646,3.12489805680057));
#6394=CARTESIAN_POINT('',(-2.79513102547799,3.72023039025133,3.47692529877505));
#6395=CARTESIAN_POINT('',(-2.8403161395606,3.92374381923935,4.09087534029749));
#6396=CARTESIAN_POINT('',(-2.86301387534358,3.92500153766945,4.39927947093597));
#6397=CARTESIAN_POINT('',(-2.6901496768046,2.775,3.05288467924291));
#6398=CARTESIAN_POINT('',(-2.69003189348714,3.14413475176348,3.05128430544456));
#6399=CARTESIAN_POINT('',(-2.71791626207935,3.78936928300189,3.43016149990599));
#6400=CARTESIAN_POINT('',(-2.76561422277259,4.00267729672202,4.07825469481576));
#6401=CARTESIAN_POINT('',(-2.78963824951302,4.00430208011822,4.40467972470224));
#6402=CARTESIAN_POINT('',(-2.55718200814999,2.775,2.9897661861494));
#6403=CARTESIAN_POINT('',(-2.55706912631327,3.16928658076836,2.988232410928));
#6404=CARTESIAN_POINT('',(-2.58676529975001,3.8527603358759,3.39172739560927));
#6405=CARTESIAN_POINT('',(-2.63676720234951,4.07504866463916,4.07112526370017));
#6406=CARTESIAN_POINT('',(-2.66200725927013,4.07700999717216,4.4140730311027));
#6407=CARTESIAN_POINT('',(-2.37659016993655,2.775,2.9834261868228));
#6408=CARTESIAN_POINT('',(-2.37647860792646,3.17605923898912,2.981910344667));
#6409=CARTESIAN_POINT('',(-2.40666264787075,3.86982970825778,3.3920341864098));
#6410=CARTESIAN_POINT('',(-2.45728493521795,4.09453617545901,4.07986149524345));
#6411=CARTESIAN_POINT('',(-2.48285243380474,4.0965881309156,4.42725835674748));
#6412=CARTESIAN_POINT('',(-2.19065940675208,2.775,3.07283190195074));
#6413=CARTESIAN_POINT('',(-2.19054275386127,3.1499355085385,3.07124688775692));
#6414=CARTESIAN_POINT('',(-2.21884497831695,3.80398913746109,3.4558016738311));
#6415=CARTESIAN_POINT('',(-2.26707429625739,4.01936827783042,4.11111465363245));
#6416=CARTESIAN_POINT('',(-2.29137877557663,4.02107067942628,4.44135031619973));
#6417=CARTESIAN_POINT('',(-2.07417212537461,2.775,3.24310915784003));
#6418=CARTESIAN_POINT('',(-2.07404460088041,3.09414814047168,3.24137642638381));
#6419=CARTESIAN_POINT('',(-2.09832819815359,3.66338624141956,3.57132835539661));
#6420=CARTESIAN_POINT('',(-2.14144731694694,3.85884682474998,4.15720680919869));
#6421=CARTESIAN_POINT('',(-2.16305461177,3.85980275218034,4.4507946383579));
#6422=CARTESIAN_POINT('',(-2.05313721122565,2.775,3.42258378002243));
#6423=CARTESIAN_POINT('',(-2.05299772447164,3.03276409555131,3.42068851207482));
#6424=CARTESIAN_POINT('',(-2.07285953953792,3.50867784083314,3.6905597391871));
#6425=CARTESIAN_POINT('',(-2.11035579593666,3.68222160603079,4.20003788570357));
#6426=CARTESIAN_POINT('',(-2.12899532045599,3.68235617182869,4.45330131293972));
#6427=CARTESIAN_POINT('',(-2.09542805127129,2.775,3.56356544523486));
#6428=CARTESIAN_POINT('',(-2.09527887685575,2.98305209636149,3.56153854676438));
#6429=CARTESIAN_POINT('',(-2.11155970220764,3.38338691393854,3.78275328980045));
#6430=CARTESIAN_POINT('',(-2.14450227155027,3.53918129740887,4.23035848514836));
#6431=CARTESIAN_POINT('',(-2.16073834098407,3.53865068174371,4.45096510981751));
#6432=CARTESIAN_POINT('',(-2.1562945419587,2.775,3.65299134501136));
#6433=CARTESIAN_POINT('',(-2.15613905413787,2.95065501081632,3.65087866352312));
#6434=CARTESIAN_POINT('',(-2.17008616465221,3.3017353822603,3.84038419545051));
#6435=CARTESIAN_POINT('',(-2.20006111668902,3.44596257375353,4.24766706772538));
#6436=CARTESIAN_POINT('',(-2.21473086528924,3.44499846233055,4.44699140152638));
#6437=CARTESIAN_POINT('',(-2.23549073740633,2.775,3.72667773361916));
#6438=CARTESIAN_POINT('',(-2.23532990367412,2.9232225967893,3.72449241487912));
#6439=CARTESIAN_POINT('',(-2.24730092805086,3.23259648950975,3.88714799431959));
#6440=CARTESIAN_POINT('',(-2.27476303347703,3.36702909627085,4.26028771320711));
#6441=CARTESIAN_POINT('',(-2.2881064911198,3.36569791988178,4.44159114776011));
#6442=CARTESIAN_POINT('',(-2.36845840606094,2.775,3.78979622671266));
#6443=CARTESIAN_POINT('',(-2.36829267084801,2.89807076778443,3.78754430939568));
#6444=CARTESIAN_POINT('',(-2.37845189038019,3.16920543663572,3.9255820986163));
#6445=CARTESIAN_POINT('',(-2.40361005390011,3.29465772835371,4.26741714432269));
#6446=CARTESIAN_POINT('',(-2.41573748136269,3.29299000282784,4.43219784135965));
#6447=CARTESIAN_POINT('',(-2.54905024427437,2.775,3.79613622603926));
#6448=CARTESIAN_POINT('',(-2.54888318923481,2.89129810956366,3.79386637565667));
#6449=CARTESIAN_POINT('',(-2.55855454225945,3.15213606425385,3.92527530781578));
#6450=CARTESIAN_POINT('',(-2.58309232103167,3.27517021753386,4.25868091277942));
#6451=CARTESIAN_POINT('',(-2.59489230682808,3.2734118690844,4.41901251571487));
#6452=CARTESIAN_POINT('',(-2.73498100745885,2.775,3.70673051091132));
#6453=CARTESIAN_POINT('',(-2.7348190433,2.91742184001428,3.70452983256677));
#6454=CARTESIAN_POINT('',(-2.74637221181326,3.21797663505054,3.86150782039447));
#6455=CARTESIAN_POINT('',(-2.77330295999223,3.35033811516245,4.22742775439042));
#6456=CARTESIAN_POINT('',(-2.78636596505619,3.34892932057371,4.40492055626262));
#6457=CARTESIAN_POINT('',(-2.85146828883632,2.775,3.53645325502203));
#6458=CARTESIAN_POINT('',(-2.85131719628086,2.97320920808111,3.53440029393987));
#6459=CARTESIAN_POINT('',(-2.86688899197661,3.35857953109206,3.74598113882896));
#6460=CARTESIAN_POINT('',(-2.89892993930268,3.5108595682429,4.18133559882418));
#6461=CARTESIAN_POINT('',(-2.91469012886282,3.51019724781966,4.39547623410445));
#6462=CARTESIAN_POINT('',(-2.87250320298528,2.775,3.35697863283964));
#6463=CARTESIAN_POINT('',(-2.87236407268963,3.03459325300147,3.35508820824887));
#6464=CARTESIAN_POINT('',(-2.89235765059229,3.5132879316785,3.62674975503846));
#6465=CARTESIAN_POINT('',(-2.93002146031297,3.68748478696208,4.1385045223193));
#6466=CARTESIAN_POINT('',(-2.94874942017683,3.68764382817131,4.39296955952263));
#6467=CARTESIAN_POINT('',(-2.83021236293964,2.775,3.2159969676272));
#6468=CARTESIAN_POINT('',(-2.83008292030551,3.0843052521913,3.2142381735593));
#6469=CARTESIAN_POINT('',(-2.85365748792256,3.63857885857308,3.53455620442512));
#6470=CARTESIAN_POINT('',(-2.89587498469934,3.83052509558401,4.1081839228745));
#6471=CARTESIAN_POINT('',(-2.91700639964875,3.83134931825628,4.39530576264484));
#6472=CARTESIAN_POINT('',(-2.76934587225223,2.775,3.1265710678507));
#6473=CARTESIAN_POINT('',(-2.7692227430234,3.11670233773646,3.12489805680057));
#6474=CARTESIAN_POINT('',(-2.79513102547799,3.72023039025133,3.47692529877505));
#6475=CARTESIAN_POINT('',(-2.8403161395606,3.92374381923935,4.09087534029749));
#6476=CARTESIAN_POINT('',(-2.86301387534358,3.92500153766945,4.39927947093597));
#6477=CARTESIAN_POINT('',(-2.6901496768046,2.775,3.05288467924291));
#6478=CARTESIAN_POINT('',(-2.69003189348714,3.14413475176348,3.05128430544456));
#6479=CARTESIAN_POINT('',(-2.71791626207935,3.78936928300189,3.43016149990599));
#6480=CARTESIAN_POINT('',(-2.76561422277259,4.00267729672202,4.07825469481576));
#6481=CARTESIAN_POINT('',(-2.78963824951302,4.00430208011822,4.40467972470224));
#6482=CARTESIAN_POINT('',(-2.46282020710546,2.775,3.38978120643103));
#6483=CARTESIAN_POINT('',(-2.76629092145886,2.775,3.12919431971215));
#6484=CARTESIAN_POINT('',(-2.46282020710546,-2.775,3.38978120643103));
#6485=CARTESIAN_POINT('',(-2.46282020710546,-2.775,3.38978120643103));
#6486=CARTESIAN_POINT('',(-2.76629092145886,-2.775,3.12919431971215));
#6487=CARTESIAN_POINT('',(-2.99770478669161,-2.775,4.12598667131223));
#6488=CARTESIAN_POINT('',(-2.99770478669161,-3.685,4.12598667131223));
#6489=CARTESIAN_POINT('',(-3.32024537622099,-3.71744360946725,3.89164721601122));
#6490=CARTESIAN_POINT('',(-4.90800685664215,-3.685,6.75529190303081));
#6491=CARTESIAN_POINT('',(-4.90800685664215,-3.685,6.75529190303081));
#6492=CARTESIAN_POINT('',(-5.23054744617153,-3.71744360946725,6.5209524477298));
#6493=CARTESIAN_POINT('',(-4.90800685664215,-2.775,6.75529190303081));
#6494=CARTESIAN_POINT('',(-5.4428914362283,-2.775,7.49149736791201));
#6495=CARTESIAN_POINT('',(-5.78450190093367,-2.775,7.28340534402886));
#6496=CARTESIAN_POINT('',(-5.4428914362283,2.775,7.49149736791201));
#6497=CARTESIAN_POINT('',(-5.4428914362283,2.775,7.49149736791201));
#6498=CARTESIAN_POINT('',(-5.78450190093367,2.775,7.28340534402886));
#6499=CARTESIAN_POINT('',(-5.42999587379776,3.51661729153782,6.48131764728359));
#6500=CARTESIAN_POINT('',(-5.50597679921177,3.51783501823598,6.66741751602955));
#6501=CARTESIAN_POINT('',(-5.65706650680696,3.35881465120004,7.03748111553351));
#6502=CARTESIAN_POINT('',(-5.72225460679091,2.97135161664722,7.19714614704891));
#6503=CARTESIAN_POINT('',(-5.72170048872489,2.77499999999998,7.19578894721509));
#6504=CARTESIAN_POINT('',(-5.45684399803161,3.62083218305621,6.47035608487807));
#6505=CARTESIAN_POINT('',(-5.54254786353737,3.62216313786669,6.68027032367862));
#6506=CARTESIAN_POINT('',(-5.7136919368037,3.44308032764437,7.09945302509993));
#6507=CARTESIAN_POINT('',(-5.78860153271817,3.00008291389797,7.28292888948982));
#6508=CARTESIAN_POINT('',(-5.78794079342251,2.77499999999998,7.28131054257558));
#6509=CARTESIAN_POINT('',(-5.46160837287749,3.72888419907485,6.46841088409825));
#6510=CARTESIAN_POINT('',(-5.55739317080312,3.73033255098307,6.70301632256442));
#6511=CARTESIAN_POINT('',(-5.74932999843663,3.53044861146951,7.17312665927726));
#6512=CARTESIAN_POINT('',(-5.83431902943664,3.02987207882001,7.38129005591603));
#6513=CARTESIAN_POINT('',(-5.83354774318706,2.77499999999997,7.37940094665576));
#6514=CARTESIAN_POINT('',(-5.42676249399531,3.87117863129193,6.48263777282296));
#6515=CARTESIAN_POINT('',(-5.53582294014816,3.87278158423383,6.7497592194733));
#6516=CARTESIAN_POINT('',(-5.75514188693058,3.64550449657705,7.28693650426339));
#6517=CARTESIAN_POINT('',(-5.85340459430813,3.0691016320018,7.52761107944036));
#6518=CARTESIAN_POINT('',(-5.85248772802566,2.77499999999997,7.52536540141153));
#6519=CARTESIAN_POINT('',(-5.32330807106554,4.01318816129214,6.52487618408753));
#6520=CARTESIAN_POINT('',(-5.44561758491429,4.0149454057252,6.82444853530082));
#6521=CARTESIAN_POINT('',(-5.69226382630809,3.76033001654507,7.42855848658115));
#6522=CARTESIAN_POINT('',(-5.80377363347985,3.1082526396882,7.70167914634503));
#6523=CARTESIAN_POINT('',(-5.80271147864517,2.77499999999996,7.69907761347039));
#6524=CARTESIAN_POINT('',(-5.1489672259687,4.09746339791112,6.59605613083965));
#6525=CARTESIAN_POINT('',(-5.27913936928359,4.09931220628305,6.91488639847968));
#6526=CARTESIAN_POINT('',(-5.54200293228617,3.82847296346692,7.5587173903549));
#6527=CARTESIAN_POINT('',(-5.66137420107729,3.13148671726482,7.85109310614156));
#6528=CARTESIAN_POINT('',(-5.66022582507761,2.77499999999996,7.84828039200793));
#6529=CARTESIAN_POINT('',(-4.95895281309093,4.07649609250455,6.67363528782528));
#6530=CARTESIAN_POINT('',(-5.08716876903774,4.07832212017426,6.98767427119946));
#6531=CARTESIAN_POINT('',(-5.34599753429083,3.81151930024704,7.62162284419776));
#6532=CARTESIAN_POINT('',(-5.46341290626899,3.12570618172516,7.9092079873744));
#6533=CARTESIAN_POINT('',(-5.46228598171307,2.77499999999996,7.90644781420216));
#6534=CARTESIAN_POINT('',(-4.81948599275297,3.97669493200698,6.73057685444342));
#6535=CARTESIAN_POINT('',(-4.93839079661329,3.97841252702522,7.02181005897603));
#6536=CARTESIAN_POINT('',(-5.17801454291121,3.73082246146779,7.60871983260003));
#6537=CARTESIAN_POINT('',(-5.28612014580069,3.09819171842296,7.87350258430778));
#6538=CARTESIAN_POINT('',(-5.28509532682965,2.77499999999997,7.87099249805985));
#6539=CARTESIAN_POINT('',(-4.74508382948211,3.85338270846218,6.76095379805018));
#6540=CARTESIAN_POINT('',(-4.85248396884931,3.85496632636741,7.02400865992022));
#6541=CARTESIAN_POINT('',(-5.06837839598122,3.63111513769224,7.55279827827941));
#6542=CARTESIAN_POINT('',(-5.16498104318073,3.06419542386566,7.78940687269133));
#6543=CARTESIAN_POINT('',(-5.16408238373172,2.77499999999997,7.78720578860894));
#6544=CARTESIAN_POINT('',(-4.71823570524825,3.74916781694378,6.7719153604557));
#6545=CARTESIAN_POINT('',(-4.8159129045237,3.75063820673669,7.01115585227115));
#6546=CARTESIAN_POINT('',(-5.01175296598447,3.5468494612479,7.49082636871301));
#6547=CARTESIAN_POINT('',(-5.09863411725347,3.03546412661492,7.7036241302504));
#6548=CARTESIAN_POINT('',(-5.09784207903409,2.77499999999997,7.70168419324844));
#6549=CARTESIAN_POINT('',(-4.71347133040238,3.64111580092515,6.77386056123553));
#6550=CARTESIAN_POINT('',(-4.80106759725796,3.64246879362031,6.98840985338536));
#6551=CARTESIAN_POINT('',(-4.97611490435157,3.45948117742276,7.41715273453566));
#6552=CARTESIAN_POINT('',(-5.05291662053499,3.00567496169288,7.60526296382421));
#6553=CARTESIAN_POINT('',(-5.05223512926955,2.77499999999998,7.60359378916827));
#6554=CARTESIAN_POINT('',(-4.74831720928455,3.49882136870807,6.75963367251081));
#6555=CARTESIAN_POINT('',(-4.82263782791292,3.50001976036955,6.94166695647647));
#6556=CARTESIAN_POINT('',(-4.97030301585758,3.34442529231522,7.30334288954954));
#6557=CARTESIAN_POINT('',(-5.03383105566351,2.96644540851109,7.45894194029986));
#6558=CARTESIAN_POINT('',(-5.03329514443094,2.77499999999998,7.45762933441249));
#6559=CARTESIAN_POINT('',(-4.85177163221432,3.35681183870785,6.71739526124625));
#6560=CARTESIAN_POINT('',(-4.91284318314679,3.35785593887818,6.86697764064895));
#6561=CARTESIAN_POINT('',(-5.03318107648011,3.2295997723472,7.16172090723178));
#6562=CARTESIAN_POINT('',(-5.08346201649178,2.92729440082468,7.2848738733952));
#6563=CARTESIAN_POINT('',(-5.08307139381143,2.77499999999998,7.28391712235364));
#6564=CARTESIAN_POINT('',(-5.02611247731116,3.27253660208888,6.64621531449412));
#6565=CARTESIAN_POINT('',(-5.07932139877748,3.27348913832033,6.77653977747009));
#6566=CARTESIAN_POINT('',(-5.18344197050201,3.16145682542535,7.03156200345803));
#6567=CARTESIAN_POINT('',(-5.22586144889435,2.90406032324807,7.13545991359866));
#6568=CARTESIAN_POINT('',(-5.22555704737899,2.77499999999999,7.1347143438161));
#6569=CARTESIAN_POINT('',(-5.21612689018894,3.29350390749545,6.56863615750849));
#6570=CARTESIAN_POINT('',(-5.27129199902334,3.29447922442913,6.70375190475031));
#6571=CARTESIAN_POINT('',(-5.37944736849734,3.17841048864524,6.96865654961516));
#6572=CARTESIAN_POINT('',(-5.42382274370265,2.90984085878772,7.07734503236583));
#6573=CARTESIAN_POINT('',(-5.42349689074353,2.77499999999999,7.07654692162186));
#6574=CARTESIAN_POINT('',(-5.35559371052689,3.39330506799302,6.51169459089035));
#6575=CARTESIAN_POINT('',(-5.42006997144778,3.39438881757816,6.66961611697374));
#6576=CARTESIAN_POINT('',(-5.54743035987698,3.25910732742448,6.9815595612129));
#6577=CARTESIAN_POINT('',(-5.60111550417094,2.93735532208992,7.11305043543244));
#6578=CARTESIAN_POINT('',(-5.60068754562695,2.77499999999998,7.11200223776417));
#6579=CARTESIAN_POINT('',(-5.42999587379776,3.51661729153782,6.48131764728359));
#6580=CARTESIAN_POINT('',(-5.50597679921177,3.51783501823598,6.66741751602955));
#6581=CARTESIAN_POINT('',(-5.65706650680696,3.35881465120004,7.03748111553351));
#6582=CARTESIAN_POINT('',(-5.72225460679091,2.97135161664722,7.19714614704891));
#6583=CARTESIAN_POINT('',(-5.72170048872489,2.77499999999998,7.19578894721509));
#6584=CARTESIAN_POINT('',(-5.45684399803161,3.62083218305621,6.47035608487807));
#6585=CARTESIAN_POINT('',(-5.54254786353737,3.62216313786669,6.68027032367862));
#6586=CARTESIAN_POINT('',(-5.7136919368037,3.44308032764437,7.09945302509993));
#6587=CARTESIAN_POINT('',(-5.78860153271817,3.00008291389797,7.28292888948982));
#6588=CARTESIAN_POINT('',(-5.78794079342251,2.77499999999998,7.28131054257558));
#6589=CARTESIAN_POINT('',(-5.46160837287749,3.72888419907485,6.46841088409825));
#6590=CARTESIAN_POINT('',(-5.55739317080312,3.73033255098307,6.70301632256442));
#6591=CARTESIAN_POINT('',(-5.74932999843663,3.53044861146951,7.17312665927726));
#6592=CARTESIAN_POINT('',(-5.83431902943664,3.02987207882001,7.38129005591603));
#6593=CARTESIAN_POINT('',(-5.83354774318706,2.77499999999997,7.37940094665576));
#6594=CARTESIAN_POINT('',(-5.08753985163993,3.685,6.62113572266689));
#6595=CARTESIAN_POINT('',(-5.45316337313362,3.62147170380625,6.47185881181569));
#6596=CARTESIAN_POINT('',(-3.78143513004862,3.685,3.42209707010689));
#6597=CARTESIAN_POINT('',(-3.78143513004862,3.685,3.42209707010689));
#6598=CARTESIAN_POINT('',(-4.14705865154231,3.62147170380626,3.27282015925569));
#6599=CARTESIAN_POINT('',(-3.7958841982501,2.775,2.47889247703579));
#6600=CARTESIAN_POINT('',(-3.79497094272255,2.97439121974063,2.47665564281876));
#6601=CARTESIAN_POINT('',(-3.87622222167231,3.36495773731471,2.67566417378364));
#6602=CARTESIAN_POINT('',(-4.0423316857549,3.51719557378844,3.08251562096992));
#6603=CARTESIAN_POINT('',(-4.12389115220646,3.51661729153782,3.28227899472361));
#6604=CARTESIAN_POINT('',(-3.78334014202018,2.775,2.37144775686426));
#6605=CARTESIAN_POINT('',(-3.78244120025878,3.01027719280215,2.36924598131476));
#6606=CARTESIAN_POINT('',(-3.87710420894192,3.45593575400333,2.6011038245174));
#6607=CARTESIAN_POINT('',(-4.06021936861393,3.62091546392538,3.04960727449098));
#6608=CARTESIAN_POINT('',(-4.15073927644031,3.62083218305622,3.27131743231809));
#6609=CARTESIAN_POINT('',(-3.7472619419474,2.775,2.26946695122444));
#6610=CARTESIAN_POINT('',(-3.74637784097572,3.04748446404327,2.26730152517982));
#6611=CARTESIAN_POINT('',(-3.85494639055492,3.55026352207327,2.53321817092401));
#6612=CARTESIAN_POINT('',(-4.05569338446352,3.72845425293377,3.02490722332742));
#6613=CARTESIAN_POINT('',(-4.1555036512862,3.72888419907485,3.26937223153828));
#6614=CARTESIAN_POINT('',(-3.65863019934443,2.775,2.15195627391808));
#6615=CARTESIAN_POINT('',(-3.65776564230931,3.09648297171284,2.14983871678278));
#6616=CARTESIAN_POINT('',(-3.7846464929393,3.67448439915068,2.46060763042736));
#6617=CARTESIAN_POINT('',(-4.00861296885374,3.87007281302265,3.00916809536086));
#6618=CARTESIAN_POINT('',(-4.12065777240402,3.87117863129193,3.28359912026299));
#6619=CARTESIAN_POINT('',(-3.50149760286538,2.775,2.06272088438837));
#6620=CARTESIAN_POINT('',(-3.50065255063592,3.14538337446544,2.06065110031915));
#6621=CARTESIAN_POINT('',(-3.6458090373883,3.79845656092202,2.41618247855729));
#6622=CARTESIAN_POINT('',(-3.89294850521202,4.0114078241273,3.02150048795695));
#6623=CARTESIAN_POINT('',(-4.01720334947425,4.01318816129214,3.32583753152756));
#6624=CARTESIAN_POINT('',(-3.29530156623926,2.775,2.05587799935507));
#6625=CARTESIAN_POINT('',(-3.2944680890929,3.1744032086465,2.05383656610463));
#6626=CARTESIAN_POINT('',(-3.45047021105426,3.87202756187828,2.43593212841733));
#6627=CARTESIAN_POINT('',(-3.71136163887895,4.09528276902269,3.07493277510051));
#6628=CARTESIAN_POINT('',(-3.84286250437741,4.09746339791112,3.39701747827968));
#6629=CARTESIAN_POINT('',(-3.11321258384825,2.775,2.1528688911321));
#6630=CARTESIAN_POINT('',(-3.11237622687251,3.16718320250314,2.15082040432358));
#6631=CARTESIAN_POINT('',(-3.26568000285611,3.85372342286895,2.52630691535726));
#6632=CARTESIAN_POINT('',(-3.52315000397413,4.07441505442308,3.15692747114831));
#6633=CARTESIAN_POINT('',(-3.65284809149963,4.07649609250455,3.47459663526532));
#6634=CARTESIAN_POINT('',(-3.01146959805576,2.775,2.30220734051068));
#6635=CARTESIAN_POINT('',(-3.0106195335335,3.13281707972603,2.30012527984668));
#6636=CARTESIAN_POINT('',(-3.1510795961843,3.76659852629227,2.64415371962865));
#6637=CARTESIAN_POINT('',(-3.39226413051189,3.97508793090427,3.23488632702142));
#6638=CARTESIAN_POINT('',(-3.51338127116168,3.97669493200698,3.53153820188345));
#6639=CARTESIAN_POINT('',(-2.98367821461196,2.775,2.44674793717514));
#6640=CARTESIAN_POINT('',(-2.98281121333233,3.09035501823164,2.44462439335853));
#6641=CARTESIAN_POINT('',(-3.10740185280466,3.65894882893986,2.74978389920087));
#6642=CARTESIAN_POINT('',(-3.32846440547007,3.85236141752157,3.29123179301804));
#6643=CARTESIAN_POINT('',(-3.43897910789081,3.85338270846218,3.56191514549021));
#6644=CARTESIAN_POINT('',(-2.99622227084188,2.775,2.55419265734667));
#6645=CARTESIAN_POINT('',(-2.99534095579608,3.05446904517011,2.55203405486252));
#6646=CARTESIAN_POINT('',(-3.10651986553504,3.56797081225125,2.8243442484671));
#6647=CARTESIAN_POINT('',(-3.31057672261104,3.74864152738463,3.32414013949698));
#6648=CARTESIAN_POINT('',(-3.41213098365695,3.74916781694378,3.57287670789573));
#6649=CARTESIAN_POINT('',(-3.03230047091467,2.775,2.65617346298648));
#6650=CARTESIAN_POINT('',(-3.03140431507915,3.017261773929,2.65397851099746));
#6651=CARTESIAN_POINT('',(-3.12867768392205,3.47364304418131,2.89222990206049));
#6652=CARTESIAN_POINT('',(-3.31510270676145,3.64110273837624,3.34884019066054));
#6653=CARTESIAN_POINT('',(-3.40736660881108,3.64111580092515,3.57482190867555));
#6654=CARTESIAN_POINT('',(-3.12093221351763,2.775,2.77368414029284));
#6655=CARTESIAN_POINT('',(-3.12001651374555,2.96826326625943,2.7714413193945));
#6656=CARTESIAN_POINT('',(-3.19897758153766,3.3494221671039,2.96484044255714));
#6657=CARTESIAN_POINT('',(-3.36218312237123,3.49948417828736,3.3645793186271));
#6658=CARTESIAN_POINT('',(-3.44221248769325,3.49882136870807,3.56059501995084));
#6659=CARTESIAN_POINT('',(-3.27806480999668,2.775,2.86291952982255));
#6660=CARTESIAN_POINT('',(-3.27712960541895,2.91936286350684,2.86062893585813));
#6661=CARTESIAN_POINT('',(-3.33781503708865,3.22545000533256,3.00926559442721));
#6662=CARTESIAN_POINT('',(-3.47784758601296,3.35814916718272,3.35224692603101));
#6663=CARTESIAN_POINT('',(-3.54566691062302,3.35681183870785,3.51835660868627));
#6664=CARTESIAN_POINT('',(-3.4842608466228,2.775,2.86976241485586));
#6665=CARTESIAN_POINT('',(-3.48331406696197,2.89034302932576,2.86744347007266));
#6666=CARTESIAN_POINT('',(-3.53315386342271,3.15187900437629,2.98951594456717));
#6667=CARTESIAN_POINT('',(-3.65943445234603,3.27427422228732,3.29881463888746));
#6668=CARTESIAN_POINT('',(-3.72000775571986,3.27253660208888,3.44717666193414));
#6669=CARTESIAN_POINT('',(-3.66634982901381,2.775,2.77277152307882));
#6670=CARTESIAN_POINT('',(-3.66540592918237,2.89756303546913,2.7704596318537));
#6671=CARTESIAN_POINT('',(-3.71794407162085,3.17018314338562,2.89914115762724));
#6672=CARTESIAN_POINT('',(-3.84764608725084,3.29514193688694,3.21681994283965));
#6673=CARTESIAN_POINT('',(-3.91002216859763,3.29350390749545,3.36959750494851));
#6674=CARTESIAN_POINT('',(-3.7680928148063,2.775,2.62343307370024));
#6675=CARTESIAN_POINT('',(-3.76716262252137,2.93192915824623,2.6211547563306));
#6676=CARTESIAN_POINT('',(-3.83254447829266,3.25730803996231,2.78129435335585));
#6677=CARTESIAN_POINT('',(-3.97853196071309,3.39446906040574,3.13886108696654));
#6678=CARTESIAN_POINT('',(-4.04948898893559,3.39330506799302,3.31265593833038));
#6679=CARTESIAN_POINT('',(-3.7958841982501,2.775,2.47889247703579));
#6680=CARTESIAN_POINT('',(-3.79497094272255,2.97439121974063,2.47665564281876));
#6681=CARTESIAN_POINT('',(-3.87622222167231,3.36495773731471,2.67566417378364));
#6682=CARTESIAN_POINT('',(-4.0423316857549,3.51719557378844,3.08251562096992));
#6683=CARTESIAN_POINT('',(-4.12389115220646,3.51661729153782,3.28227899472361));
#6684=CARTESIAN_POINT('',(-3.78334014202018,2.775,2.37144775686426));
#6685=CARTESIAN_POINT('',(-3.78244120025878,3.01027719280215,2.36924598131476));
#6686=CARTESIAN_POINT('',(-3.87710420894192,3.45593575400333,2.6011038245174));
#6687=CARTESIAN_POINT('',(-4.06021936861393,3.62091546392538,3.04960727449098));
#6688=CARTESIAN_POINT('',(-4.15073927644031,3.62083218305622,3.27131743231809));
#6689=CARTESIAN_POINT('',(-3.7472619419474,2.775,2.26946695122444));
#6690=CARTESIAN_POINT('',(-3.74637784097572,3.04748446404327,2.26730152517982));
#6691=CARTESIAN_POINT('',(-3.85494639055492,3.55026352207327,2.53321817092401));
#6692=CARTESIAN_POINT('',(-4.05569338446352,3.72845425293377,3.02490722332742));
#6693=CARTESIAN_POINT('',(-4.1555036512862,3.72888419907485,3.26937223153828));
#6694=CARTESIAN_POINT('',(-3.38978120643103,2.775,2.46282020710546));
#6695=CARTESIAN_POINT('',(-3.77941778471304,2.775,2.37235840928621));
#6696=CARTESIAN_POINT('',(-3.38978120643103,-2.775,2.46282020710546));
#6697=CARTESIAN_POINT('',(-3.38978120643103,-2.775,2.46282020710546));
#6698=CARTESIAN_POINT('',(-3.77941778471304,-2.775,2.37235840928621));
#6699=CARTESIAN_POINT('',(-4.12598667131223,-2.775,2.99770478669161));
#6700=CARTESIAN_POINT('',(-4.12598667131223,-3.685,2.99770478669161));
#6701=CARTESIAN_POINT('',(-4.3036199394395,-3.42294949719377,2.75321356796703));
#6702=CARTESIAN_POINT('',(-6.75529190303081,-3.685,4.90800685664215));
#6703=CARTESIAN_POINT('',(-6.75529190303081,-3.685,4.90800685664215));
#6704=CARTESIAN_POINT('',(-6.93292517115808,-3.42294949719377,4.66351563791757));
#6705=CARTESIAN_POINT('',(-6.75529190303081,-2.775,4.90800685664215));
#6706=CARTESIAN_POINT('',(-7.49149736791202,-2.775,5.4428914362283));
#6707=CARTESIAN_POINT('',(-7.45712732588455,-2.775,5.04437079659839));
#6708=CARTESIAN_POINT('',(-7.49149736791202,2.775,5.4428914362283));
#6709=CARTESIAN_POINT('',(-7.49149736791201,2.775,5.4428914362283));
#6710=CARTESIAN_POINT('',(-7.45712732588454,2.775,5.04437079659839));
#6711=CARTESIAN_POINT('',(-6.99044665522087,3.30295075342513,4.635445675504));
#6712=CARTESIAN_POINT('',(-7.08617016019575,3.30393633423295,4.74868213913678));
#6713=CARTESIAN_POINT('',(-7.27399688532833,3.186048983019,4.97087243748977));
#6714=CARTESIAN_POINT('',(-7.35129204639822,2.91244528637509,5.06230902558563));
#6715=CARTESIAN_POINT('',(-7.35071900492452,2.775,5.06163114411847));
#6716=CARTESIAN_POINT('',(-7.06279260502968,3.35517718559651,4.57428862710933));
#6717=CARTESIAN_POINT('',(-7.16683812517601,3.35621950973767,4.69736964844568));
#6718=CARTESIAN_POINT('',(-7.37182969281448,3.22827803081702,4.93986515882255));
#6719=CARTESIAN_POINT('',(-7.45744563297581,2.92684373869989,5.04114484239671));
#6720=CARTESIAN_POINT('',(-7.45678133273861,2.775,5.04035900604784));
#6721=CARTESIAN_POINT('',(-7.1244818322171,3.4271264517704,4.5221401507606));
#6722=CARTESIAN_POINT('',(-7.23999210038048,3.42824694784527,4.65878343689526));
#6723=CARTESIAN_POINT('',(-7.46863065616159,3.28645449193003,4.92925223673269));
#6724=CARTESIAN_POINT('',(-7.56570964146569,2.94667963473449,5.04409217068392));
#6725=CARTESIAN_POINT('',(-7.56491961942833,2.775,5.04315761128052));
#6726=CARTESIAN_POINT('',(-7.18198067780573,3.55360043278667,4.47353397872754));
#6727=CARTESIAN_POINT('',(-7.31764392876061,3.55485834118256,4.63401730815733));
#6728=CARTESIAN_POINT('',(-7.58784967331913,3.38871833740994,4.95365816308768));
#6729=CARTESIAN_POINT('',(-7.70507864806535,2.98154760312289,5.09233459934065));
#6730=CARTESIAN_POINT('',(-7.70406762952018,2.775,5.09113861132548));
#6731=CARTESIAN_POINT('',(-7.19971394974924,3.73280539469064,4.45854330442841));
#6732=CARTESIAN_POINT('',(-7.36393259592756,3.73425800692643,4.65280634108465));
#6733=CARTESIAN_POINT('',(-7.69303619774853,3.53361919674973,5.04212062756875));
#6734=CARTESIAN_POINT('',(-7.83881632634732,3.03095312429414,5.21457175370327));
#6735=CARTESIAN_POINT('',(-7.83749217089885,2.775,5.21300533926491));
#6736=CARTESIAN_POINT('',(-7.1450299205729,3.92629022781633,4.50476999476272));
#6737=CARTESIAN_POINT('',(-7.34007938650612,3.92795305878476,4.73550446025835));
#6738=CARTESIAN_POINT('',(-7.7327740963121,3.6900664194787,5.2000440760762));
#6739=CARTESIAN_POINT('',(-7.90938046532307,3.08429550342107,5.40896121390021));
#6740=CARTESIAN_POINT('',(-7.90771822079026,2.775,5.40699485576657));
#6741=CARTESIAN_POINT('',(-7.0238908659213,4.05820839328152,4.60717388948511));
#6742=CARTESIAN_POINT('',(-7.23996081762673,4.06001455160594,4.8627746140392));
#6743=CARTESIAN_POINT('',(-7.67601201264016,3.79673230269615,5.37860293958129));
#6744=CARTESIAN_POINT('',(-7.87363574522261,3.12066439436872,5.61238264304516));
#6745=CARTESIAN_POINT('',(-7.87174299119169,2.775,5.61014360287378));
#6746=CARTESIAN_POINT('',(-6.8889336451426,4.09595460540521,4.72125885628955));
#6747=CARTESIAN_POINT('',(-7.11101826292607,4.09780177449387,4.9839746516592));
#6748=CARTESIAN_POINT('',(-7.55947520268138,3.82725298982129,5.51447839745121));
#6749=CARTESIAN_POINT('',(-7.7631127079755,3.13107075400519,5.7553721149197));
#6750=CARTESIAN_POINT('',(-7.76115399744511,2.775,5.75305505127064));
#6751=CARTESIAN_POINT('',(-6.77871612114024,4.06704924657488,4.81443032569685));
#6752=CARTESIAN_POINT('',(-6.99619481765509,4.06886501037042,5.07169752997734));
#6753=CARTESIAN_POINT('',(-7.4351516649999,3.80388080587314,5.59096310736929));
#6754=CARTESIAN_POINT('',(-7.63418393314901,3.12310175413777,5.8264090430351));
#6755=CARTESIAN_POINT('',(-7.63227573089951,2.775,5.82415172833813));
#6756=CARTESIAN_POINT('',(-6.70637017133143,4.01482281440349,4.87558737409152));
#6757=CARTESIAN_POINT('',(-6.91552685267483,4.0165818348657,5.12301002066843));
#6758=CARTESIAN_POINT('',(-7.33731885751374,3.76165175807512,5.62197038603651));
#6759=CARTESIAN_POINT('',(-7.5280303465714,3.10870330181296,5.84757322622401));
#6760=CARTESIAN_POINT('',(-7.52621340308542,2.775,5.84542386640876));
#6761=CARTESIAN_POINT('',(-6.64468094414402,3.9428735482296,4.92773585044025));
#6762=CARTESIAN_POINT('',(-6.84237287747037,3.9445543967581,5.16159623221885));
#6763=CARTESIAN_POINT('',(-7.24051789416663,3.70347529696211,5.63258330812637));
#6764=CARTESIAN_POINT('',(-7.41976633808154,3.08886740577837,5.84462589793682));
#6765=CARTESIAN_POINT('',(-7.41807511639571,2.775,5.84262526117609));
#6766=CARTESIAN_POINT('',(-6.58718209855538,3.81639956721333,4.97634202247331));
#6767=CARTESIAN_POINT('',(-6.76472104909023,3.81794300342082,5.18636236095678));
#6768=CARTESIAN_POINT('',(-7.12129887700909,3.60121145148219,5.60817738177138));
#6769=CARTESIAN_POINT('',(-7.28039733148187,3.05399943738996,5.79638346928007));
#6770=CARTESIAN_POINT('',(-7.27892710630385,2.775,5.79464426113112));
#6771=CARTESIAN_POINT('',(-6.56944882661187,3.63719460530936,4.99133269677245));
#6772=CARTESIAN_POINT('',(-6.71843238192328,3.63854333767693,5.16757332802946));
#6773=CARTESIAN_POINT('',(-7.01611235257969,3.45631059214241,5.51971491729032));
#6774=CARTESIAN_POINT('',(-7.14665965319991,3.00459391621871,5.67414631491746));
#6775=CARTESIAN_POINT('',(-7.14550256492519,2.775,5.67277753319169));
#6776=CARTESIAN_POINT('',(-6.62413285578821,3.44370977218367,4.94510600643813));
#6777=CARTESIAN_POINT('',(-6.74228559134472,3.44484828581861,5.08487520885576));
#6778=CARTESIAN_POINT('',(-6.97637445401612,3.29986336941344,5.36179146878286));
#6779=CARTESIAN_POINT('',(-7.07609551422414,2.95125153709178,5.47975685472052));
#6780=CARTESIAN_POINT('',(-7.07527651503378,2.775,5.47878801669003));
#6781=CARTESIAN_POINT('',(-6.74527191043981,3.31179160671848,4.84270211171574));
#6782=CARTESIAN_POINT('',(-6.84240416022411,3.31278679299742,4.95760505507491));
#6783=CARTESIAN_POINT('',(-7.03313653768805,3.19319748619599,5.18323260527778));
#6784=CARTESIAN_POINT('',(-7.11184023432462,2.91488264614413,5.27633542557556));
#6785=CARTESIAN_POINT('',(-7.11125174463235,2.775,5.27563926958282));
#6786=CARTESIAN_POINT('',(-6.88022913121851,3.27404539459479,4.7286171449113));
#6787=CARTESIAN_POINT('',(-6.97134671492478,3.27499957010949,4.83640501745491));
#6788=CARTESIAN_POINT('',(-7.14967334764683,3.16267679907086,5.04735714740786));
#6789=CARTESIAN_POINT('',(-7.22236327157172,2.90447628650766,5.13334595370103));
#6790=CARTESIAN_POINT('',(-7.22184073837893,2.775,5.13272782118596));
#6791=CARTESIAN_POINT('',(-6.99044665522087,3.30295075342513,4.635445675504));
#6792=CARTESIAN_POINT('',(-7.08617016019575,3.30393633423295,4.74868213913678));
#6793=CARTESIAN_POINT('',(-7.27399688532833,3.186048983019,4.97087243748977));
#6794=CARTESIAN_POINT('',(-7.35129204639822,2.91244528637509,5.06230902558563));
#6795=CARTESIAN_POINT('',(-7.35071900492452,2.775,5.06163114411847));
#6796=CARTESIAN_POINT('',(-7.06279260502968,3.35517718559651,4.57428862710933));
#6797=CARTESIAN_POINT('',(-7.16683812517601,3.35621950973767,4.69736964844568));
#6798=CARTESIAN_POINT('',(-7.37182969281448,3.22827803081702,4.93986515882255));
#6799=CARTESIAN_POINT('',(-7.45744563297581,2.92684373869989,5.04114484239671));
#6800=CARTESIAN_POINT('',(-7.45678133273861,2.775,5.04035900604784));
#6801=CARTESIAN_POINT('',(-7.1244818322171,3.4271264517704,4.5221401507606));
#6802=CARTESIAN_POINT('',(-7.23999210038048,3.42824694784527,4.65878343689526));
#6803=CARTESIAN_POINT('',(-7.46863065616159,3.28645449193003,4.92925223673269));
#6804=CARTESIAN_POINT('',(-7.56570964146569,2.94667963473449,5.04409217068392));
#6805=CARTESIAN_POINT('',(-7.56491961942833,2.775,5.04315761128052));
#6806=CARTESIAN_POINT('',(-6.88458138818055,3.685,4.72493800060042));
#6807=CARTESIAN_POINT('',(-7.06101648459278,3.35846432459692,4.57579005578365));
#6808=CARTESIAN_POINT('',(-4.65384467244391,3.685,2.08607999960825));
#6809=CARTESIAN_POINT('',(-4.65384467244391,3.68500000000001,2.08607999960825));
#6810=CARTESIAN_POINT('',(-4.83027976885613,3.35846432459693,1.93693205479148));
#6811=CARTESIAN_POINT('',(-4.33743570034482,2.775,1.49705684834801));
#6812=CARTESIAN_POINT('',(-4.33604736453286,2.90170849114966,1.49541451151837));
#6813=CARTESIAN_POINT('',(-4.42738033928894,3.17768276197179,1.60345718167718));
#6814=CARTESIAN_POINT('',(-4.65167853789036,3.30464079761741,1.86879154041713));
#6815=CARTESIAN_POINT('',(-4.75970993948422,3.30295075342513,1.99658767451183));
#6816=CARTESIAN_POINT('',(-4.37606527214834,2.775,1.39601488962929));
#6817=CARTESIAN_POINT('',(-4.37471435439587,2.9197972174593,1.39441681662736));
#6818=CARTESIAN_POINT('',(-4.4774758032375,3.22319661076985,1.51597884120708));
#6819=CARTESIAN_POINT('',(-4.71634917160524,3.35663142811252,1.79855494931278));
#6820=CARTESIAN_POINT('',(-4.83205588929303,3.35517718559651,1.93543062611716));
#6821=CARTESIAN_POINT('',(-4.39130543983347,2.775,1.28891933169916));
#6822=CARTESIAN_POINT('',(-4.39000607072808,2.94471698566648,1.28738223835425));
#6823=CARTESIAN_POINT('',(-4.50851185227167,3.28589834790983,1.42756907778896));
#6824=CARTESIAN_POINT('',(-4.7674645698396,3.42825584426575,1.73389812406877));
#6825=CARTESIAN_POINT('',(-4.89374511648045,3.4271264517704,1.88328214976843));
#6826=CARTESIAN_POINT('',(-4.36715512091889,2.775,1.14372598758807));
#6827=CARTESIAN_POINT('',(-4.36594636514372,2.98852149485421,1.14229608560722));
#6828=CARTESIAN_POINT('',(-4.51212787628333,3.39611682176563,1.3152220286585));
#6829=CARTESIAN_POINT('',(-4.80637650949581,3.55415879686808,1.66330450497956));
#6830=CARTESIAN_POINT('',(-4.95124396206909,3.55360043278667,1.83467597773536));
#6831=CARTESIAN_POINT('',(-4.26919712342725,2.775,0.99187791105038));
#6832=CARTESIAN_POINT('',(-4.26811676052986,3.05058948178031,0.990599891884949));
#6833=CARTESIAN_POINT('',(-4.45351288346607,3.55228884426169,1.20991490064944));
#6834=CARTESIAN_POINT('',(-4.79777340977798,3.73255465065081,1.61715912533787));
#6835=CARTESIAN_POINT('',(-4.9689772340126,3.73280539469064,1.81968530343623));
#6836=CARTESIAN_POINT('',(-4.08960301518314,2.775,0.890341775217347));
#6837=CARTESIAN_POINT('',(-4.08866127609545,3.11760332986382,0.88922774158492));
#6838=CARTESIAN_POINT('',(-4.31639681050183,3.72090536799246,1.15862830904722));
#6839=CARTESIAN_POINT('',(-4.71465440635823,3.92516590221852,1.6297485608761));
#6840=CARTESIAN_POINT('',(-4.91429320483625,3.92629022781633,1.86591199377055));
#6841=CARTESIAN_POINT('',(-3.88330013547852,2.775,0.892000817554918));
#6842=CARTESIAN_POINT('',(-3.88245291025202,3.16329344291882,0.890998589433689));
#6843=CARTESIAN_POINT('',(-4.13905550052937,3.83586829360447,1.19454754420355));
#6844=CARTESIAN_POINT('',(-4.57412835595796,4.0564884588463,1.70921853942377));
#6845=CARTESIAN_POINT('',(-4.79315415018465,4.05820839328152,1.96831588849294));
#6846=CARTESIAN_POINT('',(-3.72397468766769,2.775,0.977259302766946));
#6847=CARTESIAN_POINT('',(-3.72315450602721,3.1763669168657,0.976289065952806));
#6848=CARTESIAN_POINT('',(-3.98801692928851,3.86876304286974,1.28960901978446));
#6849=CARTESIAN_POINT('',(-4.43362386538976,4.09406424730287,1.81674134352905));
#6850=CARTESIAN_POINT('',(-4.65819692940595,4.09595460540521,2.08240085529738));
#6851=CARTESIAN_POINT('',(-3.63241790620857,2.775,1.09250556451405));
#6852=CARTESIAN_POINT('',(-3.63157701508458,3.16635548964341,1.0915108293421));
#6853=CARTESIAN_POINT('',(-3.89011420932692,3.84357284555853,1.39734833081306));
#6854=CARTESIAN_POINT('',(-4.32765433912738,4.0652893957996,1.9149379971032));
#6855=CARTESIAN_POINT('',(-4.54797940540359,4.06704924657488,2.17557232470468));
#6856=CARTESIAN_POINT('',(-3.59378833440504,2.775,1.19354752323277));
#6857=CARTESIAN_POINT('',(-3.59291002522157,3.14826676333377,1.19250852423311));
#6858=CARTESIAN_POINT('',(-3.84001874537838,3.79805899676049,1.48482667128316));
#6859=CARTESIAN_POINT('',(-4.26298370541248,4.01329876530449,1.98517458820753));
#6860=CARTESIAN_POINT('',(-4.47563345559479,4.01482281440349,2.23672937309935));
#6861=CARTESIAN_POINT('',(-3.57854816671993,2.775,1.3006430811629));
#6862=CARTESIAN_POINT('',(-3.57761830888936,3.12334699512658,1.29954310250622));
#6863=CARTESIAN_POINT('',(-3.8089826963442,3.73535725962049,1.57323643470128));
#6864=CARTESIAN_POINT('',(-4.21186830717815,3.94167434915127,2.04983141345155));
#6865=CARTESIAN_POINT('',(-4.41394422840737,3.9428735482296,2.28887784944808));
#6866=CARTESIAN_POINT('',(-3.6026984856345,2.775,1.44583642527399));
#6867=CARTESIAN_POINT('',(-3.60167801447372,3.07954248593885,1.44462925525325));
#6868=CARTESIAN_POINT('',(-3.80536667233255,3.62513878576471,1.68558348383174));
#6869=CARTESIAN_POINT('',(-4.17295636752193,3.81577139654892,2.12042503254076));
#6870=CARTESIAN_POINT('',(-4.35644538281873,3.81639956721333,2.33748402148114));
#6871=CARTESIAN_POINT('',(-3.70065648312614,2.775,1.59768450181168));
#6872=CARTESIAN_POINT('',(-3.69950761908757,3.01747449901275,1.59632544897552));
#6873=CARTESIAN_POINT('',(-3.86398166514981,3.46896676326864,1.79089061184079));
#6874=CARTESIAN_POINT('',(-4.18155946723975,3.63737554276619,2.16657041218245));
#6875=CARTESIAN_POINT('',(-4.33871211087522,3.63719460530936,2.35247469578027));
#6876=CARTESIAN_POINT('',(-3.88025059137025,2.775,1.69922063764471));
#6877=CARTESIAN_POINT('',(-3.87896310352199,2.95046065092924,1.69769759927555));
#6878=CARTESIAN_POINT('',(-4.00109773811406,3.30035023953787,1.84217720344302));
#6879=CARTESIAN_POINT('',(-4.2646784706595,3.44476429119849,2.15398097664422));
#6880=CARTESIAN_POINT('',(-4.39339614005157,3.44370977218367,2.30624800544596));
#6881=CARTESIAN_POINT('',(-4.08655347107487,2.775,1.69756159530714));
#6882=CARTESIAN_POINT('',(-4.08517146936542,2.90477053787424,1.69592675142678));
#6883=CARTESIAN_POINT('',(-4.1784390480865,3.18538731392585,1.80625796828669));
#6884=CARTESIAN_POINT('',(-4.40520452105977,3.3134417345707,2.07451099809655));
#6885=CARTESIAN_POINT('',(-4.51453519470316,3.31179160671848,2.20384411072357));
#6886=CARTESIAN_POINT('',(-4.24587891888569,2.775,1.61230311009511));
#6887=CARTESIAN_POINT('',(-4.24446987359023,2.89169706392736,1.61063627490766));
#6888=CARTESIAN_POINT('',(-4.32947761932737,3.15249256466059,1.71119649270579));
#6889=CARTESIAN_POINT('',(-4.54570901162796,3.27586594611414,1.96698819399127));
#6890=CARTESIAN_POINT('',(-4.64949241548186,3.27404539459479,2.08975914391913));
#6891=CARTESIAN_POINT('',(-4.33743570034482,2.775,1.49705684834801));
#6892=CARTESIAN_POINT('',(-4.33604736453286,2.90170849114966,1.49541451151837));
#6893=CARTESIAN_POINT('',(-4.42738033928894,3.17768276197179,1.60345718167718));
#6894=CARTESIAN_POINT('',(-4.65167853789036,3.30464079761741,1.86879154041713));
#6895=CARTESIAN_POINT('',(-4.75970993948422,3.30295075342513,1.99658767451183));
#6896=CARTESIAN_POINT('',(-4.37606527214834,2.775,1.39601488962929));
#6897=CARTESIAN_POINT('',(-4.37471435439587,2.9197972174593,1.39441681662736));
#6898=CARTESIAN_POINT('',(-4.4774758032375,3.22319661076985,1.51597884120708));
#6899=CARTESIAN_POINT('',(-4.71634917160524,3.35663142811252,1.79855494931278));
#6900=CARTESIAN_POINT('',(-4.83205588929303,3.35517718559651,1.93543062611716));
#6901=CARTESIAN_POINT('',(-4.39130543983347,2.775,1.28891933169916));
#6902=CARTESIAN_POINT('',(-4.39000607072808,2.94471698566648,1.28738223835425));
#6903=CARTESIAN_POINT('',(-4.50851185227167,3.28589834790983,1.42756907778896));
#6904=CARTESIAN_POINT('',(-4.7674645698396,3.42825584426575,1.73389812406877));
#6905=CARTESIAN_POINT('',(-4.89374511648045,3.4271264517704,1.88328214976843));
#6906=CARTESIAN_POINT('',(-3.98492680327669,2.775,1.29478120643103));
#6907=CARTESIAN_POINT('',(-4.37216703812861,2.775,1.39500595642739));
#6908=CARTESIAN_POINT('',(-3.98492680327669,-2.775,1.29478120643103));
#6909=CARTESIAN_POINT('',(-3.98492680327669,-2.775,1.29478120643103));
#6910=CARTESIAN_POINT('',(-4.37216703812861,-2.775,1.39500595642739));
#6911=CARTESIAN_POINT('',(-4.85038823310528,-2.775,1.57598667131223));
#6912=CARTESIAN_POINT('',(-4.85038823310528,-3.685,1.57598667131223));
#6913=CARTESIAN_POINT('',(-4.85791107009949,-3.28574150026656,1.55283375974232));
#6914=CARTESIAN_POINT('',(-7.94132191106453,-3.685,2.58029190303081));
#6915=CARTESIAN_POINT('',(-7.94132191106453,-3.685,2.58029190303081));
#6916=CARTESIAN_POINT('',(-7.94884474805874,-3.28574150026656,2.55713899146089));
#6917=CARTESIAN_POINT('',(-7.94132191106453,-2.775,2.58029190303081));
#6918=CARTESIAN_POINT('',(-8.80678334089312,-2.775,2.86149736791201));
#6919=CARTESIAN_POINT('',(-8.43458878002962,-2.775,2.71496679477582));
#6920=CARTESIAN_POINT('',(-8.80678334089312,2.775,2.86149736791201));
#6921=CARTESIAN_POINT('',(-8.80678334089312,2.775,2.86149736791201));
#6922=CARTESIAN_POINT('',(-8.43458878002962,2.775,2.71496679477582));
#6923=CARTESIAN_POINT('',(-7.91506772119761,3.31859513523524,2.51570432478339));
#6924=CARTESIAN_POINT('',(-8.04438028851055,3.31959771345866,2.59585267563329));
#6925=CARTESIAN_POINT('',(-8.29844432522246,3.19869865713536,2.75332239397438));
#6926=CARTESIAN_POINT('',(-8.40349347646727,2.91675833010182,2.81843220043333));
#6927=CARTESIAN_POINT('',(-8.40270301327985,2.775,2.81794226877242));
#6928=CARTESIAN_POINT('',(-7.96964867524888,3.28748612514346,2.42764258402498));
#6929=CARTESIAN_POINT('',(-8.09243472894957,3.28845490383557,2.50374578045802));
#6930=CARTESIAN_POINT('',(-8.3330372931745,3.17354465331976,2.65287203425997));
#6931=CARTESIAN_POINT('',(-8.43156090019883,2.90818179940547,2.71393728713422));
#6932=CARTESIAN_POINT('',(-8.43084200640298,2.775,2.71349171441556));
#6933=CARTESIAN_POINT('',(-8.02650575812316,3.28014775742424,2.33590850243214));
#6934=CARTESIAN_POINT('',(-8.14775225924182,3.28110856307611,2.41105747915506));
#6935=CARTESIAN_POINT('',(-8.38517936931826,3.16761102415364,2.55821557612206));
#6936=CARTESIAN_POINT('',(-8.48216365243235,2.90615866412026,2.61832675101771));
#6937=CARTESIAN_POINT('',(-8.48146164128596,2.775,2.61789164222024));
#6938=CARTESIAN_POINT('',(-8.10185618889183,3.31488996116552,2.21433697229448));
#6939=CARTESIAN_POINT('',(-8.23039142934897,3.31588851376592,2.29400353342464));
#6940=CARTESIAN_POINT('',(-8.48285216532415,3.19570274172654,2.45047952074149));
#6941=CARTESIAN_POINT('',(-8.58712410517056,2.91573684021672,2.51510760904155));
#6942=CARTESIAN_POINT('',(-8.58634216610695,2.775,2.51462296066039));
#6943=CARTESIAN_POINT('',(-8.17784901349555,3.42372920929022,2.09172899418063));
#6944=CARTESIAN_POINT('',(-8.3292181799547,3.42484601430572,2.18554809709786));
#6945=CARTESIAN_POINT('',(-8.6287757711436,3.28370756266234,2.37121486883756));
#6946=CARTESIAN_POINT('',(-8.7558782454386,2.94574303937748,2.44999339682883));
#6947=CARTESIAN_POINT('',(-8.75484591079046,2.775,2.44935355244794));
#6948=CARTESIAN_POINT('',(-8.22425135440733,3.61029152906263,2.01686275215564));
#6949=CARTESIAN_POINT('',(-8.41476035578676,3.61161103159083,2.13494085237364));
#6950=CARTESIAN_POINT('',(-8.79504708388217,3.43455740615012,2.37064380638888));
#6951=CARTESIAN_POINT('',(-8.96128357960562,2.99717693128174,2.47367772845975));
#6952=CARTESIAN_POINT('',(-8.95982203966698,2.775,2.47277186124035));
#6953=CARTESIAN_POINT('',(-8.21540239675136,3.81591616910905,2.03113979491949));
#6954=CARTESIAN_POINT('',(-8.44905041182219,3.81745908011082,2.17595559648007));
#6955=CARTESIAN_POINT('',(-8.91831491280282,3.60082058730092,2.46680726424556));
#6956=CARTESIAN_POINT('',(-9.12768401472255,3.05386616800382,2.59657491627264));
#6957=CARTESIAN_POINT('',(-9.12574941471756,2.775,2.59537584488168));
#6958=CARTESIAN_POINT('',(-8.16444698920079,3.96855398708235,2.11335202385457));
#6959=CARTESIAN_POINT('',(-8.43011764960191,3.97026273707071,2.27801556540212));
#6960=CARTESIAN_POINT('',(-8.96543149709208,3.72423988750944,2.60980483349104));
#6961=CARTESIAN_POINT('',(-9.20681848797594,3.09594731836536,2.75941727749384));
#6962=CARTESIAN_POINT('',(-9.20453272939248,2.775,2.75800055687097));
#6963=CARTESIAN_POINT('',(-8.10035654029632,4.05140486476477,2.21675652812935));
#6964=CARTESIAN_POINT('',(-8.38340889749156,4.05320363114471,2.39219330202369));
#6965=CARTESIAN_POINT('',(-8.95457392787549,3.79123113175674,2.74620325016453));
#6966=CARTESIAN_POINT('',(-9.2133400338269,3.11878871041113,2.90658732635157));
#6967=CARTESIAN_POINT('',(-9.2108636685064,2.775,2.90505246705161));
#6968=CARTESIAN_POINT('',(-8.04577558624505,4.08251387485654,2.30481826888776));
#6969=CARTESIAN_POINT('',(-8.33535445705252,4.08434644076779,2.48430019719895));
#6970=CARTESIAN_POINT('',(-8.91998095992346,3.81638513557235,2.84665360987894));
#6971=CARTESIAN_POINT('',(-9.18527261009532,3.12736524110747,3.01108223965067));
#6972=CARTESIAN_POINT('',(-9.18272467538328,2.775,3.00950302140846));
#6973=CARTESIAN_POINT('',(-7.98891850337077,4.08985224257577,2.3965523504806));
#6974=CARTESIAN_POINT('',(-8.28003692676027,4.09169278152726,2.57698849850191));
#6975=CARTESIAN_POINT('',(-8.86783888377971,3.82231876473847,2.94131006801686));
#6976=CARTESIAN_POINT('',(-9.13466985786181,3.12938837639269,3.10669277576718));
#6977=CARTESIAN_POINT('',(-9.1321050405003,2.775,3.10510309360379));
#6978=CARTESIAN_POINT('',(-7.9135680726021,4.05511003883448,2.51812388061826));
#6979=CARTESIAN_POINT('',(-8.19739775665313,4.05691283083744,2.69404244423233));
#6980=CARTESIAN_POINT('',(-8.7701660877738,3.79422704716556,3.04904612339743));
#6981=CARTESIAN_POINT('',(-9.0297094051236,3.11981020029623,3.20991191774334));
#6982=CARTESIAN_POINT('',(-9.0272245156793,2.775,3.20837177516364));
#6983=CARTESIAN_POINT('',(-7.83757524799839,3.94627079070978,2.64073185873212));
#6984=CARTESIAN_POINT('',(-8.0985710060474,3.94795533029765,2.80249788055911));
#6985=CARTESIAN_POINT('',(-8.62424248195437,3.70622222622977,3.12831077530136));
#6986=CARTESIAN_POINT('',(-8.86095526485555,3.08980400113546,3.27502612995607));
#6987=CARTESIAN_POINT('',(-8.8587207709958,2.775,3.27364118337609));
#6988=CARTESIAN_POINT('',(-7.79117290708661,3.75970847093737,2.7155981007571));
#6989=CARTESIAN_POINT('',(-8.01302883021534,3.76119031301254,2.85310512528334));
#6990=CARTESIAN_POINT('',(-8.4579711692158,3.55537238274199,3.12888183775002));
#6991=CARTESIAN_POINT('',(-8.65554993068853,3.0383701092312,3.25134179832514));
#6992=CARTESIAN_POINT('',(-8.65374464211928,2.775,3.25022287458367));
#6993=CARTESIAN_POINT('',(-7.80002186474256,3.55408383089095,2.70132105799325));
#6994=CARTESIAN_POINT('',(-7.97873877417989,3.55534226449254,2.8120903811769));
#6995=CARTESIAN_POINT('',(-8.33470334029514,3.38910920159118,3.03271837989335));
#6996=CARTESIAN_POINT('',(-8.4891494955716,2.98168087250912,3.12844461051226));
#6997=CARTESIAN_POINT('',(-8.4878172670687,2.775,3.12761889094234));
#6998=CARTESIAN_POINT('',(-7.85097727229314,3.40144601291765,2.61910882905818));
#6999=CARTESIAN_POINT('',(-7.99767153640018,3.40253860753265,2.71003041225485));
#7000=CARTESIAN_POINT('',(-8.28758675600589,3.26568990138267,2.88972081064787));
#7001=CARTESIAN_POINT('',(-8.4100150223182,2.93959972214759,2.96560224929106));
#7002=CARTESIAN_POINT('',(-8.40903395239377,2.775,2.96499417895305));
#7003=CARTESIAN_POINT('',(-7.91506772119761,3.31859513523524,2.51570432478339));
#7004=CARTESIAN_POINT('',(-8.04438028851055,3.31959771345866,2.59585267563329));
#7005=CARTESIAN_POINT('',(-8.29844432522246,3.19869865713536,2.75332239397438));
#7006=CARTESIAN_POINT('',(-8.40349347646727,2.91675833010182,2.81843220043333));
#7007=CARTESIAN_POINT('',(-8.40270301327985,2.775,2.81794226877242));
#7008=CARTESIAN_POINT('',(-7.96964867524888,3.28748612514346,2.42764258402498));
#7009=CARTESIAN_POINT('',(-8.09243472894957,3.28845490383557,2.50374578045802));
#7010=CARTESIAN_POINT('',(-8.3330372931745,3.17354465331976,2.65287203425997));
#7011=CARTESIAN_POINT('',(-8.43156090019883,2.90818179940547,2.71393728713422));
#7012=CARTESIAN_POINT('',(-8.43084200640298,2.775,2.71349171441556));
#7013=CARTESIAN_POINT('',(-8.02650575812316,3.28014775742424,2.33590850243214));
#7014=CARTESIAN_POINT('',(-8.14775225924182,3.28110856307611,2.41105747915506));
#7015=CARTESIAN_POINT('',(-8.38517936931826,3.16761102415364,2.55821557612206));
#7016=CARTESIAN_POINT('',(-8.48216365243235,2.90615866412026,2.61832675101771));
#7017=CARTESIAN_POINT('',(-8.48146164128596,2.775,2.61789164222024));
#7018=CARTESIAN_POINT('',(-8.00771213074697,3.685,2.36623042645637));
#7019=CARTESIAN_POINT('',(-7.97002803005272,3.29144789887222,2.42703052721924));
#7020=CARTESIAN_POINT('',(-5.07070347305789,3.685,0.545862884173938));
#7021=CARTESIAN_POINT('',(-5.07070347305789,3.685,0.545862884173939));
#7022=CARTESIAN_POINT('',(-5.03301937236364,3.29144789887222,0.606662984936813));
#7023=CARTESIAN_POINT('',(-4.40879150851457,2.775,0.342502895793641));
#7024=CARTESIAN_POINT('',(-4.40681965806565,2.90653962572779,0.341280736456086));
#7025=CARTESIAN_POINT('',(-4.53179642225648,3.19190090340333,0.418741742393855));
#7026=CARTESIAN_POINT('',(-4.83351153277132,3.32029090219757,0.605745751646386));
#7027=CARTESIAN_POINT('',(-4.97805906350854,3.31859513523524,0.695336782500961));
#7028=CARTESIAN_POINT('',(-4.48981442349398,2.775,0.270829968633677));
#7029=CARTESIAN_POINT('',(-4.48782454866771,2.89580417127625,0.26959663772827));
#7030=CARTESIAN_POINT('',(-4.60381948316372,3.16475554778728,0.341490676335544));
#7031=CARTESIAN_POINT('',(-4.89408402938489,3.28932154157179,0.521397588503785));
#7032=CARTESIAN_POINT('',(-5.0326400175598,3.28748612514346,0.607275041742551));
#7033=CARTESIAN_POINT('',(-4.55290895435956,2.775,0.182961877643314));
#7034=CARTESIAN_POINT('',(-4.55091482772621,2.89327176307149,0.181725911454025));
#7035=CARTESIAN_POINT('',(-4.6647910201312,3.15835217459115,0.252306746805019));
#7036=CARTESIAN_POINT('',(-4.95235446943118,3.28201611604938,0.430539510294474));
#7037=CARTESIAN_POINT('',(-5.08949710043408,3.28014775742424,0.515540960149708));
#7038=CARTESIAN_POINT('',(-4.59872929107591,2.775,0.0430874989278516));
#7039=CARTESIAN_POINT('',(-4.59675529387094,2.90526100171041,0.0418640090239002));
#7040=CARTESIAN_POINT('',(-4.72066229588079,3.18866781217204,0.118661972873886));
#7041=CARTESIAN_POINT('',(-5.02101361070495,3.31660236078761,0.304820697110626));
#7042=CARTESIAN_POINT('',(-5.16484753120276,3.31488996116552,0.39396943001205));
#7043=CARTESIAN_POINT('',(-4.58221119559982,2.775,-0.136859049087415));
#7044=CARTESIAN_POINT('',(-4.58030025921463,2.94282049933944,-0.138043453689652));
#7045=CARTESIAN_POINT('',(-4.73563145594759,3.28363965751886,-0.0417686714903115));
#7046=CARTESIAN_POINT('',(-5.0760441807829,3.42495302561011,0.169220245293343));
#7047=CARTESIAN_POINT('',(-5.24084035580646,3.42372920929022,0.271361451898193));
#7048=CARTESIAN_POINT('',(-4.47003974854687,2.775,-0.310009841929797));
#7049=CARTESIAN_POINT('',(-4.46823690527173,3.00720156708744,-0.31112725006998));
#7050=CARTESIAN_POINT('',(-4.67743259266898,3.44643173929317,-0.181467080929356));
#7051=CARTESIAN_POINT('',(-5.08651493543908,3.61067786041425,0.0720834889506158));
#7052=CARTESIAN_POINT('',(-5.28724269671825,3.61029152906263,0.19649520987321));
#7053=CARTESIAN_POINT('',(-4.28641445818436,2.775,-0.404059740043436));
#7054=CARTESIAN_POINT('',(-4.28473075261546,3.07816087922312,-0.405103306244846));
#7055=CARTESIAN_POINT('',(-4.55329462603034,3.62585737710731,-0.238646541837893));
#7056=CARTESIAN_POINT('',(-5.038063020985,3.8153794440506,0.0618144899637923));
#7057=CARTESIAN_POINT('',(-5.27839373906228,3.81591616910905,0.210772252637055));
#7058=CARTESIAN_POINT('',(-4.10572032840829,2.775,-0.402259994162569));
#7059=CARTESIAN_POINT('',(-4.10412506029276,3.13083489030872,-0.403248746542023));
#7060=CARTESIAN_POINT('',(-4.41675870262598,3.75904733837963,-0.209477395668045));
#7061=CARTESIAN_POINT('',(-4.95770982866704,3.96733206536522,0.125805876047266));
#7062=CARTESIAN_POINT('',(-5.22743833151171,3.96855398708235,0.292984481572134));
#7063=CARTESIAN_POINT('',(-3.97120849148543,2.775,-0.342502895793639));
#7064=CARTESIAN_POINT('',(-3.9696612266808,3.15942602262075,-0.343461895564477));
#7065=CARTESIAN_POINT('',(-4.3062156710972,3.8313420379267,-0.134864353564515));
#7066=CARTESIAN_POINT('',(-4.87766244129059,4.04981102247572,0.219320217828811));
#7067=CARTESIAN_POINT('',(-5.16334788260724,4.05140486476477,0.396388985846915));
#7068=CARTESIAN_POINT('',(-3.89018557650602,2.775,-0.270829968633676));
#7069=CARTESIAN_POINT('',(-3.88865633607875,3.1701614770723,-0.271777796836661));
#7070=CARTESIAN_POINT('',(-4.23419261018994,3.85848739354274,-0.0576132875062036));
#7071=CARTESIAN_POINT('',(-4.81708994467702,4.08078038310151,0.303668380971412));
#7072=CARTESIAN_POINT('',(-5.10876692855597,4.08251387485654,0.484450726605324));
#7073=CARTESIAN_POINT('',(-3.82709104564045,2.775,-0.182961877643312));
#7074=CARTESIAN_POINT('',(-3.82556605702023,3.17269388527706,-0.183907070562415));
#7075=CARTESIAN_POINT('',(-4.17322107322248,3.86489076673888,0.0315706420243209));
#7076=CARTESIAN_POINT('',(-4.75881950463072,4.08808580862392,0.394526459180725));
#7077=CARTESIAN_POINT('',(-5.05190984568169,4.08985224257577,0.576184808198168));
#7078=CARTESIAN_POINT('',(-3.78127070892409,2.775,-0.0430874989278498));
#7079=CARTESIAN_POINT('',(-3.77972559087551,3.16070464663814,-0.0440451681322906));
#7080=CARTESIAN_POINT('',(-4.11734979747288,3.83457512915798,0.165215415955453));
#7081=CARTESIAN_POINT('',(-4.69016036335696,4.05349956388569,0.520245272364571));
#7082=CARTESIAN_POINT('',(-4.97655941491302,4.05511003883448,0.697756338335826));
#7083=CARTESIAN_POINT('',(-3.79778880440018,2.775,0.136859049087417));
#7084=CARTESIAN_POINT('',(-3.79618062553182,3.12314514900911,0.135862294581261));
#7085=CARTESIAN_POINT('',(-4.10238063740608,3.73960328381116,0.325646060319651));
#7086=CARTESIAN_POINT('',(-4.63512979327901,3.94514889906319,0.655845724181855));
#7087=CARTESIAN_POINT('',(-4.90056659030931,3.94627079070978,0.820364316449684));
#7088=CARTESIAN_POINT('',(-3.90996025145313,2.775,0.310009841929799));
#7089=CARTESIAN_POINT('',(-3.90824397947472,3.05876408126111,0.308946090961589));
#7090=CARTESIAN_POINT('',(-4.16057950068469,3.57681120203685,0.465344469758695));
#7091=CARTESIAN_POINT('',(-4.62465903862283,3.75942406425905,0.752982480524582));
#7092=CARTESIAN_POINT('',(-4.85416424939753,3.75970847093737,0.895230558474667));
#7093=CARTESIAN_POINT('',(-4.09358554181564,2.775,0.404059740043438));
#7094=CARTESIAN_POINT('',(-4.091750132131,2.98780476912543,0.402922147136455));
#7095=CARTESIAN_POINT('',(-4.28471746732333,3.39738556422271,0.522523930667233));
#7096=CARTESIAN_POINT('',(-4.67311095307691,3.55472248062271,0.763251479511405));
#7097=CARTESIAN_POINT('',(-4.86301320705349,3.55408383089095,0.880953515710822));
#7098=CARTESIAN_POINT('',(-4.27427967159171,2.775,0.40225999416257));
#7099=CARTESIAN_POINT('',(-4.2723558244537,2.93513075803983,0.401067587433631));
#7100=CARTESIAN_POINT('',(-4.42125339072769,3.26419560295039,0.493354784497386));
#7101=CARTESIAN_POINT('',(-4.75346414539487,3.40276985930808,0.699260093427931));
#7102=CARTESIAN_POINT('',(-4.91396861460406,3.40144601291765,0.798741286775742));
#7103=CARTESIAN_POINT('',(-4.40879150851457,2.775,0.342502895793641));
#7104=CARTESIAN_POINT('',(-4.40681965806565,2.90653962572779,0.341280736456086));
#7105=CARTESIAN_POINT('',(-4.53179642225648,3.19190090340333,0.418741742393855));
#7106=CARTESIAN_POINT('',(-4.83351153277132,3.32029090219757,0.605745751646386));
#7107=CARTESIAN_POINT('',(-4.97805906350854,3.31859513523524,0.695336782500961));
#7108=CARTESIAN_POINT('',(-4.48981442349398,2.775,0.270829968633677));
#7109=CARTESIAN_POINT('',(-4.48782454866771,2.89580417127625,0.26959663772827));
#7110=CARTESIAN_POINT('',(-4.60381948316372,3.16475554778728,0.341490676335544));
#7111=CARTESIAN_POINT('',(-4.89408402938489,3.28932154157179,0.521397588503785));
#7112=CARTESIAN_POINT('',(-5.0326400175598,3.28748612514346,0.607275041742551));
#7113=CARTESIAN_POINT('',(-4.55290895435956,2.775,0.182961877643314));
#7114=CARTESIAN_POINT('',(-4.55091482772621,2.89327176307149,0.181725911454025));
#7115=CARTESIAN_POINT('',(-4.6647910201312,3.15835217459115,0.252306746805019));
#7116=CARTESIAN_POINT('',(-4.95235446943118,3.28201611604938,0.430539510294474));
#7117=CARTESIAN_POINT('',(-5.08949710043408,3.28014775742424,0.515540960149708));
#7118=CARTESIAN_POINT('',(-4.19,2.775,8.67361737988404E-16));
#7119=CARTESIAN_POINT('',(-4.48682635947501,2.775,0.268130774661944));
#7120=CARTESIAN_POINT('',(-4.19,-2.775,8.67361737988404E-16));
#7121=CARTESIAN_POINT('',(-4.19,-2.775,8.67361737988404E-16));
#7122=CARTESIAN_POINT('',(-4.48682635947501,-2.775,0.268130774661944));
#7123=CARTESIAN_POINT('',(-5.1,-2.775,8.67361737988404E-16));
#7124=CARTESIAN_POINT('',(-5.1,-3.685,8.67361737988404E-16));
#7125=CARTESIAN_POINT('',(-5.1,-3.38817364052499,0.268130774661944));
#7126=CARTESIAN_POINT('',(-8.35,-3.685,8.67361737988404E-16));
#7127=CARTESIAN_POINT('',(-8.35,-3.685,8.67361737988404E-16));
#7128=CARTESIAN_POINT('',(-8.35,-3.38817364052499,0.268130774661944));
#7129=CARTESIAN_POINT('',(-8.35,-2.775,8.67361737988404E-16));
#7130=CARTESIAN_POINT('',(-9.26,-2.775,4.33680868994202E-16));
#7131=CARTESIAN_POINT('',(-8.963173640525,-2.775,0.268130774661944));
#7132=CARTESIAN_POINT('',(-9.26,2.775,4.33680868994202E-16));
#7133=CARTESIAN_POINT('',(-9.26,2.775,4.33680868994202E-16));
#7134=CARTESIAN_POINT('',(-8.96317364052499,2.775,0.268130774661944));
#7135=CARTESIAN_POINT('',(-8.25526848172286,3.5541604758135,0.149591761469494));
#7136=CARTESIAN_POINT('',(-8.45948634379607,3.55541896795286,0.199717596688995));
#7137=CARTESIAN_POINT('',(-8.86624442975774,3.38917129852778,0.299557486227285));
#7138=CARTESIAN_POINT('',(-9.04273092389928,2.98170178034051,0.342876581011653));
#7139=CARTESIAN_POINT('',(-9.04120849148544,2.775,0.342502895793641));
#7140=CARTESIAN_POINT('',(-8.26725712639909,3.45838805536542,0.10074877712393));
#7141=CARTESIAN_POINT('',(-8.44851748755391,3.45954251676244,0.145239630680198));
#7142=CARTESIAN_POINT('',(-8.80792387512765,3.31173187921404,0.233456915777022));
#7143=CARTESIAN_POINT('',(-8.96145621331057,2.95529823436394,0.271141849927721));
#7144=CARTESIAN_POINT('',(-8.96018557650602,2.775,0.270829968633677));
#7145=CARTESIAN_POINT('',(-8.28401379161949,3.37616663737028,0.032480381559095));
#7146=CARTESIAN_POINT('',(-8.44556494695071,3.37723179101133,0.0721335564060108));
#7147=CARTESIAN_POINT('',(-8.76431951261668,3.24524947738175,0.150372740147563));
#7148=CARTESIAN_POINT('',(-8.89814550746217,2.93263060245732,0.183220698194004));
#7149=CARTESIAN_POINT('',(-8.89709104564045,2.775,0.182961877643314));
#7150=CARTESIAN_POINT('',(-8.31379176675337,3.29832434191268,-0.0888381838489026));
#7151=CARTESIAN_POINT('',(-8.456683431326,3.29930494230922,-0.0537650322651342));
#7152=CARTESIAN_POINT('',(-8.73695129351142,3.18230794635879,0.0150274843865525));
#7153=CARTESIAN_POINT('',(-8.85212051295895,2.91117023305937,0.0432960856625717));
#7154=CARTESIAN_POINT('',(-8.85127070892409,2.775,0.0430874989278512));
#7155=CARTESIAN_POINT('',(-8.35638895295705,3.27147114590873,-0.262383547407456));
#7156=CARTESIAN_POINT('',(-8.49284366679286,3.27242258175469,-0.228890363063942));
#7157=CARTESIAN_POINT('',(-8.75983480537358,3.1605950368687,-0.16335665469135));
#7158=CARTESIAN_POINT('',(-8.86856800104247,2.90376709959819,-0.136667793131152));
#7159=CARTESIAN_POINT('',(-8.86778880440018,2.775,-0.136859049087416));
#7160=CARTESIAN_POINT('',(-8.40284825372194,3.33913382489343,-0.451663567063388));
#7161=CARTESIAN_POINT('',(-8.55552231107622,3.34015876966801,-0.414189300299741));
#7162=CARTESIAN_POINT('',(-8.85596717381822,3.21530549420905,-0.34044428343649));
#7163=CARTESIAN_POINT('',(-8.98091731885011,2.92242116316657,-0.309774927108201));
#7164=CARTESIAN_POINT('',(-8.97996025145314,2.775,-0.310009841929798));
#7165=CARTESIAN_POINT('',(-8.43505554733257,3.49504635987313,-0.582879428415518));
#7166=CARTESIAN_POINT('',(-8.6251032215758,3.49624068273772,-0.536231704723494));
#7167=CARTESIAN_POINT('',(-9.00263422022717,3.34137274667677,-0.443565684050503));
#7168=CARTESIAN_POINT('',(-9.16495248044589,2.96540495998907,-0.40372422120174));
#7169=CARTESIAN_POINT('',(-9.16358554181564,2.775,-0.404059740043437));
#7170=CARTESIAN_POINT('',(-8.4449065871146,3.67096058285933,-0.623013588268941));
#7171=CARTESIAN_POINT('',(-8.67712245975787,3.67234601510122,-0.566015564446234));
#7172=CARTESIAN_POINT('',(-9.1416288135727,3.48361288857984,-0.452001203932527));
#7173=CARTESIAN_POINT('',(-9.34610905909023,3.01390307600908,-0.40181096597584));
#7174=CARTESIAN_POINT('',(-9.34427967159171,2.775,-0.402259994162569));
#7175=CARTESIAN_POINT('',(-8.43871595216664,3.8158395241865,-0.597792298121576));
#7176=CARTESIAN_POINT('',(-8.70566059032925,3.81738235369984,-0.532270003404399));
#7177=CARTESIAN_POINT('',(-9.24179786747303,3.60075860511757,-0.400673635993954));
#7178=CARTESIAN_POINT('',(-9.48100175117636,3.05384505361674,-0.341960385660901));
#7179=CARTESIAN_POINT('',(-9.47879150851458,2.775,-0.34250289579364));
#7180=CARTESIAN_POINT('',(-8.4267273074904,3.91161194463458,-0.548949313776011));
#7181=CARTESIAN_POINT('',(-8.71662944193602,3.91325882784089,-0.477792038533372));
#7182=CARTESIAN_POINT('',(-9.30011844528006,3.67819790967818,-0.33457305985484));
#7183=CARTESIAN_POINT('',(-9.56227642004653,3.08024880614892,-0.270225664816897));
#7184=CARTESIAN_POINT('',(-9.55981442349398,2.775,-0.270829968633676));
#7185=CARTESIAN_POINT('',(-8.40997064227001,3.99383336262973,-0.480680918211177));
#7186=CARTESIAN_POINT('',(-8.71958197790382,3.99556957654262,-0.404685965396954));
#7187=CARTESIAN_POINT('',(-9.34372283096802,3.74468019675736,-0.251488878536534));
#7188=CARTESIAN_POINT('',(-9.6255870841764,3.10291664461116,-0.182304523323108));
#7189=CARTESIAN_POINT('',(-9.62290895435956,2.775,-0.182961877643313));
#7190=CARTESIAN_POINT('',(-8.38019266713612,4.07167565808733,-0.359362352803179));
#7191=CARTESIAN_POINT('',(-8.70846349159148,4.07349643483548,-0.278787377201267));
#7192=CARTESIAN_POINT('',(-9.3710910597586,3.80762167982657,-0.116143620398232));
#7193=CARTESIAN_POINT('',(-9.67161206124605,3.12437710032584,-0.0423799150707991));
#7194=CARTESIAN_POINT('',(-9.66872929107592,2.775,-0.0430874989278502));
#7195=CARTESIAN_POINT('',(-8.33759548093245,4.09852885409128,-0.185816989244625));
#7196=CARTESIAN_POINT('',(-8.67230325774511,4.10037878736662,-0.103662046004702));
#7197=CARTESIAN_POINT('',(-9.34820753979393,3.82933462943361,0.062240516690886));
#7198=CARTESIAN_POINT('',(-9.65516458774702,3.13178016157652,0.137583967302737));
#7199=CARTESIAN_POINT('',(-9.65221119559983,2.775,0.136859049087417));
#7200=CARTESIAN_POINT('',(-8.29113618016755,4.03086617510658,0.00346303041130686));
#7201=CARTESIAN_POINT('',(-8.60962461841372,4.03264257493532,0.081636892446568));
#7202=CARTESIAN_POINT('',(-9.2520751465895,3.77462429468318,0.239328139358671));
#7203=CARTESIAN_POINT('',(-9.54281531450701,3.11312587734629,0.310691112219026));
#7204=CARTESIAN_POINT('',(-9.54003974854687,2.775,0.310009841929799));
#7205=CARTESIAN_POINT('',(-8.25892888655693,3.87495364012688,0.134678891763437));
#7206=CARTESIAN_POINT('',(-8.54004371286608,3.87656063734762,0.203679298085792));
#7207=CARTESIAN_POINT('',(-9.10540807542079,3.64855716480537,0.342449533895329));
#7208=CARTESIAN_POINT('',(-9.3587801974788,3.07014185986195,0.404640417251803));
#7209=CARTESIAN_POINT('',(-9.35641445818437,2.775,0.404059740043438));
#7210=CARTESIAN_POINT('',(-8.24907784677489,3.69903941714067,0.174813051616859));
#7211=CARTESIAN_POINT('',(-8.48802447630452,3.70045529696073,0.233463158206289));
#7212=CARTESIAN_POINT('',(-8.96641347397275,3.50631706301925,0.350885051788569));
#7213=CARTESIAN_POINT('',(-9.177623633419,3.02164367163143,0.402727165605715));
#7214=CARTESIAN_POINT('',(-9.1757203284083,2.775,0.40225999416257));
#7215=CARTESIAN_POINT('',(-8.25526848172286,3.5541604758135,0.149591761469494));
#7216=CARTESIAN_POINT('',(-8.45948634379607,3.55541896795286,0.199717596688995));
#7217=CARTESIAN_POINT('',(-8.86624442975774,3.38917129852778,0.299557486227285));
#7218=CARTESIAN_POINT('',(-9.04273092389928,2.98170178034051,0.342876581011653));
#7219=CARTESIAN_POINT('',(-9.04120849148544,2.775,0.342502895793641));
#7220=CARTESIAN_POINT('',(-8.26725712639909,3.45838805536542,0.10074877712393));
#7221=CARTESIAN_POINT('',(-8.44851748755391,3.45954251676244,0.145239630680198));
#7222=CARTESIAN_POINT('',(-8.80792387512765,3.31173187921404,0.233456915777022));
#7223=CARTESIAN_POINT('',(-8.96145621331057,2.95529823436394,0.271141849927721));
#7224=CARTESIAN_POINT('',(-8.96018557650602,2.775,0.270829968633677));
#7225=CARTESIAN_POINT('',(-8.28401379161949,3.37616663737028,0.032480381559095));
#7226=CARTESIAN_POINT('',(-8.44556494695071,3.37723179101133,0.0721335564060108));
#7227=CARTESIAN_POINT('',(-8.76431951261668,3.24524947738175,0.150372740147563));
#7228=CARTESIAN_POINT('',(-8.89814550746217,2.93263060245732,0.183220698194004));
#7229=CARTESIAN_POINT('',(-8.89709104564045,2.775,0.182961877643314));
#7230=CARTESIAN_POINT('',(-8.34699221694475,3.685,-0.224100268326041));
#7231=CARTESIAN_POINT('',(-8.26805179648979,3.46064655577424,0.0975112085873847));
#7232=CARTESIAN_POINT('',(-4.99120648806106,3.685,-1.04778709361351));
#7233=CARTESIAN_POINT('',(-4.99120648806106,3.68500000000003,-1.04778709361351));
#7234=CARTESIAN_POINT('',(-4.91226606760597,3.46064655577427,-0.726175616700118));
#7235=CARTESIAN_POINT('',(-4.02027084134749,2.775,-0.8899000426336));
#7236=CARTESIAN_POINT('',(-4.0185483683896,2.98894011118577,-0.890322828352656));
#7237=CARTESIAN_POINT('',(-4.2383765520381,3.39635254605549,-0.836365396821866));
#7238=CARTESIAN_POINT('',(-4.68137633292754,3.55474770980783,-0.727629883709959));
#7239=CARTESIAN_POINT('',(-4.89948275283918,3.5541604758135,-0.674095063817975));
#7240=CARTESIAN_POINT('',(-4.12527104567937,2.775,-0.915913084164765));
#7241=CARTESIAN_POINT('',(-4.12343298557448,2.95573882471558,-0.91636424106656));
#7242=CARTESIAN_POINT('',(-4.31176614222271,3.31292026191162,-0.870137350427853));
#7243=CARTESIAN_POINT('',(-4.71454269533286,3.45940334334645,-0.771274739065056));
#7244=CARTESIAN_POINT('',(-4.91147139751541,3.45838805536542,-0.72293804816354));
#7245=CARTESIAN_POINT('',(-4.22187890698572,2.775,-0.964581784304072));
#7246=CARTESIAN_POINT('',(-4.21994161435561,2.92723524466541,-0.965057298101766));
#7247=CARTESIAN_POINT('',(-4.38123602887282,3.24129295337342,-0.92546714099285));
#7248=CARTESIAN_POINT('',(-4.74948060702734,3.37754941325231,-0.835080497740079));
#7249=CARTESIAN_POINT('',(-4.9282280627358,3.37616663737028,-0.791206443728375));
#7250=CARTESIAN_POINT('',(-4.32725519396985,2.775,-1.0673445364046));
#7251=CARTESIAN_POINT('',(-4.32522395395067,2.9002497686913,-1.06784310984702));
#7252=CARTESIAN_POINT('',(-4.46091971297047,3.17348052383843,-1.03453621304783));
#7253=CARTESIAN_POINT('',(-4.79647149327774,3.30005503324624,-0.952174106831743));
#7254=CARTESIAN_POINT('',(-4.95800603786969,3.29832434191268,-0.912525009136372));
#7255=CARTESIAN_POINT('',(-4.39593147090112,2.775,-1.23448871550644));
#7256=CARTESIAN_POINT('',(-4.39386782192433,2.89094061007344,-1.23499524381653));
#7257=CARTESIAN_POINT('',(-4.52073283270545,3.15008732286585,-1.20385587843005));
#7258=CARTESIAN_POINT('',(-4.84500660401579,3.27332185736448,-1.12426199050222));
#7259=CARTESIAN_POINT('',(-5.00060322407337,3.27147114590873,-1.08607037269493));
#7260=CARTESIAN_POINT('',(-4.37667862537795,2.775,-1.43989796197593));
#7261=CARTESIAN_POINT('',(-4.37469663807354,2.91439713312883,-1.4403844462042));
#7262=CARTESIAN_POINT('',(-4.52381270914491,3.20903176462242,-1.40378349694721));
#7263=CARTESIAN_POINT('',(-4.876503965742,3.34068211860351,-1.31721445919471));
#7264=CARTESIAN_POINT('',(-5.04706252483826,3.33913382489343,-1.27535039235086));
#7265=CARTESIAN_POINT('',(-4.25746792223669,2.775,-1.60827978656655));
#7266=CARTESIAN_POINT('',(-4.25567410481474,2.96844710611619,-1.60872008398028));
#7267=CARTESIAN_POINT('',(-4.45606244692088,3.34485519749756,-1.5595342149561));
#7268=CARTESIAN_POINT('',(-4.87423503289014,3.49589780388618,-1.45689260503608));
#7269=CARTESIAN_POINT('',(-5.07926981844889,3.49504635987313,-1.40656625370299));
#7270=CARTESIAN_POINT('',(-4.09647587202471,2.775,-1.69034785215426));
#7271=CARTESIAN_POINT('',(-4.09489436439983,3.02943103535405,-1.69073603754511));
#7272=CARTESIAN_POINT('',(-4.3531325883066,3.49810313013272,-1.62735075612295));
#7273=CARTESIAN_POINT('',(-4.84518696433281,3.67102577980759,-1.50657465788482));
#7274=CARTESIAN_POINT('',(-5.08912085823093,3.67096058285933,-1.44670041355641));
#7275=CARTESIAN_POINT('',(-3.9495827652059,2.775,-1.69966237022846));
#7276=CARTESIAN_POINT('',(-3.94817611108695,3.07965600838902,-1.70000763734596));
#7277=CARTESIAN_POINT('',(-4.25405817804922,3.62431463176045,-1.6249280437712));
#7278=CARTESIAN_POINT('',(-4.8069599110719,3.81525718598703,-1.48921679461439));
#7279=CARTESIAN_POINT('',(-5.08293022328296,3.8158395241865,-1.42147912340904));
#7280=CARTESIAN_POINT('',(-3.84458256087402,2.775,-1.67364932869729));
#7281=CARTESIAN_POINT('',(-3.84329149390206,3.1128572948592,-1.67396622463206));
#7282=CARTESIAN_POINT('',(-4.18066858786461,3.70774691590433,-1.5911560901652));
#7283=CARTESIAN_POINT('',(-4.77379354866658,3.91060155244841,-1.4455719392593));
#7284=CARTESIAN_POINT('',(-5.07094157860672,3.91161194463458,-1.37263613906348));
#7285=CARTESIAN_POINT('',(-3.74797469956767,2.775,-1.62498062855799));
#7286=CARTESIAN_POINT('',(-3.74678286512093,3.14136087490938,-1.62527316759685));
#7287=CARTESIAN_POINT('',(-4.1111987012145,3.77937422444251,-1.53582629960021));
#7288=CARTESIAN_POINT('',(-4.73885563697209,3.99245548254256,-1.38176618058427));
#7289=CARTESIAN_POINT('',(-5.05418491338634,3.99383336262973,-1.30436774349864));
#7290=CARTESIAN_POINT('',(-3.64259841258354,2.775,-1.52221787645746));
#7291=CARTESIAN_POINT('',(-3.64150052552588,3.16834635088349,-1.5224873558516));
#7292=CARTESIAN_POINT('',(-4.03151501711682,3.8471866539775,-1.42675722754522));
#7293=CARTESIAN_POINT('',(-4.69186475072171,4.06994986254863,-1.26467257149262));
#7294=CARTESIAN_POINT('',(-5.02440693825245,4.07167565808733,-1.18304917809065));
#7295=CARTESIAN_POINT('',(-3.57392213565227,2.775,-1.35507369735561));
#7296=CARTESIAN_POINT('',(-3.57285665755221,3.17765550950135,-1.35533522188209));
#7297=CARTESIAN_POINT('',(-3.97170189738187,3.87057985495009,-1.25743756216301));
#7298=CARTESIAN_POINT('',(-4.64332963998364,4.09668303843039,-1.09258468782213));
#7299=CARTESIAN_POINT('',(-4.98180975204878,4.09852885409128,-1.00950381453209));
#7300=CARTESIAN_POINT('',(-3.59317498117544,2.775,-1.14966445088613));
#7301=CARTESIAN_POINT('',(-3.592027841403,3.15419898644596,-1.14994601949442));
#7302=CARTESIAN_POINT('',(-3.96862202094239,3.81163541319351,-1.05750994364584));
#7303=CARTESIAN_POINT('',(-4.61183227825745,4.02932277719137,-0.899632219129645));
#7304=CARTESIAN_POINT('',(-4.93535045128388,4.03086617510658,-0.820223794876161));
#7305=CARTESIAN_POINT('',(-3.71238568431669,2.775,-0.981282626295511));
#7306=CARTESIAN_POINT('',(-3.7110503746618,3.1001490134586,-0.981610381718335));
#7307=CARTESIAN_POINT('',(-4.03637228316644,3.67581198031838,-0.901759225636955));
#7308=CARTESIAN_POINT('',(-4.6141012111093,3.87410709190869,-0.759954073288271));
#7309=CARTESIAN_POINT('',(-4.90314315767326,3.87495364012688,-0.689007933524032));
#7310=CARTESIAN_POINT('',(-3.87337773452868,2.775,-0.899214560707799));
#7311=CARTESIAN_POINT('',(-3.87183011507672,3.03916508422074,-0.899594428153514));
#7312=CARTESIAN_POINT('',(-4.13930214178069,3.5225640476832,-0.833942684470104));
#7313=CARTESIAN_POINT('',(-4.64314927966664,3.69897911598728,-0.710272020439535));
#7314=CARTESIAN_POINT('',(-4.89329211789121,3.69903941714067,-0.64887377367061));
#7315=CARTESIAN_POINT('',(-4.02027084134749,2.775,-0.8899000426336));
#7316=CARTESIAN_POINT('',(-4.0185483683896,2.98894011118577,-0.890322828352656));
#7317=CARTESIAN_POINT('',(-4.2383765520381,3.39635254605549,-0.836365396821866));
#7318=CARTESIAN_POINT('',(-4.68137633292754,3.55474770980783,-0.727629883709959));
#7319=CARTESIAN_POINT('',(-4.89948275283918,3.5541604758135,-0.674095063817975));
#7320=CARTESIAN_POINT('',(-4.12527104567937,2.775,-0.915913084164765));
#7321=CARTESIAN_POINT('',(-4.12343298557448,2.95573882471558,-0.91636424106656));
#7322=CARTESIAN_POINT('',(-4.31176614222271,3.31292026191162,-0.870137350427853));
#7323=CARTESIAN_POINT('',(-4.71454269533286,3.45940334334645,-0.771274739065056));
#7324=CARTESIAN_POINT('',(-4.91147139751541,3.45838805536542,-0.72293804816354));
#7325=CARTESIAN_POINT('',(-4.22187890698572,2.775,-0.964581784304072));
#7326=CARTESIAN_POINT('',(-4.21994161435561,2.92723524466541,-0.965057298101766));
#7327=CARTESIAN_POINT('',(-4.38123602887282,3.24129295337342,-0.92546714099285));
#7328=CARTESIAN_POINT('',(-4.74948060702734,3.37754941325231,-0.835080497740079));
#7329=CARTESIAN_POINT('',(-4.9282280627358,3.37616663737028,-0.791206443728375));
#7330=CARTESIAN_POINT('',(-3.98492680327669,2.775,-1.29478120643103));
#7331=CARTESIAN_POINT('',(-4.12387232184178,2.775,-0.919689027266122));
#7332=CARTESIAN_POINT('',(-3.98492680327669,-2.775,-1.29478120643103));
#7333=CARTESIAN_POINT('',(-3.98492680327669,-2.775,-1.29478120643103));
#7334=CARTESIAN_POINT('',(-4.12387232184178,-2.775,-0.919689027266122));
#7335=CARTESIAN_POINT('',(-4.85038823310528,-2.775,-1.57598667131223));
#7336=CARTESIAN_POINT('',(-4.85038823310528,-3.685,-1.57598667131223));
#7337=CARTESIAN_POINT('',(-4.97389317506382,-3.66876481697776,-1.19587754468666));
#7338=CARTESIAN_POINT('',(-7.94132191106453,-3.685,-2.58029190303081));
#7339=CARTESIAN_POINT('',(-7.94132191106453,-3.685,-2.58029190303081));
#7340=CARTESIAN_POINT('',(-8.06482685302307,-3.66876481697776,-2.20018277640524));
#7341=CARTESIAN_POINT('',(-7.94132191106453,-2.775,-2.58029190303081));
#7342=CARTESIAN_POINT('',(-8.80678334089312,-2.775,-2.86149736791201));
#7343=CARTESIAN_POINT('',(-8.91484770624511,-2.775,-2.47637129382578));
#7344=CARTESIAN_POINT('',(-8.80678334089312,2.775,-2.86149736791201));
#7345=CARTESIAN_POINT('',(-8.80678334089312,2.775,-2.86149736791201));
#7346=CARTESIAN_POINT('',(-8.91484770624511,2.775,-2.47637129382578));
#7347=CARTESIAN_POINT('',(-7.89583670588772,3.86825739817723,-2.43071313631335));
#7348=CARTESIAN_POINT('',(-8.18286674372421,3.86985717723767,-2.45183779488101));
#7349=CARTESIAN_POINT('',(-8.76004280857356,3.64314245713256,-2.4943164406537));
#7350=CARTESIAN_POINT('',(-9.01858379898395,3.06829626900877,-2.51334437999179));
#7351=CARTESIAN_POINT('',(-9.01617259045516,2.775,-2.51316692136311));
#7352=CARTESIAN_POINT('',(-7.89827395822275,3.76530541803626,-2.39759711563532));
#7353=CARTESIAN_POINT('',(-8.15996150669222,3.76679334112102,-2.41685663340041));
#7354=CARTESIAN_POINT('',(-8.68486659753698,3.55989794071591,-2.45548827247244));
#7355=CARTESIAN_POINT('',(-8.91806886273405,3.03991314735612,-2.47265134803982));
#7356=CARTESIAN_POINT('',(-8.91593555855853,2.775,-2.47249434244323));
#7357=CARTESIAN_POINT('',(-7.89897326888223,3.65755131275336,-2.38809527377597));
#7358=CARTESIAN_POINT('',(-8.13413624479224,3.65892216241649,-2.40540265251339));
#7359=CARTESIAN_POINT('',(-8.6043322175762,3.4727705404085,-2.44000784387186));
#7360=CARTESIAN_POINT('',(-8.8110138499439,3.01020611428469,-2.45521907036537));
#7361=CARTESIAN_POINT('',(-8.80917141278135,2.775,-2.45508347181867));
#7362=CARTESIAN_POINT('',(-7.89663684963934,3.51384647486113,-2.41984123083078));
#7363=CARTESIAN_POINT('',(-8.09642568003717,3.51506119110331,-2.43454516516322));
#7364=CARTESIAN_POINT('',(-8.49365956082918,3.3565742349009,-2.46378053776219));
#7365=CARTESIAN_POINT('',(-8.66497230185364,2.97058772238602,-2.47638870654379));
#7366=CARTESIAN_POINT('',(-8.66351777563738,2.775,-2.47628165722613));
#7367=CARTESIAN_POINT('',(-7.88886472884738,3.36741847174453,-2.52544445834988));
#7368=CARTESIAN_POINT('',(-8.05260908387974,3.3684740958825,-2.53749561375686));
#7369=CARTESIAN_POINT('',(-8.37549826208353,3.23817604292241,-2.56125941107984));
#7370=CARTESIAN_POINT('',(-8.51077188147644,2.93021857338936,-2.57121519495677));
#7371=CARTESIAN_POINT('',(-8.50971261700698,2.775,-2.57113723586782));
#7372=CARTESIAN_POINT('',(-7.8753053154444,3.27556949119911,-2.70968217890903));
#7373=CARTESIAN_POINT('',(-8.01644027714934,3.27652532262479,-2.72006934221935));
#7374=CARTESIAN_POINT('',(-8.29269571729523,3.16390914724545,-2.7404010186339));
#7375=CARTESIAN_POINT('',(-8.40536330156398,2.90489646899737,-2.74869305756913));
#7376=CARTESIAN_POINT('',(-8.40455197046604,2.775,-2.74863334572657));
#7377=CARTESIAN_POINT('',(-7.86019078510591,3.2881891925955,-2.91504995804006));
#7378=CARTESIAN_POINT('',(-8.00443219166029,3.28915873516117,-2.92566574755027));
#7379=CARTESIAN_POINT('',(-8.28709493045877,3.17411313689797,-2.9464689843541));
#7380=CARTESIAN_POINT('',(-8.40286849817261,2.90837563005346,-2.95498961553106));
#7381=CARTESIAN_POINT('',(-8.40202310197023,2.775,-2.95492739658609));
#7382=CARTESIAN_POINT('',(-7.84884554746643,3.38179381915078,-3.06920269752632));
#7383=CARTESIAN_POINT('',(-8.01612851426995,3.38286506191509,-3.08151428548605));
#7384=CARTESIAN_POINT('',(-8.34631637103777,3.24979960607793,-3.10581524642377));
#7385=CARTESIAN_POINT('',(-8.48512807660706,2.93418175344352,-3.11603142417105));
#7386=CARTESIAN_POINT('',(-8.48403000791437,2.775,-3.11595060919296));
#7387=CARTESIAN_POINT('',(-7.84258439017926,3.50174260182277,-3.15427579857929));
#7388=CARTESIAN_POINT('',(-8.03939375118414,3.50294416736571,-3.16876045177268));
#7389=CARTESIAN_POINT('',(-8.43048223067281,3.34678733175959,-3.19754353894092));
#7390=CARTESIAN_POINT('',(-8.59881594484881,2.96725077150422,-3.20993245915359));
#7391=CARTESIAN_POINT('',(-8.5973940913311,2.775,-3.20982781446092));
#7392=CARTESIAN_POINT('',(-7.84014713784423,3.60469458196374,-3.18739181925732));
#7393=CARTESIAN_POINT('',(-8.06229898821613,3.60600800348235,-3.20374161325327));
#7394=CARTESIAN_POINT('',(-8.50565844170936,3.43003184817622,-3.23637170712217));
#7395=CARTESIAN_POINT('',(-8.69933088109872,2.99563389315687,-3.25062549110557));
#7396=CARTESIAN_POINT('',(-8.69763112322771,2.775,-3.2505003933808));
#7397=CARTESIAN_POINT('',(-7.83944782718477,3.71244868724665,-3.19689366111667));
#7398=CARTESIAN_POINT('',(-8.08812425011611,3.71387918218689,-3.21519559414029));
#7399=CARTESIAN_POINT('',(-8.58619282167017,3.51715924848365,-3.25185213572276));
#7400=CARTESIAN_POINT('',(-8.80638589388887,3.02534092622829,-3.26805776878));
#7401=CARTESIAN_POINT('',(-8.8043952690049,2.775,-3.26791126400536));
#7402=CARTESIAN_POINT('',(-7.84178424642766,3.85615352513888,-3.16514770406186));
#7403=CARTESIAN_POINT('',(-8.12583481487118,3.85774015350006,-3.18605308149047));
#7404=CARTESIAN_POINT('',(-8.69686547841717,3.63335555399124,-3.22807944183243));
#7405=CARTESIAN_POINT('',(-8.95242744197913,3.06495931812696,-3.2468881326016));
#7406=CARTESIAN_POINT('',(-8.95004890614887,2.775,-3.24671307859789));
#7407=CARTESIAN_POINT('',(-7.84955636721958,4.00258152825547,-3.05954447654276));
#7408=CARTESIAN_POINT('',(-8.16965141102862,4.00432724872088,-3.08310263289683));
#7409=CARTESIAN_POINT('',(-8.8150267771628,3.75175374596973,-3.13060056851477));
#7410=CARTESIAN_POINT('',(-9.10662786235634,3.10532846712363,-3.15206164418861));
#7411=CARTESIAN_POINT('',(-9.10385406477926,2.775,-3.15185749995621));
#7412=CARTESIAN_POINT('',(-7.8631157806226,4.09443050880089,-2.87530675598361));
#7413=CARTESIAN_POINT('',(-8.20582021775901,4.09627602197859,-2.90052890443433));
#7414=CARTESIAN_POINT('',(-8.89782932195113,3.82602064164669,-2.95145896096072));
#7415=CARTESIAN_POINT('',(-9.2120364422688,3.13065057151562,-2.97458378157625));
#7416=CARTESIAN_POINT('',(-9.20901471132021,2.775,-2.97436139009746));
#7417=CARTESIAN_POINT('',(-7.8782303109611,4.08181080740451,-2.66993897685258));
#7418=CARTESIAN_POINT('',(-8.21782830324804,4.0836426094422,-2.69493249910341));
#7419=CARTESIAN_POINT('',(-8.90343010878759,3.81581665199417,-2.74539099524052));
#7420=CARTESIAN_POINT('',(-9.21453124566016,3.12717141045953,-2.76828722361432));
#7421=CARTESIAN_POINT('',(-9.21154357981602,2.775,-2.76806733923794));
#7422=CARTESIAN_POINT('',(-7.88957554860054,3.98820618084922,-2.51578623736631));
#7423=CARTESIAN_POINT('',(-8.20613198063841,3.98993628268829,-2.53908396116763));
#7424=CARTESIAN_POINT('',(-8.84420866820859,3.74013018281421,-2.58604473317085));
#7425=CARTESIAN_POINT('',(-9.1322716672257,3.10136528706947,-2.60724541497434));
#7426=CARTESIAN_POINT('',(-9.12953667387188,2.775,-2.60704412663107));
#7427=CARTESIAN_POINT('',(-7.89583670588772,3.86825739817723,-2.43071313631335));
#7428=CARTESIAN_POINT('',(-8.18286674372421,3.86985717723767,-2.45183779488101));
#7429=CARTESIAN_POINT('',(-8.76004280857356,3.64314245713256,-2.4943164406537));
#7430=CARTESIAN_POINT('',(-9.01858379898395,3.06829626900877,-2.51334437999179));
#7431=CARTESIAN_POINT('',(-9.01617259045516,2.775,-2.51316692136311));
#7432=CARTESIAN_POINT('',(-7.89827395822275,3.76530541803626,-2.39759711563532));
#7433=CARTESIAN_POINT('',(-8.15996150669222,3.76679334112102,-2.41685663340041));
#7434=CARTESIAN_POINT('',(-8.68486659753698,3.55989794071591,-2.45548827247244));
#7435=CARTESIAN_POINT('',(-8.91806886273405,3.03991314735612,-2.47265134803982));
#7436=CARTESIAN_POINT('',(-8.91593555855853,2.775,-2.47249434244323));
#7437=CARTESIAN_POINT('',(-7.89897326888223,3.65755131275336,-2.38809527377597));
#7438=CARTESIAN_POINT('',(-8.13413624479224,3.65892216241649,-2.40540265251339));
#7439=CARTESIAN_POINT('',(-8.6043322175762,3.4727705404085,-2.44000784387186));
#7440=CARTESIAN_POINT('',(-8.8110138499439,3.01020611428469,-2.45521907036537));
#7441=CARTESIAN_POINT('',(-8.80917141278135,2.775,-2.45508347181867));
#7442=CARTESIAN_POINT('',(-7.8692105480335,3.685,-2.79249446744632));
#7443=CARTESIAN_POINT('',(-7.89798430127684,3.76450506384594,-2.4015328121051));
#7444=CARTESIAN_POINT('',(-4.42313543623117,3.685,-2.53887237031641));
#7445=CARTESIAN_POINT('',(-4.42313543623117,3.685,-2.53887237031641));
#7446=CARTESIAN_POINT('',(-4.45190918947452,3.76450506384594,-2.14791071497519));
#7447=CARTESIAN_POINT('',(-3.23364427257747,2.77500000000001,-2.08758799138842));
#7448=CARTESIAN_POINT('',(-3.23191928535882,3.09707285374914,-2.0874610368498));
#7449=CARTESIAN_POINT('',(-3.56473382837582,3.67075750074284,-2.11195531501169));
#7450=CARTESIAN_POINT('',(-4.15425246251161,3.86726233602901,-2.15534234153778));
#7451=CARTESIAN_POINT('',(-4.44976159408541,3.86825739817723,-2.17709103918344));
#7452=CARTESIAN_POINT('',(-3.33875580914416,2.77499999999998,-2.06202852895226));
#7453=CARTESIAN_POINT('',(-3.33693652056677,3.06145870462843,-2.06189463408076));
#7454=CARTESIAN_POINT('',(-3.63489309553125,3.58099788884578,-2.08382345714596));
#7455=CARTESIAN_POINT('',(-4.18008535886386,3.76478689821593,-2.12394817894667));
#7456=CARTESIAN_POINT('',(-4.45219884642045,3.76530541803626,-2.14397501850541));
#7457=CARTESIAN_POINT('',(-3.44691857624026,2.77500000000001,-2.06043571585811));
#7458=CARTESIAN_POINT('',(-3.44500058768134,3.02418335772724,-2.06029455692664));
#7459=CARTESIAN_POINT('',(-3.70647326836485,3.48705150085729,-2.07953826098578));
#7460=CARTESIAN_POINT('',(-4.20527158745477,3.65753156325392,-2.11624851007442));
#7461=CARTESIAN_POINT('',(-4.4528981570799,3.65755131275336,-2.13447317664606));
#7462=CARTESIAN_POINT('',(-3.58789937489847,2.775,-2.10272944456026));
#7463=CARTESIAN_POINT('',(-3.58584975641409,2.97447158415031,-2.10257859801124));
#7464=CARTESIAN_POINT('',(-3.7986661738438,3.36176114258276,-2.11824132860793));
#7465=CARTESIAN_POINT('',(-4.23559182256933,3.51449190380588,-2.15039791130693));
#7466=CARTESIAN_POINT('',(-4.45056173783702,3.51384647486112,-2.16621913370087));
#7467=CARTESIAN_POINT('',(-3.72616029194494,2.77499999999999,-2.21908032095677));
#7468=CARTESIAN_POINT('',(-3.723976549186,2.92381778680417,-2.21891960321264));
#7469=CARTESIAN_POINT('',(-3.88721468120883,3.23409656816069,-2.23093350193276));
#7470=CARTESIAN_POINT('',(-4.26109519031461,3.36874168407313,-2.25845012757759));
#7471=CARTESIAN_POINT('',(-4.44278961704506,3.36741847174453,-2.27182236121997));
#7472=CARTESIAN_POINT('',(-3.80420211167993,2.77499999999999,-2.41005965221633));
#7473=CARTESIAN_POINT('',(-3.80193423762354,2.89204449516614,-2.40989274262919));
#7474=CARTESIAN_POINT('',(-3.93407370767673,3.15401720654368,-2.41961786132834));
#7475=CARTESIAN_POINT('',(-4.26840828513578,3.27731785248495,-2.44422401004165));
#7476=CARTESIAN_POINT('',(-4.42923020364208,3.27556949119911,-2.45606008177912));
#7477=CARTESIAN_POINT('',(-3.77650191949872,2.77500000000001,-2.61450115961887));
#7478=CARTESIAN_POINT('',(-3.77424560476334,2.89641002487012,-2.61433510076747));
#7479=CARTESIAN_POINT('',(-3.91065791296405,3.16501980696036,-2.62437468915648));
#7480=CARTESIAN_POINT('',(-4.25042595137017,3.28987914002788,-2.64938072635607));
#7481=CARTESIAN_POINT('',(-4.41411567330357,3.2881891925955,-2.66142786091015));
#7482=CARTESIAN_POINT('',(-3.67180453827566,2.77499999999999,-2.76178342598452));
#7483=CARTESIAN_POINT('',(-3.66963396296421,2.92879064663152,-2.76162367733002));
#7484=CARTESIAN_POINT('',(-3.83773936805887,3.24662984437649,-2.77399579459261));
#7485=CARTESIAN_POINT('',(-4.21780923825007,3.38305049112232,-2.80196794099292));
#7486=CARTESIAN_POINT('',(-4.40277043566411,3.38179381915078,-2.81558060039641));
#7487=CARTESIAN_POINT('',(-3.5459181402846,2.77499999999999,-2.8380524228225));
#7488=CARTESIAN_POINT('',(-3.54385743496467,2.97028449480308,-2.83790076031144));
#7489=CARTESIAN_POINT('',(-3.75257566585048,3.35120827176972,-2.85326187511858));
#7490=CARTESIAN_POINT('',(-4.1842899455113,3.50244405696368,-2.88503491471182));
#7491=CARTESIAN_POINT('',(-4.39650927837694,3.50174260182277,-2.90065370144938));
#7492=CARTESIAN_POINT('',(-3.4408066037179,2.775,-2.86361188525867));
#7493=CARTESIAN_POINT('',(-3.43884019975671,3.0058986439238,-2.86346716308047));
#7494=CARTESIAN_POINT('',(-3.68241639869504,3.44096788366677,-2.88139373298431));
#7495=CARTESIAN_POINT('',(-4.15845704915906,3.60491949477675,-2.91642907730293));
#7496=CARTESIAN_POINT('',(-4.3940720260419,3.60469458196374,-2.9337697221274));
#7497=CARTESIAN_POINT('',(-3.3326438366218,2.775,-2.86520469835282));
#7498=CARTESIAN_POINT('',(-3.33077613264215,3.04317399082497,-2.86506724023461));
#7499=CARTESIAN_POINT('',(-3.61083622586143,3.53491427165527,-2.8856789291445));
#7500=CARTESIAN_POINT('',(-4.13327082056815,3.71217482973877,-2.92412874617518));
#7501=CARTESIAN_POINT('',(-4.39337271538245,3.71244868724664,-2.94327156398676));
#7502=CARTESIAN_POINT('',(-3.19166303796359,2.77500000000001,-2.82291096965066));
#7503=CARTESIAN_POINT('',(-3.18992696390939,3.0928857644019,-2.82278319915));
#7504=CARTESIAN_POINT('',(-3.51864332038249,3.66020462992981,-2.84697586152234));
#7505=CARTESIAN_POINT('',(-4.1029505854536,3.8552144891868,-2.88997934494267));
#7506=CARTESIAN_POINT('',(-4.39570913462533,3.85615352513888,-2.91152560693195));
#7507=CARTESIAN_POINT('',(-3.05340212091712,2.77499999999997,-2.70656009325416));
#7508=CARTESIAN_POINT('',(-3.05180017113749,3.14353956174807,-2.7064421939486));
#7509=CARTESIAN_POINT('',(-3.43009481301746,3.78786920435186,-2.73428368819752));
#7510=CARTESIAN_POINT('',(-4.07744721770831,4.00096470891955,-2.781927128672));
#7511=CARTESIAN_POINT('',(-4.40348125541728,4.00258152825547,-2.80592237941285));
#7512=CARTESIAN_POINT('',(-2.97536030118213,2.77500000000001,-2.51558076199459));
#7513=CARTESIAN_POINT('',(-2.97384248269995,3.17531285338608,-2.51546905453205));
#7514=CARTESIAN_POINT('',(-3.38323578654956,3.86794856596888,-2.54559932880193));
#7515=CARTESIAN_POINT('',(-4.07013412288715,4.09238854050774,-2.59615324620795));
#7516=CARTESIAN_POINT('',(-4.41704066882027,4.09443050880089,-2.6216846588537));
#7517=CARTESIAN_POINT('',(-3.00306049336334,2.77499999999998,-2.31113925459205));
#7518=CARTESIAN_POINT('',(-3.00153111556014,3.17094732368211,-2.31102669639377));
#7519=CARTESIAN_POINT('',(-3.40665158126225,3.8569459655522,-2.3408425009738));
#7520=CARTESIAN_POINT('',(-4.08811645665275,4.0798272529648,-2.39099652989353));
#7521=CARTESIAN_POINT('',(-4.43215519915878,4.0818108074045,-2.41631687972267));
#7522=CARTESIAN_POINT('',(-3.1077578745864,2.77499999999998,-2.1638569882264));
#7523=CARTESIAN_POINT('',(-3.10614275735927,3.13856670192072,-2.16373811983122));
#7524=CARTESIAN_POINT('',(-3.47957012616742,3.77533592813607,-2.19122139553767));
#7525=CARTESIAN_POINT('',(-4.12073316977285,3.98665590187036,-2.23840931525667));
#7526=CARTESIAN_POINT('',(-4.44350043679824,3.98820618084922,-2.26216414023641));
#7527=CARTESIAN_POINT('',(-3.23364427257747,2.77500000000001,-2.08758799138842));
#7528=CARTESIAN_POINT('',(-3.23191928535882,3.09707285374914,-2.0874610368498));
#7529=CARTESIAN_POINT('',(-3.56473382837582,3.67075750074284,-2.11195531501169));
#7530=CARTESIAN_POINT('',(-4.15425246251161,3.86726233602901,-2.15534234153778));
#7531=CARTESIAN_POINT('',(-4.44976159408541,3.86825739817723,-2.17709103918344));
#7532=CARTESIAN_POINT('',(-3.33875580914416,2.77499999999998,-2.06202852895226));
#7533=CARTESIAN_POINT('',(-3.33693652056677,3.06145870462843,-2.06189463408076));
#7534=CARTESIAN_POINT('',(-3.63489309553125,3.58099788884578,-2.08382345714596));
#7535=CARTESIAN_POINT('',(-4.18008535886386,3.76478689821593,-2.12394817894667));
#7536=CARTESIAN_POINT('',(-4.45219884642045,3.76530541803626,-2.14397501850541));
#7537=CARTESIAN_POINT('',(-3.44691857624026,2.77500000000001,-2.06043571585811));
#7538=CARTESIAN_POINT('',(-3.44500058768134,3.02418335772724,-2.06029455692664));
#7539=CARTESIAN_POINT('',(-3.70647326836485,3.48705150085729,-2.07953826098578));
#7540=CARTESIAN_POINT('',(-4.20527158745477,3.65753156325392,-2.11624851007442));
#7541=CARTESIAN_POINT('',(-4.4528981570799,3.65755131275336,-2.13447317664606));
#7542=CARTESIAN_POINT('',(-3.38978120643103,2.775,-2.46282020710546));
#7543=CARTESIAN_POINT('',(-3.33926434756573,2.775,-2.06602297050926));
#7544=CARTESIAN_POINT('',(-3.38978120643103,-2.775,-2.46282020710546));
#7545=CARTESIAN_POINT('',(-3.38978120643103,-2.775,-2.46282020710546));
#7546=CARTESIAN_POINT('',(-3.33926434756573,-2.775,-2.06602297050926));
#7547=CARTESIAN_POINT('',(-4.12598667131223,-2.775,-2.99770478669161));
#7548=CARTESIAN_POINT('',(-4.12598667131223,-3.685,-2.99770478669161));
#7549=CARTESIAN_POINT('',(-4.29722182458185,-3.95910056114613,-2.76201981758219));
#7550=CARTESIAN_POINT('',(-6.75529190303081,-3.685,-4.90800685664215));
#7551=CARTESIAN_POINT('',(-6.75529190303081,-3.685,-4.90800685664215));
#7552=CARTESIAN_POINT('',(-6.92652705630043,-3.95910056114613,-4.67232188753273));
#7553=CARTESIAN_POINT('',(-6.75529190303081,-2.775,-4.90800685664215));
#7554=CARTESIAN_POINT('',(-7.49149736791201,-2.775,-5.4428914362283));
#7555=CARTESIAN_POINT('',(-7.88448453331656,-2.775,-5.36831873460567));
#7556=CARTESIAN_POINT('',(-7.49149736791201,2.775,-5.4428914362283));
#7557=CARTESIAN_POINT('',(-7.49149736791201,2.775,-5.4428914362283));
#7558=CARTESIAN_POINT('',(-7.88448453331656,2.775,-5.36831873460567));
#7559=CARTESIAN_POINT('',(-6.66762929908715,4.0723608499729,-4.97366326455973));
#7560=CARTESIAN_POINT('',(-6.98072332925485,4.07418238475584,-5.10149341465091));
#7561=CARTESIAN_POINT('',(-7.61272285834578,3.80817564173412,-5.35952642351386));
#7562=CARTESIAN_POINT('',(-7.89936318867087,3.12456612505337,-5.47655604694045));
#7563=CARTESIAN_POINT('',(-7.89661337780392,2.775,-5.47543335311055));
#7564=CARTESIAN_POINT('',(-6.7042087234325,4.02402242577963,-4.88406938251128));
#7565=CARTESIAN_POINT('',(-7.00625683583526,4.02579144149889,-5.00738970108305));
#7566=CARTESIAN_POINT('',(-7.61547324871429,3.76909034448387,-5.2561208105666));
#7567=CARTESIAN_POINT('',(-7.89106930193934,3.11123956860933,-5.36864127232509));
#7568=CARTESIAN_POINT('',(-7.88844062000287,2.775,-5.36756803306113));
#7569=CARTESIAN_POINT('',(-6.73582052597415,3.95541104673067,-4.80664268269458));
#7570=CARTESIAN_POINT('',(-7.02219010389089,3.95710551708678,-4.9235617632246));
#7571=CARTESIAN_POINT('',(-7.59906824657558,3.7136128193135,-5.15908979141524));
#7572=CARTESIAN_POINT('',(-7.8589880940682,3.09232390408654,-5.26520996591637));
#7573=CARTESIAN_POINT('',(-7.85653134208399,2.775,-5.26420692227892));
#7574=CARTESIAN_POINT('',(-6.76619651453583,3.83209717657259,-4.73224285861297));
#7575=CARTESIAN_POINT('',(-7.02438737351884,3.83365766802668,-4.83765712102573));
#7576=CARTESIAN_POINT('',(-7.54314458484844,3.61390416412573,-5.04945551318794));
#7577=CARTESIAN_POINT('',(-7.77488989882997,3.05832715556979,-5.14407257839776));
#7578=CARTESIAN_POINT('',(-7.77274215313744,2.775,-5.14319569596699));
#7579=CARTESIAN_POINT('',(-6.77771571179844,3.6539823556488,-4.7040289208786));
#7580=CARTESIAN_POINT('',(-6.99520516817107,3.65534932768686,-4.79282559910486));
#7581=CARTESIAN_POINT('',(-7.43001238047004,3.46988476678983,-4.97034885363353));
#7582=CARTESIAN_POINT('',(-7.62106233727473,3.00922217843874,-5.04835080288877));
#7583=CARTESIAN_POINT('',(-7.61936092093867,2.775,-5.04765614797793));
#7584=CARTESIAN_POINT('',(-6.75364052747087,3.45775066664872,-4.76299620271919));
#7585=CARTESIAN_POINT('',(-6.92628865656103,3.45890443553127,-4.83348504673431));
#7586=CARTESIAN_POINT('',(-7.26860693382418,3.3112165018952,-4.97324688357942));
#7587=CARTESIAN_POINT('',(-7.41482222368843,2.95512251087172,-5.03294371791051));
#7588=CARTESIAN_POINT('',(-7.41361253489651,2.775,-5.032449825709));
#7589=CARTESIAN_POINT('',(-6.69575593712378,3.31950302577659,-4.90477276844689));
#7590=CARTESIAN_POINT('',(-6.83681279906454,3.32050659041117,-4.96236351785729));
#7591=CARTESIAN_POINT('',(-7.11397148288674,3.19943275577992,-5.07552197103208));
#7592=CARTESIAN_POINT('',(-7.22860019789458,2.91700862900474,-5.12232262652964));
#7593=CARTESIAN_POINT('',(-7.22773693721157,2.775,-5.1219701741286));
#7594=CARTESIAN_POINT('',(-6.62959290002039,3.2746153432877,-5.06682571073058));
#7595=CARTESIAN_POINT('',(-6.76039238063966,3.27557013804419,-5.12022857258156));
#7596=CARTESIAN_POINT('',(-7.0163943696855,3.16313764599441,-5.22474916234117));
#7597=CARTESIAN_POINT('',(-7.12076722691434,2.90463341726969,-5.26736255231182));
#7598=CARTESIAN_POINT('',(-7.12001644811427,2.775,-5.26705602405686));
#7599=CARTESIAN_POINT('',(-6.57464214624663,3.2976391500271,-5.20141643872014));
#7600=CARTESIAN_POINT('',(-6.71070284669513,3.29861895984753,-5.25696735341029));
#7601=CARTESIAN_POINT('',(-6.97755653546718,3.18175414715804,-5.36591847927436));
#7602=CARTESIAN_POINT('',(-7.08718983106926,2.91098091545959,-5.41067960303105));
#7603=CARTESIAN_POINT('',(-7.08638135802011,2.775,-5.41034951934606));
#7604=CARTESIAN_POINT('',(-6.53806272190128,3.34597757422037,-5.29101032076859));
#7605=CARTESIAN_POINT('',(-6.68516934011471,3.34700990310448,-5.35107106697815));
#7606=CARTESIAN_POINT('',(-6.97480614509866,3.22083944440829,-5.46932409222161));
#7607=CARTESIAN_POINT('',(-7.0954837178008,2.92430747190363,-5.51859437764642));
#7608=CARTESIAN_POINT('',(-7.09455411582116,2.775,-5.51821483939547));
#7609=CARTESIAN_POINT('',(-6.50645091935963,3.41458895326934,-5.36843702058528));
#7610=CARTESIAN_POINT('',(-6.66923607205909,3.41569582751659,-5.4348990048366));
#7611=CARTESIAN_POINT('',(-6.99121114723737,3.27631696957867,-5.56635511137298));
#7612=CARTESIAN_POINT('',(-7.12756492567194,2.94322313642641,-5.62202568405514));
#7613=CARTESIAN_POINT('',(-7.12646339374004,2.775,-5.62157595017769));
#7614=CARTESIAN_POINT('',(-6.47607493079795,3.53790282342741,-5.4428368446669));
#7615=CARTESIAN_POINT('',(-6.66703880243115,3.53914367657669,-5.52080364703548));
#7616=CARTESIAN_POINT('',(-7.04713480896451,3.37602562476643,-5.67598938960027));
#7617=CARTESIAN_POINT('',(-7.21166312091018,2.97721988494317,-5.74316307157375));
#7618=CARTESIAN_POINT('',(-7.21025258268659,2.775,-5.74258717648962));
#7619=CARTESIAN_POINT('',(-6.46455573353534,3.7160176443512,-5.47105078240126));
#7620=CARTESIAN_POINT('',(-6.69622100777891,3.71745201691652,-5.56563516895634));
#7621=CARTESIAN_POINT('',(-7.1602670133429,3.52004502210233,-5.75509604915468));
#7622=CARTESIAN_POINT('',(-7.36549068246541,3.02632486207422,-5.83888484708273));
#7623=CARTESIAN_POINT('',(-7.36363381488536,2.775,-5.83812672447868));
#7624=CARTESIAN_POINT('',(-6.48863091786291,3.91224933335128,-5.41208350056067));
#7625=CARTESIAN_POINT('',(-6.76513751938895,3.9138969090721,-5.52497572132689));
#7626=CARTESIAN_POINT('',(-7.32167245998878,3.67871328699696,-5.75219801920879));
#7627=CARTESIAN_POINT('',(-7.57173079605171,3.08042452964124,-5.85429193206099));
#7628=CARTESIAN_POINT('',(-7.56938220092752,2.775,-5.8533330467476));
#7629=CARTESIAN_POINT('',(-6.54651550821,4.05049697422341,-5.27030693483298));
#7630=CARTESIAN_POINT('',(-6.85461337688545,4.05229475419221,-5.39609725020391));
#7631=CARTESIAN_POINT('',(-7.4763079109262,3.79049703311224,-5.64992293175613));
#7632=CARTESIAN_POINT('',(-7.75795282184557,3.11853841150822,-5.76491302344187));
#7633=CARTESIAN_POINT('',(-7.75525779861246,2.775,-5.76381269832801));
#7634=CARTESIAN_POINT('',(-6.61267854531338,4.0953846567123,-5.10825399254928));
#7635=CARTESIAN_POINT('',(-6.93103379531032,4.09723120655918,-5.23823219547965));
#7636=CARTESIAN_POINT('',(-7.57388502412745,3.82679214289774,-5.50069574044704));
#7637=CARTESIAN_POINT('',(-7.86578579282581,3.13091362324327,-5.61987309765969));
#7638=CARTESIAN_POINT('',(-7.86297828770975,2.775,-5.61872684839974));
#7639=CARTESIAN_POINT('',(-6.66762929908715,4.0723608499729,-4.97366326455973));
#7640=CARTESIAN_POINT('',(-6.98072332925485,4.07418238475584,-5.10149341465091));
#7641=CARTESIAN_POINT('',(-7.61272285834578,3.80817564173412,-5.35952642351386));
#7642=CARTESIAN_POINT('',(-7.89936318867087,3.12456612505337,-5.47655604694045));
#7643=CARTESIAN_POINT('',(-7.89661337780392,2.775,-5.47543335311055));
#7644=CARTESIAN_POINT('',(-6.7042087234325,4.02402242577963,-4.88406938251128));
#7645=CARTESIAN_POINT('',(-7.00625683583526,4.02579144149889,-5.00738970108305));
#7646=CARTESIAN_POINT('',(-7.61547324871429,3.76909034448387,-5.2561208105666));
#7647=CARTESIAN_POINT('',(-7.89106930193934,3.11123956860933,-5.36864127232509));
#7648=CARTESIAN_POINT('',(-7.88844062000287,2.775,-5.36756803306113));
#7649=CARTESIAN_POINT('',(-6.73582052597415,3.95541104673067,-4.80664268269458));
#7650=CARTESIAN_POINT('',(-7.02219010389089,3.95710551708678,-4.9235617632246));
#7651=CARTESIAN_POINT('',(-7.59906824657558,3.7136128193135,-5.15908979141524));
#7652=CARTESIAN_POINT('',(-7.8589880940682,3.09232390408654,-5.26520996591637));
#7653=CARTESIAN_POINT('',(-7.85653134208399,2.775,-5.26420692227892));
#7654=CARTESIAN_POINT('',(-6.62113572266689,3.685,-5.08753985163993));
#7655=CARTESIAN_POINT('',(-6.70338078646521,4.02064359997035,-4.88609724621657));
#7656=CARTESIAN_POINT('',(-3.42209707010689,3.685,-3.78143513004862));
#7657=CARTESIAN_POINT('',(-3.42209707010689,3.685,-3.78143513004862));
#7658=CARTESIAN_POINT('',(-3.50434213390522,4.02064359997035,-3.57999252462526));
#7659=CARTESIAN_POINT('',(-2.15069135005407,2.775,-3.12948611538838));
#7660=CARTESIAN_POINT('',(-2.14864147211898,3.16575924859433,-3.12864919044293));
#7661=CARTESIAN_POINT('',(-2.52282452381891,3.85011341897666,-3.2814207895525));
#7662=CARTESIAN_POINT('',(-3.15179232988313,4.0702994535254,-3.53821600538141));
#7663=CARTESIAN_POINT('',(-3.46859064652716,4.0723608499729,-3.66755854296842));
#7664=CARTESIAN_POINT('',(-2.23202295654583,2.775,-3.05816367134089));
#7665=CARTESIAN_POINT('',(-2.22995681720397,3.14911410927536,-3.05732010718208));
#7666=CARTESIAN_POINT('',(-2.58890323653522,3.80791470918689,-3.20387088821495));
#7667=CARTESIAN_POINT('',(-3.19855142186295,4.02219062787035,-3.45277828191859));
#7668=CARTESIAN_POINT('',(-3.50517007087251,4.02402242577963,-3.57796466091997));
#7669=CARTESIAN_POINT('',(-2.32715583954801,2.775,-3.00667138248972));
#7670=CARTESIAN_POINT('',(-2.32506661882601,3.12548806059471,-3.00581839465622));
#7671=CARTESIAN_POINT('',(-2.66238621898961,3.74801801786763,-3.14353936970808));
#7672=CARTESIAN_POINT('',(-3.24461220668562,3.95390514013037,-3.38125081810029));
#7673=CARTESIAN_POINT('',(-3.53678187341415,3.95541104673067,-3.50053796110328));
#7674=CARTESIAN_POINT('',(-2.47169700561792,2.775,-2.97888296063842));
#7675=CARTESIAN_POINT('',(-2.4695663011894,3.08302543209578,-2.97801303582139));
#7676=CARTESIAN_POINT('',(-2.76801644838853,3.64036688304683,-3.09986437578712));
#7677=CARTESIAN_POINT('',(-3.30095706440014,3.83117698795551,-3.31745357382426));
#7678=CARTESIAN_POINT('',(-3.56715786197584,3.83209717657259,-3.42613813702166));
#7679=CARTESIAN_POINT('',(-2.64811663234191,2.775,-3.01799463315875));
#7680=CARTESIAN_POINT('',(-2.6459260087579,3.02169231959721,-3.01710024452605));
#7681=CARTESIAN_POINT('',(-2.88823303397652,3.48487535094041,-3.11602944922938));
#7682=CARTESIAN_POINT('',(-3.34998575246716,3.65390817935425,-3.30455402530646));
#7683=CARTESIAN_POINT('',(-3.57867705923844,3.6539823556488,-3.3979241992873));
#7684=CARTESIAN_POINT('',(-2.80571464972893,2.775,-3.15113551910885));
#7685=CARTESIAN_POINT('',(-2.80345801233976,2.95412073743014,-3.1502141783346));
#7686=CARTESIAN_POINT('',(-2.98391134343663,3.31356806829993,-3.22388973320296));
#7687=CARTESIAN_POINT('',(-3.36723531975715,3.45860855443566,-3.38039339250404));
#7688=CARTESIAN_POINT('',(-3.55460187491087,3.45775066664872,-3.45689148112789));
#7689=CARTESIAN_POINT('',(-2.87582106671969,2.775,-3.34516830214465));
#7690=CARTESIAN_POINT('',(-2.87351792179203,2.90651572586347,-3.34422797325484));
#7691=CARTESIAN_POINT('',(-3.01039456384784,3.19287997857323,-3.40011202089577));
#7692=CARTESIAN_POINT('',(-3.33846452570803,3.32101756418436,-3.53405655009202));
#7693=CARTESIAN_POINT('',(-3.49671728456378,3.31950302577659,-3.59866804685558));
#7694=CARTESIAN_POINT('',(-2.85121548161021,2.775,-3.52418833678376));
#7695=CARTESIAN_POINT('',(-2.84889723613106,2.89105883538343,-3.52324184263502));
#7696=CARTESIAN_POINT('',(-2.97162494537865,3.15369371385531,-3.5733491585908));
#7697=CARTESIAN_POINT('',(-3.28175445891231,3.27634308985141,-3.69996895469951));
#7698=CARTESIAN_POINT('',(-3.4305542474604,3.2746153432877,-3.76072098913927));
#7699=CARTESIAN_POINT('',(-2.77494906415685,2.775,-3.65007629747368));
#7700=CARTESIAN_POINT('',(-2.77263856405817,2.8989869893774,-3.64913296561184));
#7701=CARTESIAN_POINT('',(-2.90262354916592,3.17379314727845,-3.70220328492465));
#7702=CARTESIAN_POINT('',(-3.22195508410468,3.29925753778444,-3.83258008584348));
#7703=CARTESIAN_POINT('',(-3.37560349368664,3.2976391500271,-3.89531171712883));
#7704=CARTESIAN_POINT('',(-2.69361745766509,2.775,-3.72139874152117));
#7705=CARTESIAN_POINT('',(-2.69132321897318,2.91563212869637,-3.72046204887269));
#7706=CARTESIAN_POINT('',(-2.83654483644961,3.21599185706822,-3.77975318626218));
#7707=CARTESIAN_POINT('',(-3.17519599212487,3.34736636343949,-3.9180178093063));
#7708=CARTESIAN_POINT('',(-3.33902406934128,3.34597757422037,-3.98490559917728));
#7709=CARTESIAN_POINT('',(-2.59848457466292,2.775,-3.77289103037235));
#7710=CARTESIAN_POINT('',(-2.59621341735115,2.93925817737703,-3.77196376139856));
#7711=CARTESIAN_POINT('',(-2.76306185399522,3.27588854838749,-3.84008470476906));
#7712=CARTESIAN_POINT('',(-3.1291352073022,3.41565185117947,-3.9895452731246));
#7713=CARTESIAN_POINT('',(-3.30741226679964,3.41458895326934,-4.06233229899398));
#7714=CARTESIAN_POINT('',(-2.453943408593,2.775,-3.80067945222364));
#7715=CARTESIAN_POINT('',(-2.45171373498776,2.98172080587595,-3.79976912023338));
#7716=CARTESIAN_POINT('',(-2.6574316245963,3.38353968320829,-3.88375969869002));
#7717=CARTESIAN_POINT('',(-3.07279034958768,3.53838000335432,-4.05334251740063));
#7718=CARTESIAN_POINT('',(-3.27703627823795,3.53790282342741,-4.13673212307559));
#7719=CARTESIAN_POINT('',(-2.27752378186902,2.775,-3.76156777970332));
#7720=CARTESIAN_POINT('',(-2.27535402741925,3.04305391837452,-3.76068191152872));
#7721=CARTESIAN_POINT('',(-2.53721503900831,3.53903121531471,-3.86759462524775));
#7722=CARTESIAN_POINT('',(-3.02376166152066,3.71564881195559,-4.06624206591844));
#7723=CARTESIAN_POINT('',(-3.26551708097535,3.7160176443512,-4.16494606080996));
#7724=CARTESIAN_POINT('',(-2.119925764482,2.775,-3.62842689375321));
#7725=CARTESIAN_POINT('',(-2.11782202383739,3.1106255005416,-3.62756797772017));
#7726=CARTESIAN_POINT('',(-2.44153672954821,3.71033849795519,-3.75973434127418));
#7727=CARTESIAN_POINT('',(-3.00651209423067,3.91094843687418,-3.99040269872085));
#7728=CARTESIAN_POINT('',(-3.28959226530292,3.91224933335129,-4.10597877896937));
#7729=CARTESIAN_POINT('',(-2.04981934749124,2.775,-3.43439411071741));
#7730=CARTESIAN_POINT('',(-2.04776211438512,3.15823051210827,-3.43355418279993));
#7731=CARTESIAN_POINT('',(-2.415053509137,3.83102658768188,-3.58351205358137));
#7732=CARTESIAN_POINT('',(-3.03528288827978,4.04853942712548,-3.83673954113287));
#7733=CARTESIAN_POINT('',(-3.34747685565001,4.05049697422341,-3.96420221324167));
#7734=CARTESIAN_POINT('',(-2.07442493260071,2.775,-3.2553740760783));
#7735=CARTESIAN_POINT('',(-2.07238280004609,3.1736874025883,-3.25454031341975));
#7736=CARTESIAN_POINT('',(-2.45382312760618,3.87021285239981,-3.41027491588634));
#7737=CARTESIAN_POINT('',(-3.0919929550755,4.09321390145843,-3.67082713652538));
#7738=CARTESIAN_POINT('',(-3.41363989275339,4.0953846567123,-3.80214927095798));
#7739=CARTESIAN_POINT('',(-2.15069135005407,2.775,-3.12948611538838));
#7740=CARTESIAN_POINT('',(-2.14864147211898,3.16575924859433,-3.12864919044293));
#7741=CARTESIAN_POINT('',(-2.52282452381891,3.85011341897666,-3.2814207895525));
#7742=CARTESIAN_POINT('',(-3.15179232988313,4.0702994535254,-3.53821600538141));
#7743=CARTESIAN_POINT('',(-3.46859064652716,4.0723608499729,-3.66755854296842));
#7744=CARTESIAN_POINT('',(-2.23202295654583,2.775,-3.05816367134089));
#7745=CARTESIAN_POINT('',(-2.22995681720397,3.14911410927536,-3.05732010718208));
#7746=CARTESIAN_POINT('',(-2.58890323653522,3.80791470918689,-3.20387088821495));
#7747=CARTESIAN_POINT('',(-3.19855142186295,4.02219062787035,-3.45277828191859));
#7748=CARTESIAN_POINT('',(-3.50517007087251,4.02402242577963,-3.57796466091997));
#7749=CARTESIAN_POINT('',(-2.32715583954801,2.775,-3.00667138248972));
#7750=CARTESIAN_POINT('',(-2.32506661882601,3.12548806059471,-3.00581839465622));
#7751=CARTESIAN_POINT('',(-2.66238621898961,3.74801801786763,-3.14353936970808));
#7752=CARTESIAN_POINT('',(-3.24461220668562,3.95390514013037,-3.38125081810029));
#7753=CARTESIAN_POINT('',(-3.53678187341415,3.95541104673067,-3.50053796110328));
#7754=CARTESIAN_POINT('',(-2.46282020710546,2.775,-3.38978120643103));
#7755=CARTESIAN_POINT('',(-2.23432316929757,2.775,-3.06146869720694));
#7756=CARTESIAN_POINT('',(-2.46282020710546,-2.775,-3.38978120643103));
#7757=CARTESIAN_POINT('',(-2.46282020710546,-2.775,-3.38978120643103));
#7758=CARTESIAN_POINT('',(-2.23432316929757,-2.775,-3.06146869720694));
#7759=CARTESIAN_POINT('',(-2.99770478669161,-2.775,-4.12598667131223));
#7760=CARTESIAN_POINT('',(-2.99770478669161,-3.685,-4.12598667131224));
#7761=CARTESIAN_POINT('',(-3.00427340950357,-4.08491758844417,-4.12121428748892));
#7762=CARTESIAN_POINT('',(-4.90800685664215,-3.685,-6.75529190303081));
#7763=CARTESIAN_POINT('',(-4.90800685664215,-3.685,-6.75529190303081));
#7764=CARTESIAN_POINT('',(-4.91457547945411,-4.08491758844417,-6.7505195192075));
#7765=CARTESIAN_POINT('',(-4.90800685664215,-2.775,-6.75529190303081));
#7766=CARTESIAN_POINT('',(-5.4428914362283,-2.775,-7.49149736791201));
#7767=CARTESIAN_POINT('',(-5.68452571966011,-2.775,-7.81026510948948));
#7768=CARTESIAN_POINT('',(-5.4428914362283,2.775,-7.49149736791201));
#7769=CARTESIAN_POINT('',(-5.4428914362283,2.775,-7.49149736791201));
#7770=CARTESIAN_POINT('',(-5.68452571966011,2.775,-7.81026510948948));
#7771=CARTESIAN_POINT('',(-4.6019012897643,4.04396528849816,-7.03012810667731));
#7772=CARTESIAN_POINT('',(-4.85481722309133,4.0457559718761,-7.24392849239538));
#7773=CARTESIAN_POINT('',(-5.36510794534543,3.78521566777243,-7.67529852041665));
#7774=CARTESIAN_POINT('',(-5.59620325635788,3.11673767265609,-7.87065302411333));
#7775=CARTESIAN_POINT('',(-5.59399365746035,2.775,-7.86878515801905));
#7776=CARTESIAN_POINT('',(-4.66791628101453,4.07925377028207,-6.9520354359389));
#7777=CARTESIAN_POINT('',(-4.9274840088592,4.08108279413248,-7.17145886096052));
#7778=CARTESIAN_POINT('',(-5.45149460579804,3.81374909274548,-7.61442687120857));
#7779=CARTESIAN_POINT('',(-5.68924072332822,3.12646645368622,-7.81540357901129));
#7780=CARTESIAN_POINT('',(-5.68695818121558,2.775,-7.81347405097534));
#7781=CARTESIAN_POINT('',(-4.73734107249936,4.09096655830992,-6.86990912977979));
#7782=CARTESIAN_POINT('',(-4.99911663290726,4.09280830795084,-7.09119892773968));
#7783=CARTESIAN_POINT('',(-5.52768106656075,3.8232197738721,-7.53801648606991));
#7784=CARTESIAN_POINT('',(-5.76763468872186,3.12969558523892,-7.74085928959604));
#7785=CARTESIAN_POINT('',(-5.765327935638,2.775,-7.73890929501646));
#7786=CARTESIAN_POINT('',(-4.83051215953496,4.06205824237897,-6.7596920581054));
#7787=CARTESIAN_POINT('',(-5.0868385714473,4.06386858351392,-6.9763754635978));
#7788=CARTESIAN_POINT('',(-5.60416368700406,3.7998451988829,-7.41369195763097));
#7789=CARTESIAN_POINT('',(-5.83866897003889,3.12172577012009,-7.61192905288322));
#7790=CARTESIAN_POINT('',(-5.8364219720196,2.775,-7.61002957175167));
#7791=CARTESIAN_POINT('',(-4.92641135813998,3.95916343255575,-6.64624775706244));
#7792=CARTESIAN_POINT('',(-5.16334234420014,3.96086197982982,-6.84653540024042));
#7793=CARTESIAN_POINT('',(-5.64066279463333,3.71664690902204,-7.25003428254216));
#7794=CARTESIAN_POINT('',(-5.85577553264441,3.09335840991353,-7.43187805076439));
#7795=CARTESIAN_POINT('',(-5.85374122380494,2.775,-7.43015836466626));
#7796=CARTESIAN_POINT('',(-4.98811587249503,3.7763298435335,-6.57325418043169));
#7797=CARTESIAN_POINT('',(-5.19058316378516,3.7778297445119,-6.7444082251915));
#7798=CARTESIAN_POINT('',(-5.5968194019559,3.56881202831322,-7.08781665846438));
#7799=CARTESIAN_POINT('',(-5.77747356413543,3.04295250230203,-7.24053115552061));
#7800=CARTESIAN_POINT('',(-5.77581718228917,2.775,-7.23913094687042));
#7801=CARTESIAN_POINT('',(-4.98266895381789,3.57019289003106,-6.57969763242248));
#7802=CARTESIAN_POINT('',(-5.14627992180154,3.57146882591404,-6.71800480667781));
#7803=CARTESIAN_POINT('',(-5.47237178914707,3.40213460271717,-6.99366386105566));
#7804=CARTESIAN_POINT('',(-5.61417539940159,2.98612202443892,-7.11353636639685));
#7805=CARTESIAN_POINT('',(-5.61294511387297,2.775,-7.11249635473332));
#7806=CARTESIAN_POINT('',(-4.92427755779351,3.41375506853762,-6.64877194383764));
#7807=CARTESIAN_POINT('',(-5.05840037013098,3.41486103678004,-6.76215155038961));
#7808=CARTESIAN_POINT('',(-5.32367048492884,3.27564271026727,-6.98639544090774));
#7809=CARTESIAN_POINT('',(-5.43599031945219,2.94299324039375,-7.08134408107039));
#7810=CARTESIAN_POINT('',(-5.43508339942669,2.775,-7.08057742375186));
#7811=CARTESIAN_POINT('',(-4.84797471143656,3.32603471150184,-6.73903466968381));
#7812=CARTESIAN_POINT('',(-4.96556244602291,3.32704537272725,-6.8384364854554));
#7813=CARTESIAN_POINT('',(-5.19672759951352,3.20471412111978,-7.03385002991161));
#7814=CARTESIAN_POINT('',(-5.29251481226288,2.91880936785677,-7.11482295543379));
#7815=CARTESIAN_POINT('',(-5.29178921499625,2.775,-7.11420957780498));
#7816=CARTESIAN_POINT('',(-4.78195972018633,3.29074622971793,-6.81712734042221));
#7817=CARTESIAN_POINT('',(-4.89289566025505,3.29171855047087,-6.91090611689027));
#7818=CARTESIAN_POINT('',(-5.1103409390609,3.17618069614673,-7.09472167911967));
#7819=CARTESIAN_POINT('',(-5.19947734529252,2.90908058682664,-7.17007240053582));
#7820=CARTESIAN_POINT('',(-5.19882469124102,2.775,-7.16952068484869));
#7821=CARTESIAN_POINT('',(-4.7125349287015,3.27903344169008,-6.89925364658133));
#7822=CARTESIAN_POINT('',(-4.82126303620697,3.2799930366525,-6.99116605011109));
#7823=CARTESIAN_POINT('',(-5.0341544782982,3.16671001502011,-7.17113206425836));
#7824=CARTESIAN_POINT('',(-5.1210833798989,2.90585145527394,-7.24461668995108));
#7825=CARTESIAN_POINT('',(-5.12045493681861,2.775,-7.24408544080758));
#7826=CARTESIAN_POINT('',(-4.6193638416659,3.30794175762103,-7.00947071825571));
#7827=CARTESIAN_POINT('',(-4.73354109766695,3.30893276108943,-7.10598951425299));
#7828=CARTESIAN_POINT('',(-4.95767185785488,3.1900845900093,-7.29545659269727));
#7829=CARTESIAN_POINT('',(-5.05004909858185,2.91382127039277,-7.37354692666389));
#7830=CARTESIAN_POINT('',(-5.049360900437,2.775,-7.37296516407236));
#7831=CARTESIAN_POINT('',(-4.52346464306088,3.41083656744425,-7.12291501929867));
#7832=CARTESIAN_POINT('',(-4.65703732491411,3.41193936477353,-7.23582957761037));
#7833=CARTESIAN_POINT('',(-4.92117275022561,3.27328287987017,-7.45911426778609));
#7834=CARTESIAN_POINT('',(-5.03294253597634,2.94218863059933,-7.55359792878272));
#7835=CARTESIAN_POINT('',(-5.03204164865166,2.775,-7.55283637115777));
#7836=CARTESIAN_POINT('',(-4.46176012870582,3.5936701564665,-7.19590859592943));
#7837=CARTESIAN_POINT('',(-4.62979650532908,3.59497160009145,-7.33795675265929));
#7838=CARTESIAN_POINT('',(-4.96501614290305,3.42111776057899,-7.62133189186387));
#7839=CARTESIAN_POINT('',(-5.11124450448531,2.99259453821084,-7.7449448240265));
#7840=CARTESIAN_POINT('',(-5.10996569016743,2.775,-7.74386378895361));
#7841=CARTESIAN_POINT('',(-4.46720704738297,3.79980710996894,-7.18946514393864));
#7842=CARTESIAN_POINT('',(-4.67409974731271,3.80133251868931,-7.36436017117298));
#7843=CARTESIAN_POINT('',(-5.08946375571186,3.58779518617504,-7.7154846892726));
#7844=CARTESIAN_POINT('',(-5.27454266921917,3.04942501607394,-7.87193961315027));
#7845=CARTESIAN_POINT('',(-5.27283775858363,2.775,-7.87049838109071));
#7846=CARTESIAN_POINT('',(-4.52559844340735,3.95624493146238,-7.12039083252347));
#7847=CARTESIAN_POINT('',(-4.76197929898327,3.95794030782331,-7.32021342746117));
#7848=CARTESIAN_POINT('',(-5.2381650599301,3.71428707862493,-7.7227531094205));
#7849=CARTESIAN_POINT('',(-5.45272774916856,3.09255380011911,-7.90413189847673));
#7850=CARTESIAN_POINT('',(-5.45069947302991,2.775,-7.90241731207217));
#7851=CARTESIAN_POINT('',(-4.6019012897643,4.04396528849816,-7.03012810667731));
#7852=CARTESIAN_POINT('',(-4.85481722309133,4.0457559718761,-7.24392849239538));
#7853=CARTESIAN_POINT('',(-5.36510794534543,3.78521566777243,-7.67529852041665));
#7854=CARTESIAN_POINT('',(-5.59620325635788,3.11673767265609,-7.87065302411333));
#7855=CARTESIAN_POINT('',(-5.59399365746035,2.775,-7.86878515801905));
#7856=CARTESIAN_POINT('',(-4.66791628101453,4.07925377028207,-6.9520354359389));
#7857=CARTESIAN_POINT('',(-4.9274840088592,4.08108279413248,-7.17145886096052));
#7858=CARTESIAN_POINT('',(-5.45149460579804,3.81374909274548,-7.61442687120857));
#7859=CARTESIAN_POINT('',(-5.68924072332822,3.12646645368622,-7.81540357901129));
#7860=CARTESIAN_POINT('',(-5.68695818121558,2.775,-7.81347405097534));
#7861=CARTESIAN_POINT('',(-4.73734107249936,4.09096655830992,-6.86990912977979));
#7862=CARTESIAN_POINT('',(-4.99911663290726,4.09280830795084,-7.09119892773968));
#7863=CARTESIAN_POINT('',(-5.52768106656075,3.8232197738721,-7.53801648606991));
#7864=CARTESIAN_POINT('',(-5.76763468872186,3.12969558523892,-7.74085928959604));
#7865=CARTESIAN_POINT('',(-5.765327935638,2.775,-7.73890929501646));
#7866=CARTESIAN_POINT('',(-4.72493800060043,3.685,-6.88458138818056));
#7867=CARTESIAN_POINT('',(-4.66848458105363,4.07532448798939,-6.95136316336878));
#7868=CARTESIAN_POINT('',(-2.08607999960825,3.685,-4.65384467244391));
#7869=CARTESIAN_POINT('',(-2.08607999960825,3.68500000000001,-4.65384467244391));
#7870=CARTESIAN_POINT('',(-2.02962658006146,4.0753244879894,-4.72062644763214));
#7871=CARTESIAN_POINT('',(-0.897605563526723,2.775,-3.89873245016315));
#7872=CARTESIAN_POINT('',(-0.89659126384876,3.15836031588871,-3.89787502034637));
#7873=CARTESIAN_POINT('',(-1.19645324300856,3.82345583327419,-4.15136085638361));
#7874=CARTESIAN_POINT('',(-1.70642209732717,4.04230966149975,-4.58245879601626));
#7875=CARTESIAN_POINT('',(-1.96304328877212,4.04396528849816,-4.79939139094066));
#7876=CARTESIAN_POINT('',(-0.936671022271947,2.775,-3.79785821573006));
#7877=CARTESIAN_POINT('',(-0.935686630883956,3.17058255015462,-3.79702606863805));
#7878=CARTESIAN_POINT('',(-1.24468340007971,3.8542087405177,-4.05823392363806));
#7879=CARTESIAN_POINT('',(-1.76630220123788,4.07743881623772,-4.49918004916841));
#7880=CARTESIAN_POINT('',(-2.02905828002235,4.07925377028207,-4.72129872020225));
#7881=CARTESIAN_POINT('',(-0.997150850819191,2.775,-3.70817035937072));
#7882=CARTESIAN_POINT('',(-0.996176386451096,3.17463929705748,-3.70734660400261));
#7883=CARTESIAN_POINT('',(-1.30820513248352,3.86441610183149,-3.97111751546427));
#7884=CARTESIAN_POINT('',(-1.83369072957536,4.08909872117676,-4.41533240485317));
#7885=CARTESIAN_POINT('',(-2.09848307150718,4.09096655830992,-4.63917241404314));
#7886=CARTESIAN_POINT('',(-1.11239898850879,2.775,-3.61661593928672));
#7887=CARTESIAN_POINT('',(-1.11140002327662,3.16462684563764,-3.61577147231646));
#7888=CARTESIAN_POINT('',(-1.41594555147216,3.83922332749128,-3.87321650767023));
#7889=CARTESIAN_POINT('',(-1.93188751486847,4.06032092592416,-4.30936376550103));
#7890=CARTESIAN_POINT('',(-2.19165415854278,4.06205824237897,-4.52895534236875));
#7891=CARTESIAN_POINT('',(-1.28687813393349,2.775,-3.56959854428623));
#7892=CARTESIAN_POINT('',(-1.2857919615546,3.12898902823005,-3.56868035747806));
#7893=CARTESIAN_POINT('',(-1.56370209950353,3.74955343005254,-3.80360938668875));
#7894=CARTESIAN_POINT('',(-2.04567493178654,3.95789068485715,-4.21104112138506));
#7895=CARTESIAN_POINT('',(-2.28755335714781,3.95916343255575,-4.4155110413258));
#7896=CARTESIAN_POINT('',(-1.48821120415937,2.775,-3.61463880882056));
#7897=CARTESIAN_POINT('',(-1.48697007356974,3.06566425924757,-3.61358962937469));
#7898=CARTESIAN_POINT('',(-1.71755183798689,3.59021916232661,-3.8085100107181));
#7899=CARTESIAN_POINT('',(-2.13916498674375,3.77588258716137,-4.1649171877681));
#7900=CARTESIAN_POINT('',(-2.34925787150286,3.7763298435335,-4.34251746469504));
#7901=CARTESIAN_POINT('',(-1.64018943522128,2.775,-3.75416030493923));
#7902=CARTESIAN_POINT('',(-1.63877359595994,2.99426832467615,-3.75296343696734));
#7903=CARTESIAN_POINT('',(-1.81599466890766,3.41057667588191,-3.90277580052685));
#7904=CARTESIAN_POINT('',(-2.16955488853377,3.57067633937931,-4.20165499859187));
#7905=CARTESIAN_POINT('',(-2.34381095282571,3.57019289003106,-4.34896091668583));
#7906=CARTESIAN_POINT('',(-1.70126835761879,2.775,-3.92422785875102));
#7907=CARTESIAN_POINT('',(-1.69971993153334,2.94008578109009,-3.92291890960748));
#7908=CARTESIAN_POINT('',(-1.83644544953554,3.2742455680937,-4.03849869179764));
#7909=CARTESIAN_POINT('',(-2.13836014031018,3.41494483265804,-4.29371977056663));
#7910=CARTESIAN_POINT('',(-2.28541955680133,3.41375506853762,-4.418035228101));
#7911=CARTESIAN_POINT('',(-1.69195684933533,2.775,-4.07112115639024));
#7912=CARTESIAN_POINT('',(-1.69033407701162,2.90970366490424,-4.06974935927105));
#7913=CARTESIAN_POINT('',(-1.80435226948172,3.19779977425627,-4.1661336922322));
#7914=CARTESIAN_POINT('',(-2.07730744019336,3.32762053191736,-4.39687408100181));
#7915=CARTESIAN_POINT('',(-2.20911671044438,3.32603471150184,-4.50829795394716));
#7916=CARTESIAN_POINT('',(-1.65289139059011,2.775,-4.17199539082333));
#7917=CARTESIAN_POINT('',(-1.65123870997642,2.89748143063832,-4.17059831097938));
#7918=CARTESIAN_POINT('',(-1.75612211241057,3.16704686701276,-4.25926062497774));
#7919=CARTESIAN_POINT('',(-2.01742733628265,3.29249137717938,-4.48015282784967));
#7920=CARTESIAN_POINT('',(-2.14310171919416,3.29074622971793,-4.58639062468556));
#7921=CARTESIAN_POINT('',(-1.59241156204287,2.775,-4.26168324718267));
#7922=CARTESIAN_POINT('',(-1.59074895440928,2.89342468373547,-4.26027777561482));
#7923=CARTESIAN_POINT('',(-1.69260038000676,3.15683950569897,-4.34637703315154));
#7924=CARTESIAN_POINT('',(-1.95003880794517,3.28083147224035,-4.5640004721649));
#7925=CARTESIAN_POINT('',(-2.07367692770933,3.27903344169008,-4.66851693084468));
#7926=CARTESIAN_POINT('',(-1.47716342435327,2.775,-4.35323766726667));
#7927=CARTESIAN_POINT('',(-1.47552531758376,2.9034371351553,-4.35185290730097));
#7928=CARTESIAN_POINT('',(-1.58485996101813,3.18203228003918,-4.44427804094557));
#7929=CARTESIAN_POINT('',(-1.85184202265206,3.30960926749294,-4.66996911151705));
#7930=CARTESIAN_POINT('',(-1.98050584067372,3.30794175762103,-4.77873400251907));
#7931=CARTESIAN_POINT('',(-1.30268427892856,2.775,-4.40025506226716));
#7932=CARTESIAN_POINT('',(-1.30113337930578,2.9390749525629,-4.39894402213936));
#7933=CARTESIAN_POINT('',(-1.43710341298675,3.27170217747792,-4.51388516192705));
#7934=CARTESIAN_POINT('',(-1.73805460573399,3.41203950855995,-4.76829175563303));
#7935=CARTESIAN_POINT('',(-1.8846066420687,3.41083656744425,-4.89217830356202));
#7936=CARTESIAN_POINT('',(-1.10135120870269,2.775,-4.35521479773283));
#7937=CARTESIAN_POINT('',(-1.09995526729064,3.00239972154538,-4.35403475024274));
#7938=CARTESIAN_POINT('',(-1.28325367450339,3.43103644520385,-4.5089845378977));
#7939=CARTESIAN_POINT('',(-1.64456455077678,3.59404760625573,-4.81441568924998));
#7940=CARTESIAN_POINT('',(-1.82290212771365,3.5936701564665,-4.96517188019278));
#7941=CARTESIAN_POINT('',(-0.949372977640778,2.775,-4.21569330161416));
#7942=CARTESIAN_POINT('',(-0.948151744900436,3.0737956561168,-4.21466094265009));
#7943=CARTESIAN_POINT('',(-1.18481084358262,3.61067893164855,-4.41471874808896));
#7944=CARTESIAN_POINT('',(-1.61417464898676,3.79925385403779,-4.77767787842621));
#7945=CARTESIAN_POINT('',(-1.82834904639079,3.79980710996894,-4.95872842820199));
#7946=CARTESIAN_POINT('',(-0.888294055243263,2.775,-4.04562574780237));
#7947=CARTESIAN_POINT('',(-0.88720540932704,3.12797819970285,-4.04470547000995));
#7948=CARTESIAN_POINT('',(-1.16436006295475,3.74701003943675,-4.27899585681817));
#7949=CARTESIAN_POINT('',(-1.64536939721035,3.95498536075906,-4.68561310645145));
#7950=CARTESIAN_POINT('',(-1.88674044241517,3.95624493146237,-4.88965411678682));
#7951=CARTESIAN_POINT('',(-0.897605563526723,2.775,-3.89873245016315));
#7952=CARTESIAN_POINT('',(-0.89659126384876,3.15836031588871,-3.89787502034637));
#7953=CARTESIAN_POINT('',(-1.19645324300856,3.82345583327419,-4.15136085638361));
#7954=CARTESIAN_POINT('',(-1.70642209732717,4.04230966149975,-4.58245879601626));
#7955=CARTESIAN_POINT('',(-1.96304328877212,4.04396528849816,-4.79939139094066));
#7956=CARTESIAN_POINT('',(-0.936671022271947,2.775,-3.79785821573006));
#7957=CARTESIAN_POINT('',(-0.935686630883956,3.17058255015462,-3.79702606863805));
#7958=CARTESIAN_POINT('',(-1.24468340007971,3.8542087405177,-4.05823392363806));
#7959=CARTESIAN_POINT('',(-1.76630220123788,4.07743881623772,-4.49918004916841));
#7960=CARTESIAN_POINT('',(-2.02905828002235,4.07925377028207,-4.72129872020225));
#7961=CARTESIAN_POINT('',(-0.997150850819191,2.775,-3.70817035937072));
#7962=CARTESIAN_POINT('',(-0.996176386451096,3.17463929705748,-3.70734660400261));
#7963=CARTESIAN_POINT('',(-1.30820513248352,3.86441610183149,-3.97111751546427));
#7964=CARTESIAN_POINT('',(-1.83369072957536,4.08909872117676,-4.41533240485317));
#7965=CARTESIAN_POINT('',(-2.09848307150718,4.09096655830992,-4.63917241404314));
#7966=CARTESIAN_POINT('',(-1.29478120643103,2.775,-3.98492680327669));
#7967=CARTESIAN_POINT('',(-0.940240083905616,2.775,-3.79972261207568));
#7968=CARTESIAN_POINT('',(-1.29478120643103,-2.775,-3.98492680327669));
#7969=CARTESIAN_POINT('',(-1.29478120643103,-2.775,-3.98492680327669));
#7970=CARTESIAN_POINT('',(-0.940240083905617,-2.775,-3.79972261207568));
#7971=CARTESIAN_POINT('',(-1.57598667131223,-2.775,-4.85038823310528));
#7972=CARTESIAN_POINT('',(-1.57598667131223,-3.685,-4.85038823310528));
#7973=CARTESIAN_POINT('',(-1.30973135951097,-3.97069888495202,-4.93689982813615));
#7974=CARTESIAN_POINT('',(-2.58029190303081,-3.685,-7.94132191106453));
#7975=CARTESIAN_POINT('',(-2.58029190303081,-3.685,-7.94132191106453));
#7976=CARTESIAN_POINT('',(-2.31403659122954,-3.97069888495202,-8.0278335060954));
#7977=CARTESIAN_POINT('',(-2.58029190303081,-2.775,-7.94132191106453));
#7978=CARTESIAN_POINT('',(-2.86149736791201,-2.775,-8.80678334089312));
#7979=CARTESIAN_POINT('',(-2.68352786683489,-2.775,-9.16501072215587));
#7980=CARTESIAN_POINT('',(-2.86149736791201,2.775,-8.80678334089312));
#7981=CARTESIAN_POINT('',(-2.86149736791201,2.775,-8.80678334089312));
#7982=CARTESIAN_POINT('',(-2.68352786683489,2.775,-9.16501072215586));
#7983=CARTESIAN_POINT('',(-2.03492807165928,3.80011409855711,-8.2130544104762));
#7984=CARTESIAN_POINT('',(-2.1776890779831,3.80164002194112,-8.44338718768435));
#7985=CARTESIAN_POINT('',(-2.464302776321,3.58804250420512,-8.90581408438413));
#7986=CARTESIAN_POINT('',(-2.59201559135246,3.04951128074397,-9.11186788106682));
#7987=CARTESIAN_POINT('',(-2.59083929264167,2.775,-9.10997002285007));
#7988=CARTESIAN_POINT('',(-2.07433655107916,3.89784888121796,-8.18862890643867));
#7989=CARTESIAN_POINT('',(-2.22980619444611,3.89948081103653,-8.43946599179126));
#7990=CARTESIAN_POINT('',(-2.54263228942942,3.66706942475762,-8.94418436760073));
#7991=CARTESIAN_POINT('',(-2.68305220083357,3.07645442839412,-9.17073998668673));
#7992=CARTESIAN_POINT('',(-2.68173629999567,2.775,-9.16861689227652));
#7993=CARTESIAN_POINT('',(-2.13119977953096,3.98285566882039,-8.15338489203917));
#7994=CARTESIAN_POINT('',(-2.29772301835417,3.98457977627387,-8.4220560162875));
#7995=CARTESIAN_POINT('',(-2.63334785023897,3.73580479198459,-8.96355822069684));
#7996=CARTESIAN_POINT('',(-2.78482006225443,3.09988855920318,-9.20794578955605));
#7997=CARTESIAN_POINT('',(-2.78338270838502,2.775,-9.20562674097905));
#7998=CARTESIAN_POINT('',(-2.23460572669384,4.06570405380505,-8.08929354882795));
#7999=CARTESIAN_POINT('',(-2.41190205009729,4.06751697805509,-8.3753461314616));
#8000=CARTESIAN_POINT('',(-2.76974583531261,3.80280000512969,-8.95269673284615));
#8001=CARTESIAN_POINT('',(-2.93199182451207,3.12271849204928,-9.21446687754812));
#8002=CARTESIAN_POINT('',(-2.93043474825353,2.775,-9.21195466704902));
#8003=CARTESIAN_POINT('',(-2.38544235611977,4.09978805635572,-7.99580451410025));
#8004=CARTESIAN_POINT('',(-2.56717096277409,4.10163607285397,-8.28900820989034));
#8005=CARTESIAN_POINT('',(-2.93415439339377,3.83036921478048,-8.88110485406969));
#8006=CARTESIAN_POINT('',(-3.1008357229386,3.13209775064354,-9.15003104429081));
#8007=CARTESIAN_POINT('',(-3.09922747344863,2.775,-9.14743627012242));
#8008=CARTESIAN_POINT('',(-2.55329941526958,4.04009166212003,-7.89176616153383));
#8009=CARTESIAN_POINT('',(-2.7272658857003,4.0418729085399,-8.17244630877598));
#8010=CARTESIAN_POINT('',(-3.07823700030136,3.78210968741293,-8.73870843894432));
#8011=CARTESIAN_POINT('',(-3.23716100671701,3.11562268685404,-8.99511884613713));
#8012=CARTESIAN_POINT('',(-3.23563534553842,2.775,-8.99265732120547));
#8013=CARTESIAN_POINT('',(-2.67342468532839,3.88979147282555,-7.81731212747762));
#8014=CARTESIAN_POINT('',(-2.82784746635053,3.8914088433685,-8.06646018921347));
#8015=CARTESIAN_POINT('',(-3.13850742488698,3.66058342148318,-8.56768368755976));
#8016=CARTESIAN_POINT('',(-3.27789174945203,3.0741808136944,-8.79256847510123));
#8017=CARTESIAN_POINT('',(-3.27657963944621,2.775,-8.79045149687716));
#8018=CARTESIAN_POINT('',(-2.7145902952536,3.71569952463223,-7.79179754822368));
#8019=CARTESIAN_POINT('',(-2.84637545551286,3.71712887213424,-8.00442172858624));
#8020=CARTESIAN_POINT('',(-3.11034479180014,3.51981119523487,-8.4303138674167));
#8021=CARTESIAN_POINT('',(-3.22709270185481,3.02619504387788,-8.61867671977098));
#8022=CARTESIAN_POINT('',(-3.22603032563989,2.775,-8.61696266584047));
#8023=CARTESIAN_POINT('',(-2.69753278125346,3.56988590144289,-7.80236985101774));
#8024=CARTESIAN_POINT('',(-2.81035724276811,3.57115899425317,-7.98440255187123));
#8025=CARTESIAN_POINT('',(-3.03522115234627,3.4018989267328,-8.34720140094583));
#8026=CARTESIAN_POINT('',(-3.1330070232815,2.9860148040864,-8.50497061120992));
#8027=CARTESIAN_POINT('',(-3.13215544318236,2.775,-8.50359665893619));
#8028=CARTESIAN_POINT('',(-2.65812430183359,3.47215111878204,-7.82679535505527));
#8029=CARTESIAN_POINT('',(-2.75823978321076,3.47332053356695,-7.98832319421069));
#8030=CARTESIAN_POINT('',(-2.95689335470955,3.32286036413438,-8.30883388549735));
#8031=CARTESIAN_POINT('',(-3.0419673259513,2.95909261211888,-8.44609352360736));
#8032=CARTESIAN_POINT('',(-3.04125843582836,2.775,-8.44494978950973));
#8033=CARTESIAN_POINT('',(-2.60126107338179,3.38714433117962,-7.86203936945478));
#8034=CARTESIAN_POINT('',(-2.69032261620835,3.38822389673878,-8.00573261616081));
#8035=CARTESIAN_POINT('',(-2.86617950937174,3.25411335486153,-8.28946280016944));
#8036=CARTESIAN_POINT('',(-2.94019637668133,2.93567943699244,-8.40888273875535));
#8037=CARTESIAN_POINT('',(-2.93961202743901,2.775,-8.40793994080722));
#8038=CARTESIAN_POINT('',(-2.49785512621891,3.30429594619495,-7.92613071266599));
#8039=CARTESIAN_POINT('',(-2.57614344109086,3.30528766796759,-8.0524422696643));
#8040=CARTESIAN_POINT('',(-2.72978224117001,3.18711327666633,-8.30032544463214));
#8041=CARTESIAN_POINT('',(-2.79302332405423,2.91285826123649,-8.4023595688616));
#8042=CARTESIAN_POINT('',(-2.7925599875705,2.775,-8.40161201473723));
#8043=CARTESIAN_POINT('',(-2.34701849679297,3.27021194364428,-8.01961974739369));
#8044=CARTESIAN_POINT('',(-2.4208746483576,3.27116775917199,-8.13878038475433));
#8045=CARTESIAN_POINT('',(-2.5653730833711,3.15954813699908,-8.37191635581485));
#8046=CARTESIAN_POINT('',(-2.62418050511966,2.90347167667187,-8.46679714378765));
#8047=CARTESIAN_POINT('',(-2.62376726237539,2.775,-8.46613041166383));
#8048=CARTESIAN_POINT('',(-2.17916143764317,3.32990833787998,-8.12365809996012));
#8049=CARTESIAN_POINT('',(-2.26078009195658,3.33092843606359,-8.25534287722597));
#8050=CARTESIAN_POINT('',(-2.42128864383761,3.20782010147907,-8.51430981415378));
#8051=CARTESIAN_POINT('',(-2.48785852006786,2.91992435365896,-8.62171466415696));
#8052=CARTESIAN_POINT('',(-2.48735939028561,2.775,-8.62090936058078));
#8053=CARTESIAN_POINT('',(-2.05903616758436,3.48020852717445,-8.19811213401633));
#8054=CARTESIAN_POINT('',(-2.16019887783152,3.48139001381249,-8.36132958814579));
#8055=CARTESIAN_POINT('',(-2.36101638662612,3.32935880452128,-8.68533160875187));
#8056=CARTESIAN_POINT('',(-2.44713107605944,2.96134384001618,-8.8242703574085));
#8057=CARTESIAN_POINT('',(-2.44641509637781,2.775,-8.82311518490909));
#8058=CARTESIAN_POINT('',(-2.01787055765914,3.65430047536777,-8.22362671327027));
#8059=CARTESIAN_POINT('',(-2.14167100861275,3.65566917105004,-8.42336824229175));
#8060=CARTESIAN_POINT('',(-2.38917841999519,3.47013510075312,-8.82270046130119));
#8061=CARTESIAN_POINT('',(-2.49793120314863,3.00932228386236,-8.99816385440748));
#8062=CARTESIAN_POINT('',(-2.49696441018414,2.775,-8.99660401594578));
#8063=CARTESIAN_POINT('',(-2.03492807165928,3.80011409855711,-8.2130544104762));
#8064=CARTESIAN_POINT('',(-2.1776890779831,3.80164002194112,-8.44338718768435));
#8065=CARTESIAN_POINT('',(-2.464302776321,3.58804250420512,-8.90581408438413));
#8066=CARTESIAN_POINT('',(-2.59201559135246,3.04951128074397,-9.11186788106682));
#8067=CARTESIAN_POINT('',(-2.59083929264167,2.775,-9.10997002285007));
#8068=CARTESIAN_POINT('',(-2.07433655107916,3.89784888121796,-8.18862890643867));
#8069=CARTESIAN_POINT('',(-2.22980619444611,3.89948081103653,-8.43946599179126));
#8070=CARTESIAN_POINT('',(-2.54263228942942,3.66706942475762,-8.94418436760073));
#8071=CARTESIAN_POINT('',(-2.68305220083357,3.07645442839412,-9.17073998668673));
#8072=CARTESIAN_POINT('',(-2.68173629999567,2.775,-9.16861689227652));
#8073=CARTESIAN_POINT('',(-2.13119977953096,3.98285566882039,-8.15338489203917));
#8074=CARTESIAN_POINT('',(-2.29772301835417,3.98457977627387,-8.4220560162875));
#8075=CARTESIAN_POINT('',(-2.63334785023897,3.73580479198459,-8.96355822069684));
#8076=CARTESIAN_POINT('',(-2.78482006225443,3.09988855920318,-9.20794578955605));
#8077=CARTESIAN_POINT('',(-2.78338270838502,2.775,-9.20562674097905));
#8078=CARTESIAN_POINT('',(-2.36623042645637,3.685,-8.00771213074697));
#8079=CARTESIAN_POINT('',(-2.07724567591781,3.89572754870822,-8.18682582137834));
#8080=CARTESIAN_POINT('',(-0.545862884173937,3.685,-5.07070347305789));
#8081=CARTESIAN_POINT('',(-0.545862884173938,3.685,-5.07070347305789));
#8082=CARTESIAN_POINT('',(-0.256878133635379,3.89572754870822,-5.24981716368926));
#8083=CARTESIAN_POINT('',(0.391946634323833,2.775,-4.29749787750152));
#8084=CARTESIAN_POINT('',(0.392995875212501,3.07270771924941,-4.29580501630595));
#8085=CARTESIAN_POINT('',(0.229366896397565,3.61206867655596,-4.55980649747148));
#8086=CARTESIAN_POINT('',(-0.0674891081625618,3.79964830956208,-5.03875848668736));
#8087=CARTESIAN_POINT('',(-0.214560529376847,3.80011409855711,-5.27604575278712));
#8088=CARTESIAN_POINT('',(0.404026682838084,2.775,-4.19));
#8089=CARTESIAN_POINT('',(0.40504082615364,3.10643516041489,-4.18836376576228));
#8090=CARTESIAN_POINT('',(0.22392217664457,3.69735089619457,-4.48058334742438));
#8091=CARTESIAN_POINT('',(-0.0952306878609635,3.89694435726586,-4.99550942933191));
#8092=CARTESIAN_POINT('',(-0.253969008796724,3.89784888121796,-5.25162024874959));
#8093=CARTESIAN_POINT('',(0.391946634323833,2.775,-4.08250212249849));
#8094=CARTESIAN_POINT('',(0.392930250821182,3.13577027888012,-4.08091514069319));
#8095=CARTESIAN_POINT('',(0.196599609414694,3.77152681733248,-4.39767798126628));
#8096=CARTESIAN_POINT('',(-0.141946396263082,3.98156954633914,-4.94389325186769));
#8097=CARTESIAN_POINT('',(-0.310832237248525,3.98285566882039,-5.21637623435009));
#8098=CARTESIAN_POINT('',(0.332186779866586,2.775,-3.94799151000607));
#8099=CARTESIAN_POINT('',(0.333140644650472,3.16436055098338,-3.94645253006743));
#8100=CARTESIAN_POINT('',(0.12198425818707,3.84381934178084,-4.28713545302907));
#8101=CARTESIAN_POINT('',(-0.235462478493673,4.06404602194171,-4.86384545027385));
#8102=CARTESIAN_POINT('',(-0.414238184411403,4.06570405380505,-5.15228489113887));
#8103=CARTESIAN_POINT('',(0.199306246209824,2.775,-3.82553183747726));
#8104=CARTESIAN_POINT('',(0.200247871075241,3.1761226499968,-3.82401260560909));
#8105=CARTESIAN_POINT('',(-0.0170078585730542,3.87356064075909,-4.1745363015598));
#8106=CARTESIAN_POINT('',(-0.382230396361253,4.09797702017817,-4.76379189448381));
#8107=CARTESIAN_POINT('',(-0.565074813837337,4.09978805635572,-5.05879585641117));
#8108=CARTESIAN_POINT('',(8.68208770935658E-18,2.775,-3.77223408126137));
#8109=CARTESIAN_POINT('',(0.000963062459118629,3.1555219327336,-3.77068026165374));
#8110=CARTESIAN_POINT('',(-0.205609978300078,3.82147027061411,-4.10396834500097));
#8111=CARTESIAN_POINT('',(-0.557213596546213,4.03854860520482,-4.67125096616279));
#8112=CARTESIAN_POINT('',(-0.73293187298714,4.04009166212002,-4.95475750384475));
#8113=CARTESIAN_POINT('',(-0.199306246209824,2.775,-3.82553183747726));
#8114=CARTESIAN_POINT('',(-0.198289209395426,3.10365461739733,-3.82389093482455));
#8115=CARTESIAN_POINT('',(-0.377965983089211,3.69032009658022,-4.11378417213338));
#8116=CARTESIAN_POINT('',(-0.69528065957654,3.88892311886975,-4.62574449355659));
#8117=CARTESIAN_POINT('',(-0.85305714304595,3.88979147282555,-4.88030346978853));
#8118=CARTESIAN_POINT('',(-0.332186779866586,2.775,-3.94799151000607));
#8119=CARTESIAN_POINT('',(-0.331107224829775,3.04357696868089,-3.9462497395032));
#8120=CARTESIAN_POINT('',(-0.479630188574779,3.53840951409439,-4.18587894638174));
#8121=CARTESIAN_POINT('',(-0.757228157449837,3.71561267569784,-4.63375972815009));
#8122=CARTESIAN_POINT('',(-0.894222752971166,3.71569952463223,-4.85478889053459));
#8123=CARTESIAN_POINT('',(-0.391946634323833,2.775,-4.08250212249849));
#8124=CARTESIAN_POINT('',(-0.390814716104118,2.99325792909892,-4.08067586844054));
#8125=CARTESIAN_POINT('',(-0.513244285226763,3.41117426477393,-4.27820559588194));
#8126=CARTESIAN_POINT('',(-0.757576861312568,3.57045361511118,-4.67241548737448));
#8127=CARTESIAN_POINT('',(-0.877165238971028,3.56988590144289,-4.86536119332866));
#8128=CARTESIAN_POINT('',(-0.404026682838084,2.775,-4.19));
#8129=CARTESIAN_POINT('',(-0.402859667045257,2.95953048793342,-4.1881171189842));
#8130=CARTESIAN_POINT('',(-0.507799565473769,3.32589204513533,-4.35742874592904));
#8131=CARTESIAN_POINT('',(-0.729835281614165,3.47315756740739,-4.71566454472992));
#8132=CARTESIAN_POINT('',(-0.83775675955115,3.47215111878204,-4.88978669736619));
#8133=CARTESIAN_POINT('',(-0.391946634323833,2.775,-4.29749787750152));
#8134=CARTESIAN_POINT('',(-0.390749091712799,2.93019536946821,-4.2955657440533));
#8135=CARTESIAN_POINT('',(-0.480476998243893,3.25171612399741,-4.44033411208713));
#8136=CARTESIAN_POINT('',(-0.683119573212046,3.38853237833411,-4.76728072219416));
#8137=CARTESIAN_POINT('',(-0.780893531099351,3.38714433117962,-4.92503071176569));
#8138=CARTESIAN_POINT('',(-0.332186779866586,2.775,-4.43200848999394));
#8139=CARTESIAN_POINT('',(-0.330959485542088,2.90160509736495,-4.43002835467906));
#8140=CARTESIAN_POINT('',(-0.40586164701627,3.17942359954905,-4.55087664032435));
#8141=CARTESIAN_POINT('',(-0.589603490981454,3.30605590273155,-4.84732852378799));
#8142=CARTESIAN_POINT('',(-0.677487583936472,3.30429594619495,-4.98912205497691));
#8143=CARTESIAN_POINT('',(-0.199306246209824,2.775,-4.55446816252274));
#8144=CARTESIAN_POINT('',(-0.198066711966857,2.88984299835152,-4.55246827913739));
#8145=CARTESIAN_POINT('',(-0.266869530256145,3.14968230057081,-4.66347579179362));
#8146=CARTESIAN_POINT('',(-0.442835573113873,3.27212490449508,-4.94738207957803));
#8147=CARTESIAN_POINT('',(-0.526650954510539,3.27021194364428,-5.08261108970461));
#8148=CARTESIAN_POINT('',(-1.07996700774923E-17,2.775,-4.60776591873863));
#8149=CARTESIAN_POINT('',(0.00121809664926427,2.91044371561472,-4.60580062309275));
#8150=CARTESIAN_POINT('',(-0.0782674105291202,3.20177267071578,-4.73404374835245));
#8151=CARTESIAN_POINT('',(-0.267852372928915,3.33155331946843,-5.03992300789905));
#8152=CARTESIAN_POINT('',(-0.358793895360734,3.32990833787998,-5.18664944227103));
#8153=CARTESIAN_POINT('',(0.199306246209824,2.775,-4.55446816252274));
#8154=CARTESIAN_POINT('',(0.200470368503809,2.96231103095099,-4.55258994992194));
#8155=CARTESIAN_POINT('',(0.0940885942600131,3.33292284474968,-4.72422792122004));
#8156=CARTESIAN_POINT('',(-0.129785309898589,3.4811788058035,-5.08542948050525));
#8157=CARTESIAN_POINT('',(-0.238668625301925,3.48020852717445,-5.26110347632724));
#8158=CARTESIAN_POINT('',(0.332186779866586,2.775,-4.43200848999394));
#8159=CARTESIAN_POINT('',(0.333288383938157,3.02238867966743,-4.43023114524329));
#8160=CARTESIAN_POINT('',(0.195752799745582,3.48483342723551,-4.65213314697167));
#8161=CARTESIAN_POINT('',(-0.0678378120252932,3.65448924897541,-5.07741424591176));
#8162=CARTESIAN_POINT('',(-0.197503015376709,3.65430047536777,-5.28661805558118));
#8163=CARTESIAN_POINT('',(0.391946634323833,2.775,-4.29749787750152));
#8164=CARTESIAN_POINT('',(0.392995875212501,3.07270771924941,-4.29580501630595));
#8165=CARTESIAN_POINT('',(0.229366896397565,3.61206867655596,-4.55980649747148));
#8166=CARTESIAN_POINT('',(-0.0674891081625618,3.79964830956208,-5.03875848668736));
#8167=CARTESIAN_POINT('',(-0.214560529376847,3.80011409855711,-5.27604575278712));
#8168=CARTESIAN_POINT('',(0.404026682838084,2.775,-4.19));
#8169=CARTESIAN_POINT('',(0.40504082615364,3.10643516041489,-4.18836376576228));
#8170=CARTESIAN_POINT('',(0.22392217664457,3.69735089619457,-4.48058334742438));
#8171=CARTESIAN_POINT('',(-0.0952306878609635,3.89694435726586,-4.99550942933191));
#8172=CARTESIAN_POINT('',(-0.253969008796724,3.89784888121796,-5.25162024874959));
#8173=CARTESIAN_POINT('',(0.391946634323833,2.775,-4.08250212249849));
#8174=CARTESIAN_POINT('',(0.392930250821182,3.13577027888012,-4.08091514069319));
#8175=CARTESIAN_POINT('',(0.196599609414694,3.77152681733248,-4.39767798126628));
#8176=CARTESIAN_POINT('',(-0.141946396263082,3.98156954633914,-4.94389325186769));
#8177=CARTESIAN_POINT('',(-0.310832237248525,3.98285566882039,-5.21637623435009));
#8178=CARTESIAN_POINT('',(0.,2.775,-4.19));
#8179=CARTESIAN_POINT('',(0.4,2.775,-4.19));
#8180=CARTESIAN_POINT('',(0.,-2.775,-4.19));
#8181=CARTESIAN_POINT('',(0.,-2.775,-4.19));
#8182=CARTESIAN_POINT('',(0.4,-2.775,-4.19));
#8183=CARTESIAN_POINT('',(0.,-2.775,-5.1));
#8184=CARTESIAN_POINT('',(1.43602214372764,3.69888241681374,-5.08649984756892));
#8185=CARTESIAN_POINT('',(1.40429421005077,3.69888244133347,-5.21576265089098));
#8186=CARTESIAN_POINT('',(1.3634948050788,3.70877826081121,-5.34718725606102));
#8187=CARTESIAN_POINT('',(1.27026040275978,3.741597175564,-5.61541333634159));
#8188=CARTESIAN_POINT('',(1.21775835954967,3.76460192531473,-5.75218624978998));
#8189=CARTESIAN_POINT('',(1.05077957220574,3.84598695355416,-6.1685026914883));
#8190=CARTESIAN_POINT('',(0.926741734872516,3.91677949092299,-6.45436875254174));
#8191=CARTESIAN_POINT('',(0.696860312344996,4.05549839802601,-7.01752474273854));
#8192=CARTESIAN_POINT('',(0.591187226622375,4.12337399473489,-7.29497394280771));
#8193=CARTESIAN_POINT('',(0.479124034190226,4.19683014912053,-7.67540533214687));
#8194=CARTESIAN_POINT('',(0.44953158360148,4.21657580613679,-7.79612385139319));
#8195=CARTESIAN_POINT('',(0.409905946013113,4.24320563183472,-8.01813054475864));
#8196=CARTESIAN_POINT('',(0.399999991452228,4.25000000416432,-8.11926342106834));
#8197=CARTESIAN_POINT('',(0.4,4.25,-8.20678334089215));
#8198=CARTESIAN_POINT('',(1.46298659202283,2.89936436572694,-5.09311834547215));
#8199=CARTESIAN_POINT('',(1.42138515368689,2.89936441910593,-5.26260673222636));
#8200=CARTESIAN_POINT('',(1.3712550366441,2.91201734818144,-5.42241898710369));
#8201=CARTESIAN_POINT('',(1.26275410965754,2.95021125009866,-5.73457696574708));
#8202=CARTESIAN_POINT('',(1.20415575738694,2.97602717865611,-5.88683187679313));
#8203=CARTESIAN_POINT('',(1.0230852771988,3.06428360112526,-6.33830060506451));
#8204=CARTESIAN_POINT('',(0.895047252922633,3.13766365127357,-6.63318147597334));
#8205=CARTESIAN_POINT('',(0.665057954244361,3.27644834472419,-7.1966047425454));
#8206=CARTESIAN_POINT('',(0.563530763619692,3.34178015572707,-7.46533822474153));
#8207=CARTESIAN_POINT('',(0.462323429816013,3.40812464578654,-7.80893740867034));
#8208=CARTESIAN_POINT('',(0.437159279740162,3.42492926610846,-7.91320845591319));
#8209=CARTESIAN_POINT('',(0.405838894823361,3.44597883186104,-8.08869256833623));
#8210=CARTESIAN_POINT('',(0.399999956474383,3.45000002802182,-8.15953471019443));
#8211=CARTESIAN_POINT('',(0.4,3.45,-8.20678334089215));
#8212=CARTESIAN_POINT('',(0.686516491794579,2.8715995320995,-4.90253162645644));
#8213=CARTESIAN_POINT('',(0.652631017960666,2.87159956035934,-5.04058445963751));
#8214=CARTESIAN_POINT('',(0.609551478499996,2.88211708558604,-5.17912295144615));
#8215=CARTESIAN_POINT('',(0.511952179869709,2.91647001494314,-5.45991845828351));
#8216=CARTESIAN_POINT('',(0.457338945331499,2.9404170854538,-5.60214179954258));
#8217=CARTESIAN_POINT('',(0.284182269518911,3.02480967916141,-6.03388043793326));
#8218=CARTESIAN_POINT('',(0.156208079546799,3.09785468239011,-6.32877785541457));
#8219=CARTESIAN_POINT('',(-0.0821720154983287,3.24170153570891,-6.91275676909622));
#8220=CARTESIAN_POINT('',(-0.192494939478011,3.31253218171705,-7.20171087542832));
#8221=CARTESIAN_POINT('',(-0.312009848606464,3.39087058981539,-7.60746113880999));
#8222=CARTESIAN_POINT('',(-0.344170646661746,3.41232453825397,-7.73802234911396));
#8223=CARTESIAN_POINT('',(-0.38819712271681,3.44191130877244,-7.98469382827594));
#8224=CARTESIAN_POINT('',(-0.399999996229489,3.44999999577342,-8.10074378654538));
#8225=CARTESIAN_POINT('',(-0.4,3.45,-8.20678334089215));
#8226=CARTESIAN_POINT('',(0.659552043499388,3.67111758318631,-4.8959131285532));
#8227=CARTESIAN_POINT('',(0.635540074324481,3.67111758258678,-4.99374037830203));
#8228=CARTESIAN_POINT('',(0.601791246934688,3.67887799821584,-5.10389122040345));
#8229=CARTESIAN_POINT('',(0.519458472971961,3.70785594040844,-5.34075482887805));
#8230=CARTESIAN_POINT('',(0.470941547494227,3.72899183211242,-5.46749617253943));
#8231=CARTESIAN_POINT('',(0.311876564525858,3.80651303159031,-5.86408252435705));
#8232=CARTESIAN_POINT('',(0.187902561496682,3.87697052203946,-6.14996513198298));
#8233=CARTESIAN_POINT('',(-0.0503696573976931,4.0207515890108,-6.73367676928936));
#8234=CARTESIAN_POINT('',(-0.164838476475328,4.09412602072487,-7.03134659349444));
#8235=CARTESIAN_POINT('',(-0.295209244232251,4.17957609314938,-7.47392906228656));
#8236=CARTESIAN_POINT('',(-0.331798342800421,4.2039710782823,-7.62093774459395));
#8237=CARTESIAN_POINT('',(-0.384130071527065,4.23913810874612,-7.91413180469836));
#8238=CARTESIAN_POINT('',(-0.399999961251644,4.24999997191589,-8.06047249741925));
#8239=CARTESIAN_POINT('',(-0.4,4.25,-8.20678334089215));
#8240=CARTESIAN_POINT('',(0.632587595204197,4.47063563427311,-4.88929463064997));
#8241=CARTESIAN_POINT('',(0.618449130688296,4.47063560481422,-4.94689629696655));
#8242=CARTESIAN_POINT('',(0.594031015369379,4.47563891084564,-5.02865948936075));
#8243=CARTESIAN_POINT('',(0.526964766074212,4.49924186587375,-5.22159119947259));
#8244=CARTESIAN_POINT('',(0.484544149656955,4.51756657877105,-5.33285054553628));
#8245=CARTESIAN_POINT('',(0.339570859532805,4.58821638401922,-5.69428461078084));
#8246=CARTESIAN_POINT('',(0.219597043446565,4.65608636168882,-5.97115240855138));
#8247=CARTESIAN_POINT('',(-0.0185672992970571,4.79980164231269,-6.5545967694825));
#8248=CARTESIAN_POINT('',(-0.137182013472646,4.87571985973269,-6.86098231156056));
#8249=CARTESIAN_POINT('',(-0.278408639858037,4.96828159648337,-7.34039698576313));
#8250=CARTESIAN_POINT('',(-0.319426038939095,4.99561761831062,-7.50385314007395));
#8251=CARTESIAN_POINT('',(-0.38006302033732,5.03636490871979,-7.84356978112078));
#8252=CARTESIAN_POINT('',(-0.399999926273799,5.04999994805836,-8.02020120829311));
#8253=CARTESIAN_POINT('',(-0.4,5.05,-8.20678334089215));
#8254=CARTESIAN_POINT('',(1.40905769543244,4.49840046790055,-5.07988134966568));
#8255=CARTESIAN_POINT('',(1.38720326641466,4.49840046356101,-5.1689185695556));
#8256=CARTESIAN_POINT('',(1.35573457351351,4.50553917344098,-5.27195552501835));
#8257=CARTESIAN_POINT('',(1.27776669586201,4.53298310102933,-5.4962497069361));
#8258=CARTESIAN_POINT('',(1.2313609617124,4.55317667197336,-5.61754062278683));
#8259=CARTESIAN_POINT('',(1.07847386721269,4.62769030598307,-5.99870477791209));
#8260=CARTESIAN_POINT('',(0.958436216822399,4.69589533057241,-6.27555602911014));
#8261=CARTESIAN_POINT('',(0.728662670445632,4.83454845132783,-6.83844474293168));
#8262=CARTESIAN_POINT('',(0.618843689625058,4.90496783374271,-7.1246096608739));
#8263=CARTESIAN_POINT('',(0.49592463856444,4.98553565245452,-7.54187325562341));
#8264=CARTESIAN_POINT('',(0.461903887462798,5.00822234616511,-7.67903924687318));
#8265=CARTESIAN_POINT('',(0.413972997202866,5.04043243180839,-7.94756852118106));
#8266=CARTESIAN_POINT('',(0.400000026430073,5.04999998030681,-8.07899213194226));
#8267=CARTESIAN_POINT('',(0.4,5.05,-8.20678334089215));
#8268=CARTESIAN_POINT('',(1.43602214372764,3.69888241681374,-5.08649984756892));
#8269=CARTESIAN_POINT('',(1.40429421005077,3.69888244133347,-5.21576265089098));
#8270=CARTESIAN_POINT('',(1.3634948050788,3.70877826081121,-5.34718725606102));
#8271=CARTESIAN_POINT('',(1.27026040275978,3.741597175564,-5.61541333634159));
#8272=CARTESIAN_POINT('',(1.21775835954967,3.76460192531473,-5.75218624978998));
#8273=CARTESIAN_POINT('',(1.05077957220574,3.84598695355416,-6.1685026914883));
#8274=CARTESIAN_POINT('',(0.926741734872516,3.91677949092299,-6.45436875254174));
#8275=CARTESIAN_POINT('',(0.696860312344996,4.05549839802601,-7.01752474273854));
#8276=CARTESIAN_POINT('',(0.591187226622375,4.12337399473489,-7.29497394280771));
#8277=CARTESIAN_POINT('',(0.479124034190226,4.19683014912053,-7.67540533214687));
#8278=CARTESIAN_POINT('',(0.44953158360148,4.21657580613679,-7.79612385139319));
#8279=CARTESIAN_POINT('',(0.409905946013113,4.24320563183472,-8.01813054475864));
#8280=CARTESIAN_POINT('',(0.399999991452228,4.25000000416432,-8.11926342106834));
#8281=CARTESIAN_POINT('',(0.4,4.25,-8.20678334089215));
#8282=CARTESIAN_POINT('',(0.,4.25,-8.20678334089215));
#8283=CARTESIAN_POINT('',(0.4,4.25,-8.20678334089215));
#8284=CARTESIAN_POINT('',(0.,4.25,-21.2067833408922));
#8285=CARTESIAN_POINT('',(0.,4.25,-21.2067833408922));
#8286=CARTESIAN_POINT('',(0.4,4.25,-21.2067833408922));
#8287=CARTESIAN_POINT('',(0.,4.25,-21.2067833408922));
#8288=CARTESIAN_POINT('',(0.,0.,0.));
#8289=CARTESIAN_POINT('',(0.,0.,0.));
#8290=CARTESIAN_POINT('',(0.,-2.775,0.));
#8291=CARTESIAN_POINT('',(0.,-2.775,8.85));
#8292=CARTESIAN_POINT('',(0.,2.775,0.));
#8293=CARTESIAN_POINT('',(0.,2.775,-8.85));
#8294=CARTESIAN_POINT('',(-8.85,-3.275,0.));
#8295=CARTESIAN_POINT('',(0.,-3.275,0.));
#8296=CARTESIAN_POINT('',(0.,-3.275,8.35));
#8297=CARTESIAN_POINT('',(0.,-3.275,0.));
#8298=CARTESIAN_POINT('',(0.,-3.275,5.1));
#8299=CARTESIAN_POINT('',(0.,0.,0.));
#8300=CARTESIAN_POINT('',(0.,2.775,0.));
#8301=CARTESIAN_POINT('',(0.,2.775,-4.6));
#8302=CARTESIAN_POINT('',(0.,-2.775,0.));
#8303=CARTESIAN_POINT('',(0.,-2.775,4.6));
#8304=CARTESIAN_POINT('',(-4.6,3.275,0.));
#8305=CARTESIAN_POINT('',(0.,3.275,0.));
#8306=CARTESIAN_POINT('',(0.,3.275,-8.35));
#8307=CARTESIAN_POINT('',(0.,3.275,0.));
#8308=CARTESIAN_POINT('',(0.,3.275,-5.1));
#8309=CARTESIAN_POINT('',(0.,-2.775,0.));
#8310=CARTESIAN_POINT('',(0.,2.775,0.));
#8311=CARTESIAN_POINT('',(0.,2.775,0.));
#8312=CARTESIAN_POINT('',(0.,-2.775,0.));
#8313=CARTESIAN_POINT('',(-5.71764857681954E-15,1.8471335572201E-14,5.63785129692462E-15));
#8314=MECHANICAL_DESIGN_GEOMETRIC_PRESENTATION_REPRESENTATION('',(#1712,
#1713,#1714,#1715,#1716,#1717,#1718,#1719,#1720,#1721,#1722,#1723,#1724,
#1725,#1726,#1727,#1728,#1729,#1730,#1731,#1732,#1733,#1734,#1735,#1736,
#1737,#1738,#1739,#1740,#1741,#1742,#1743,#1744,#1745,#1746,#1747,#1748,
#1749,#1750,#1751,#1752,#1753,#1754,#1755,#1756,#1757,#1758,#1759,#1760,
#1761,#1762,#1763,#1764,#1765,#1766,#1767,#1768,#1769,#1770,#1771,#1772,
#1773,#1774,#1775,#1776,#1777,#1778,#1779,#1780,#1781,#1782,#1783,#1784,
#1785,#1786,#1787,#1788,#1789,#1790,#1791,#1792,#1793,#1794,#1795,#1796,
#1797,#1798,#1799,#1800,#1801,#1802,#1803,#1804,#1805,#1806,#1807,#1808,
#1809,#1810,#1811,#1812,#1813,#1814,#1815,#1816,#1817,#1818,#1819,#1820,
#1821,#1822,#1823,#1824,#1825,#1826,#1827,#1828,#1829,#1830,#1831,#1832,
#1833,#1834,#1835,#1836,#1837,#1838,#1839,#1840,#1841,#1842,#1843,#1844,
#1845,#1846,#1847,#1848,#1849,#1850,#1851,#1852,#1853,#1854,#1855,#1856,
#1857,#1858,#1859,#1860,#1861,#1862,#1863,#1864,#1865,#1866,#1867,#1868,
#1869,#1870,#1871,#1872,#1873,#1874,#1875,#1876,#1877,#1878,#1879,#1880),
#8315);
#8315=(
GEOMETRIC_REPRESENTATION_CONTEXT(3)
GLOBAL_UNCERTAINTY_ASSIGNED_CONTEXT((#8318))
GLOBAL_UNIT_ASSIGNED_CONTEXT((#8323,#8322,#8321))
REPRESENTATION_CONTEXT('744132','TOP_LEVEL_ASSEMBLY_PART')
);
#8316=(
GEOMETRIC_REPRESENTATION_CONTEXT(3)
GLOBAL_UNCERTAINTY_ASSIGNED_CONTEXT((#8319))
GLOBAL_UNIT_ASSIGNED_CONTEXT((#8323,#8322,#8321))
REPRESENTATION_CONTEXT('Turns','COMPONENT_PART')
);
#8317=(
GEOMETRIC_REPRESENTATION_CONTEXT(3)
GLOBAL_UNCERTAINTY_ASSIGNED_CONTEXT((#8320))
GLOBAL_UNIT_ASSIGNED_CONTEXT((#8323,#8322,#8321))
REPRESENTATION_CONTEXT('Core-T68A','COMPONENT_PART')
);
#8318=UNCERTAINTY_MEASURE_WITH_UNIT(LENGTH_MEASURE(0.005),#8323,
'DISTANCE_ACCURACY_VALUE','Maximum Tolerance applied to model');
#8319=UNCERTAINTY_MEASURE_WITH_UNIT(LENGTH_MEASURE(0.005),#8323,
'DISTANCE_ACCURACY_VALUE','Maximum Tolerance applied to model');
#8320=UNCERTAINTY_MEASURE_WITH_UNIT(LENGTH_MEASURE(0.005),#8323,
'DISTANCE_ACCURACY_VALUE','Maximum Tolerance applied to model');
#8321=(
NAMED_UNIT(*)
SI_UNIT($,.STERADIAN.)
SOLID_ANGLE_UNIT()
);
#8322=(
NAMED_UNIT(*)
PLANE_ANGLE_UNIT()
SI_UNIT($,.RADIAN.)
);
#8323=(
LENGTH_UNIT()
NAMED_UNIT(*)
SI_UNIT(.MILLI.,.METRE.)
);
#8324=PRODUCT_DEFINITION_SHAPE('','',#8329);
#8325=PRODUCT_DEFINITION_SHAPE('','',#8330);
#8326=PRODUCT_DEFINITION_SHAPE(' ','NAUO PRDDFN',#21);
#8327=PRODUCT_DEFINITION_SHAPE('','',#8331);
#8328=PRODUCT_DEFINITION_SHAPE(' ','NAUO PRDDFN',#22);
#8329=PRODUCT_DEFINITION('','',#8335,#8332);
#8330=PRODUCT_DEFINITION('','',#8336,#8333);
#8331=PRODUCT_DEFINITION('','',#8337,#8334);
#8332=PRODUCT_DEFINITION_CONTEXT('',#8351,'design');
#8333=PRODUCT_DEFINITION_CONTEXT('',#8351,'design');
#8334=PRODUCT_DEFINITION_CONTEXT('',#8351,'design');
#8335=PRODUCT_DEFINITION_FORMATION_WITH_SPECIFIED_SOURCE('','',#8341,
 .NOT_KNOWN.);
#8336=PRODUCT_DEFINITION_FORMATION_WITH_SPECIFIED_SOURCE('','',#8342,
 .NOT_KNOWN.);
#8337=PRODUCT_DEFINITION_FORMATION_WITH_SPECIFIED_SOURCE('','',#8343,
 .NOT_KNOWN.);
#8338=PRODUCT_RELATED_PRODUCT_CATEGORY('','',(#8341));
#8339=PRODUCT_RELATED_PRODUCT_CATEGORY('','',(#8342));
#8340=PRODUCT_RELATED_PRODUCT_CATEGORY('','',(#8343));
#8341=PRODUCT('744132','744132','744132',(#8347));
#8342=PRODUCT('Turns','Turns','Turns',(#8348));
#8343=PRODUCT('Core-T68A','Core-T68A','Core-T68A',(#8349));
#8344=PRODUCT_CATEGORY('','');
#8345=PRODUCT_CATEGORY('','');
#8346=PRODUCT_CATEGORY('','');
#8347=PRODUCT_CONTEXT('',#8351,'mechanical');
#8348=PRODUCT_CONTEXT('',#8351,'mechanical');
#8349=PRODUCT_CONTEXT('',#8351,'mechanical');
#8350=APPLICATION_PROTOCOL_DEFINITION('international standard',
'automotive_design',2010,#8351);
#8351=APPLICATION_CONTEXT(
'core data for automotive mechanical design processes');
ENDSEC;
END-ISO-10303-21;
